    1    1.2000    0.0100    1.2000   -40.00000000   -40.00000000   -40.00000000
    2    1.2000    0.0100    1.3000   -40.00000000   -40.00000000   -40.00000000
    3    1.2000    0.0100    1.4000   -40.00000000   -40.00000000   -40.00000000
    4    1.2000    0.0100    1.5000   -40.00000000   -40.00000000   -40.00000000
    5    1.2000    0.0100    1.6000   -40.00000000   -40.00000000   -40.00000000
    6    1.2000    0.0100    1.7000   -40.00000000   -40.00000000   -40.00000000
    7    1.2000    0.0100    1.7500   -40.00000000   -40.00000000   -40.00000000
    8    1.2000    0.0100    1.8000   -40.00000000   -40.00000000   -40.00000000
    9    1.2000    0.0100    1.8500   -40.00000000   -40.00000000   -40.00000000
   10    1.2000    0.0100    1.9000   -75.56739478   -75.32036778   -75.32014417
   11    1.2000    0.0100    2.0000   -75.66624189   -75.44759547   -75.44736216
   12    1.2000    0.0100    2.1500   -75.75358400   -75.57888808   -75.57863689
   13    1.2000    0.0100    2.3000   -75.79863270   -75.66690424   -75.66666526
   14    1.2000    0.0100    2.4000   -75.81512327   -75.71049637   -75.71026243
   15    1.2000    0.0100    2.6000   -75.82921876   -75.77398314   -75.77376439
   16    1.2000    0.0100    2.8000   -75.82933244   -75.81663171   -75.81642864
   17    1.2000    0.0100    3.0000   -75.84606241   -75.82278835   -75.84587363
   18    1.2000    0.0100    3.3000   -75.87464243   -75.80818311   -75.87446779
   19    1.2000    0.0100    3.6000   -75.89169622   -75.79273390   -75.89152503
   20    1.2000    0.0100    4.0000   -75.90425675   -75.77489329   -75.90407707
   21    1.2000    0.0100    4.5000   -75.91140954   -75.75958103   -75.91121442
   22    1.2000    0.0100    5.0000   -75.91420015   -75.75148393   -75.91398747
   23    1.2000    0.0100    6.0000   -75.91549138   -75.74632888   -75.91525737
   24    1.2000    0.0100    7.0000   -75.91555099   -75.74544589   -75.91531452
   25    1.2000    0.0100    8.0000   -75.91547902   -75.74523229   -75.91523963
   26    1.2000    0.0100   10.0000   -75.91535413   -75.74507511   -75.91508717
   27    1.2000    0.0100   12.0000   -75.91534077   -75.74506215   -75.91507428
   28    1.2000    0.0100   14.0000   -75.91533699   -75.74505869   -75.91507062
   29    1.2000    0.0100   16.0000   -75.91533570   -75.74505753   -75.91506936
    0    0.0000    0.0000    0.0000     0.00000000     0.00000000     0.00000000
   30    1.2000   10.0000    1.2000   -40.00000000   -40.00000000   -40.00000000
   31    1.2000   10.0000    1.3000   -40.00000000   -40.00000000   -40.00000000
   32    1.2000   10.0000    1.4000   -40.00000000   -40.00000000   -40.00000000
   33    1.2000   10.0000    1.5000   -40.00000000   -40.00000000   -40.00000000
   34    1.2000   10.0000    1.6000   -40.00000000   -40.00000000   -40.00000000
   35    1.2000   10.0000    1.7000   -40.00000000   -40.00000000   -40.00000000
   36    1.2000   10.0000    1.7500   -40.00000000   -40.00000000   -40.00000000
   37    1.2000   10.0000    1.8000   -40.00000000   -40.00000000   -40.00000000
   38    1.2000   10.0000    1.8500   -75.57586934   -75.30966752   -75.31473684
   39    1.2000   10.0000    1.9000   -75.62913778   -75.37581400   -75.38105855
   40    1.2000   10.0000    2.0000   -75.70807799   -75.48177855   -75.48746584
   41    1.2000   10.0000    2.1500   -75.77979632   -75.59502420   -75.60162895
   42    1.2000   10.0000    2.3000   -75.81794360   -75.67295421   -75.68089132
   43    1.2000   10.0000    2.4000   -75.83230732   -75.71165672   -75.72084171
   44    1.2000   10.0000    2.6000   -75.84656854   -75.76656636   -75.77991218
   45    1.2000   10.0000    2.8000   -75.85368401   -75.79767440   -75.82017807
   46    1.2000   10.0000    3.0000   -75.86380172   -75.80798964   -75.84824377
   47    1.2000   10.0000    3.3000   -75.88190441   -75.80188086   -75.87567466
   48    1.2000   10.0000    3.6000   -75.89535307   -75.78919557   -75.89214525
   49    1.2000   10.0000    4.0000   -75.90591360   -75.77296246   -75.90431795
   50    1.2000   10.0000    4.5000   -75.91206446   -75.75864403   -75.91127086
   51    1.2000   10.0000    5.0000   -75.91446080   -75.75105860   -75.91398827
   52    1.2000   10.0000    6.0000   -75.91552228   -75.74624469   -75.91524233
   53    1.2000   10.0000    7.0000   -75.91555501   -75.74543321   -75.91531091
   54    1.2000   10.0000    8.0000   -75.91547882   -75.74523006   -75.91523845
   55    1.2000   10.0000   10.0000   -75.91542365   -75.74515128   -75.91518229
   56    1.2000   10.0000   12.0000   -75.91541227   -75.74513716   -75.91516989
   57    1.2000   10.0000   14.0000   -75.91533697   -75.74505869   -75.91507061
   58    1.2000   10.0000   16.0000   -75.91533570   -75.74505753   -75.91506936
    0    0.0000    0.0000    0.0000     0.00000000     0.00000000     0.00000000
   59    1.2000   20.0000    1.2000   -40.00000000   -40.00000000   -40.00000000
   60    1.2000   20.0000    1.3000   -40.00000000   -40.00000000   -40.00000000
   61    1.2000   20.0000    1.4000   -40.00000000   -40.00000000   -40.00000000
   62    1.2000   20.0000    1.5000   -40.00000000   -40.00000000   -40.00000000
   63    1.2000   20.0000    1.6000   -40.00000000   -40.00000000   -40.00000000
   64    1.2000   20.0000    1.7000   -75.59822820   -75.28350957   -75.30295194
   65    1.2000   20.0000    1.7500   -75.64674876   -75.34173236   -75.36145257
   66    1.2000   20.0000    1.8000   -75.68797434   -75.39331930   -75.41341935
   67    1.2000   20.0000    1.8500   -75.72282062   -75.43910894   -75.45969260
   68    1.2000   20.0000    1.9000   -75.75214019   -75.47984899   -75.50101879
   69    1.2000   20.0000    2.0000   -75.79719462   -75.54868032   -75.57131832
   70    1.2000   20.0000    2.1500   -75.83986631   -75.62738478   -75.65293255
   71    1.2000   20.0000    2.3000   -75.86329541   -75.68443986   -75.71380192
   72    1.2000   20.0000    2.4000   -75.87232746   -75.71334628   -75.74585540
   73    1.2000   20.0000    2.6000   -75.88177961   -75.75425876   -75.79496270
   74    1.2000   20.0000    2.8000   -75.88653829   -75.77755245   -75.82960156
   75    1.2000   20.0000    3.0000   -75.89089268   -75.78774933   -75.85427930
   76    1.2000   20.0000    3.3000   -75.89814403   -75.78782935   -75.87880931
   77    1.2000   20.0000    3.6000   -75.90461111   -75.78000925   -75.89376058
   78    1.2000   20.0000    4.0000   -75.91035975   -75.76765054   -75.90494479
   79    1.2000   20.0000    4.5000   -75.91386831   -75.75604394   -75.91141663
   80    1.2000   20.0000    5.0000   -75.91518518   -75.74988612   -75.91398784
   81    1.2000   20.0000    6.0000   -75.91561620   -75.74602258   -75.91520556
   82    1.2000   20.0000    7.0000   -75.91556702   -75.74539872   -75.91530125
   83    1.2000   20.0000    8.0000   -75.91547845   -75.74522397   -75.91523545
   84    1.2000   20.0000   10.0000   -75.91542273   -75.74515096   -75.91518218
   85    1.2000   20.0000   12.0000   -75.91541203   -75.74513711   -75.91517001
   86    1.2000   20.0000   14.0000   -75.91540963   -75.74513302   -75.91516691
   87    1.2000   20.0000   16.0000   -75.91533567   -75.74505752   -75.91506934
    0    0.0000    0.0000    0.0000     0.00000000     0.00000000     0.00000000
   88    1.2000   30.0000    1.2000   -40.00000000   -40.00000000   -40.00000000
   89    1.2000   30.0000    1.3000   -40.00000000   -40.00000000   -40.00000000
   90    1.2000   30.0000    1.4000   -75.55500603   -75.17436138   -75.21831015
   91    1.2000   30.0000    1.5000   -75.65155139   -75.28269772   -75.32589301
   92    1.2000   30.0000    1.6000   -75.72802155   -75.37277813   -75.41568312
   93    1.2000   30.0000    1.7000   -75.78662530   -75.44699942   -75.49019671
   94    1.2000   30.0000    1.7500   -75.81011394   -75.47905378   -75.52265148
   95    1.2000   30.0000    1.8000   -75.83022785   -75.50820238   -75.55238266
   96    1.2000   30.0000    1.8500   -75.84733352   -75.53475793   -75.57970483
   97    1.2000   30.0000    1.9000   -75.86177882   -75.55899467   -75.60488679
   98    1.2000   30.0000    2.0000   -75.88395894   -75.60141397   -75.64968202
   99    1.2000   30.0000    2.1500   -75.90450062   -75.65247015   -75.70529106
  100    1.2000   30.0000    2.3000   -75.91485738   -75.69131385   -75.74962559
  101    1.2000   30.0000    2.4000   -75.91819661   -75.71158890   -75.77401179
  102    1.2000   30.0000    2.6000   -75.92013546   -75.74111210   -75.81277584
  103    1.2000   30.0000    2.8000   -75.91927505   -75.75893973   -75.84111902
  104    1.2000   30.0000    3.0000   -75.91792275   -75.76813911   -75.86181050
  105    1.2000   30.0000    3.3000   -75.91665541   -75.77135358   -75.88282210
  106    1.2000   30.0000    3.6000   -75.91629271   -75.76777761   -75.89582121
  107    1.2000   30.0000    4.0000   -75.91638927   -75.76012023   -75.90573677
  108    1.2000   30.0000    4.5000   -75.91640913   -75.75234061   -75.91159193
  109    1.2000   30.0000    5.0000   -75.91621994   -75.74824046   -75.91397746
  110    1.2000   30.0000    6.0000   -75.91575987   -75.74572422   -75.91515906
  111    1.2000   30.0000    7.0000   -75.91558557   -75.74535123   -75.91528805
  112    1.2000   30.0000    8.0000   -75.91547844   -75.74521572   -75.91523170
  113    1.2000   30.0000   10.0000   -75.91542159   -75.74515055   -75.91518214
  114    1.2000   30.0000   12.0000   -75.91541173   -75.74513700   -75.91517021
  115    1.2000   30.0000   14.0000   -75.91540962   -75.74513296   -75.91516711
  116    1.2000   30.0000   16.0000   -75.91533564   -75.74505752   -75.91506932
    0    0.0000    0.0000    0.0000     0.00000000     0.00000000     0.00000000
  117    1.2000   45.0000    1.2000   -75.62159566   -75.16873234   -75.27014451
  118    1.2000   45.0000    1.3000   -75.73421236   -75.29156768   -75.38993699
  119    1.2000   45.0000    1.4000   -75.81516711   -75.38349664   -75.47919167
  120    1.2000   45.0000    1.5000   -75.87309261   -75.45327760   -75.54678487
  121    1.2000   45.0000    1.6000   -75.91401772   -75.50706074   -75.59902302
  122    1.2000   45.0000    1.7000   -75.94230086   -75.54929075   -75.64054012
  123    1.2000   45.0000    1.7500   -75.95274413   -75.56711986   -75.65838440
  124    1.2000   45.0000    1.8000   -75.96116797   -75.58319077   -75.67474255
  125    1.2000   45.0000    1.8500   -75.96785450   -75.59776264   -75.68988130
  126    1.2000   45.0000    1.9000   -75.97305234   -75.61105096   -75.70401094
  127    1.2000   45.0000    2.0000   -75.97981235   -75.63443959   -75.72981997
  128    1.2000   45.0000    2.1500   -75.98328238   -75.66323611   -75.76355739
  129    1.2000   45.0000    2.3000   -75.98159529   -75.68610486   -75.79214472
  130    1.2000   45.0000    2.4000   -75.97872794   -75.69859026   -75.80857714
  131    1.2000   45.0000    2.6000   -75.97080937   -75.71795764   -75.83575818
  132    1.2000   45.0000    2.8000   -75.96183911   -75.73117858   -75.85645858
  133    1.2000   45.0000    3.0000   -75.95313276   -75.73968837   -75.87202485
  134    1.2000   45.0000    3.3000   -75.94189703   -75.74625781   -75.88828140
  135    1.2000   45.0000    3.6000   -75.93338279   -75.74825727   -75.89866007
  136    1.2000   45.0000    4.0000   -75.92582530   -75.74781656   -75.90681149
  137    1.2000   45.0000    4.5000   -75.92059207   -75.74647681   -75.91183468
  138    1.2000   45.0000    5.0000   -75.91800067   -75.74578319   -75.91399698
  139    1.2000   45.0000    6.0000   -75.91610053   -75.74540772   -75.91517455
  140    1.2000   45.0000    7.0000   -75.91561768   -75.74527931   -75.91526726
  141    1.2000   45.0000    8.0000   -75.91547931   -75.74520355   -75.91522667
  142    1.2000   45.0000   10.0000   -75.91542029   -75.74515002   -75.91518236
  143    1.2000   45.0000   12.0000   -75.91541151   -75.74513686   -75.91517073
  144    1.2000   45.0000   14.0000   -75.91540973   -75.74513283   -75.91516756
  145    1.2000   45.0000   16.0000   -75.91533558   -75.74505752   -75.91506928
    0    0.0000    0.0000    0.0000     0.00000000     0.00000000     0.00000000
  146    1.2000   60.0000    1.2000   -75.75165864   -75.23234967   -75.40078501
  147    1.2000   60.0000    1.3000   -75.85598750   -75.34987503   -75.51161063
  148    1.2000   60.0000    1.4000   -75.92725609   -75.43407098   -75.59013357
  149    1.2000   60.0000    1.5000   -75.97518078   -75.49534171   -75.64626910
  150    1.2000   60.0000    1.6000   -76.00650400   -75.54047155   -75.68699718
  151    1.2000   60.0000    1.7000   -76.02597071   -75.57418821   -75.71733397
  152    1.2000   60.0000    1.7500   -76.03235584   -75.58784984   -75.72978514
  153    1.2000   60.0000    1.8000   -76.03696322   -75.59982348   -75.74091332
  154    1.2000   60.0000    1.8500   -76.04006847   -75.61037556   -75.75100902
  155    1.2000   60.0000    1.9000   -76.04190570   -75.61972808   -75.76030677
  156    1.2000   60.0000    2.0000   -76.04254702   -75.63555055   -75.77718675
  157    1.2000   60.0000    2.1500   -76.03814862   -75.65414063   -75.79958914
  158    1.2000   60.0000    2.3000   -76.02983735   -75.66886790   -75.81925714
  159    1.2000   60.0000    2.4000   -76.02307257   -75.67732931   -75.83093543
  160    1.2000   60.0000    2.6000   -76.00824837   -75.69212205   -75.85088984
  161    1.2000   60.0000    2.8000   -75.99322491   -75.70456915   -75.86662203
  162    1.2000   60.0000    3.0000   -75.97910649   -75.71465115   -75.87877542
  163    1.2000   60.0000    3.3000   -75.96081156   -75.72571296   -75.89182646
  164    1.2000   60.0000    3.6000   -75.94652554   -75.73296739   -75.90042264
  165    1.2000   60.0000    4.0000   -75.93333905   -75.73875241   -75.90740614
  166    1.2000   60.0000    4.5000   -75.92398215   -75.74243832   -75.91190063
  167    1.2000   60.0000    5.0000   -75.91941797   -75.74412656   -75.91393242
  168    1.2000   60.0000    6.0000   -75.91631321   -75.74513726   -75.91512480
  169    1.2000   60.0000    7.0000   -75.91564255   -75.74523239   -75.91525086
  170    1.2000   60.0000    8.0000   -75.91548057   -75.74519595   -75.91522376
  171    1.2000   60.0000   10.0000   -75.91542010   -75.74514966   -75.91518304
  172    1.2000   60.0000   12.0000   -75.91541181   -75.74513671   -75.91517151
  173    1.2000   60.0000   14.0000   -75.91541011   -75.74513262   -75.91516815
  174    1.2000   60.0000   16.0000   -75.91533553   -75.74505752   -75.91506925
    0    0.0000    0.0000    0.0000     0.00000000     0.00000000     0.00000000
  175    1.2000   70.0000    1.2000   -75.80226519   -75.30543037   -75.45126423
  176    1.2000   70.0000    1.3000   -75.90394748   -75.41294582   -75.55905114
  177    1.2000   70.0000    1.4000   -75.97231879   -75.48803787   -75.63408514
  178    1.2000   70.0000    1.5000   -76.01727609   -75.54077520   -75.68645437
  179    1.2000   70.0000    1.6000   -76.04568006   -75.57815116   -75.72324775
  180    1.2000   70.0000    1.7000   -76.06234236   -75.60501667   -75.74954430
  181    1.2000   70.0000    1.7500   -76.06737759   -75.61559325   -75.75995406
  182    1.2000   70.0000    1.8000   -76.07067152   -75.62469569   -75.76904031
  183    1.2000   70.0000    1.8500   -76.07250119   -75.63257366   -75.77710765
  184    1.2000   70.0000    1.9000   -76.07310185   -75.63943138   -75.78440869
  185    1.2000   70.0000    2.0000   -76.07138821   -75.65072753   -75.79747488
  186    1.2000   70.0000    2.1500   -76.06373322   -75.66337010   -75.81489430
  187    1.2000   70.0000    2.3000   -76.05245939   -75.67284503   -75.83060208
  188    1.2000   70.0000    2.4000   -76.04386931   -75.67816164   -75.84017387
  189    1.2000   70.0000    2.6000   -76.02570461   -75.68882981   -75.85697090
  190    1.2000   70.0000    2.8000   -76.00771367   -75.70053159   -75.87058762
  191    1.2000   70.0000    3.0000   -75.99097283   -75.71087121   -75.88132693
  192    1.2000   70.0000    3.3000   -75.96934109   -75.72268319   -75.89309190
  193    1.2000   70.0000    3.6000   -75.95239758   -75.73076014   -75.90100339
  194    1.2000   70.0000    4.0000   -75.93666174   -75.73747745   -75.90756560
  195    1.2000   70.0000    4.5000   -75.92545364   -75.74187620   -75.91188789
  196    1.2000   70.0000    5.0000   -75.92001692   -75.74388976   -75.91388870
  197    1.2000   70.0000    6.0000   -75.91639638   -75.74509197   -75.91510193
  198    1.2000   70.0000    7.0000   -75.91565114   -75.74522229   -75.91524417
  199    1.2000   70.0000    8.0000   -75.91548127   -75.74519419   -75.91522316
  200    1.2000   70.0000   10.0000   -75.91542069   -75.74514950   -75.91518377
  201    1.2000   70.0000   12.0000   -75.91541231   -75.74513653   -75.91517212
  202    1.2000   70.0000   14.0000   -75.91541052   -75.74513242   -75.91516860
  203    1.2000   70.0000   16.0000   -75.91533550   -75.74505752   -75.91506923
    0    0.0000    0.0000    0.0000     0.00000000     0.00000000     0.00000000
  204    1.2000   80.0000    1.2000   -75.83777442   -75.35751320   -75.48646128
  205    1.2000   80.0000    1.3000   -75.93766131   -75.46306898   -75.59205316
  206    1.2000   80.0000    1.4000   -76.00411393   -75.53582400   -75.66467797
  207    1.2000   80.0000    1.5000   -76.04710716   -75.58588763   -75.71446552
  208    1.2000   80.0000    1.6000   -76.07355210   -75.62029100   -75.74852859
  209    1.2000   80.0000    1.7000   -76.08829420   -75.64397693   -75.77197048
  210    1.2000   80.0000    1.7500   -76.09239066   -75.65293720   -75.78091617
  211    1.2000   80.0000    1.8000   -76.09476244   -75.66043790   -75.78852220
  212    1.2000   80.0000    1.8500   -76.09568757   -75.66675706   -75.79510327
  213    1.2000   80.0000    1.9000   -76.09540143   -75.67212559   -75.80092672
  214    1.2000   80.0000    2.0000   -76.09195729   -75.68072275   -75.81116749
  215    1.2000   80.0000    2.1500   -76.08182374   -75.69005574   -75.82491676
  216    1.2000   80.0000    2.3000   -76.06828135   -75.69749507   -75.83773922
  217    1.2000   80.0000    2.4000   -76.05827939   -75.70193784   -75.84582359
  218    1.2000   80.0000    2.6000   -76.03754324   -75.71016044   -75.86048238
  219    1.2000   80.0000    2.8000   -76.01730610   -75.71761444   -75.87275005
  220    1.2000   80.0000    3.0000   -75.99861895   -75.72412695   -75.88263818
  221    1.2000   80.0000    3.3000   -75.97459511   -75.73176836   -75.89368012
  222    1.2000   80.0000    3.6000   -75.95584125   -75.73692681   -75.90123840
  223    1.2000   80.0000    4.0000   -75.93847731   -75.74091409   -75.90760354
  224    1.2000   80.0000    4.5000   -75.92618471   -75.74331392   -75.91185843
  225    1.2000   80.0000    5.0000   -75.92028543   -75.74443145   -75.91385568
  226    1.2000   80.0000    6.0000   -75.91642451   -75.74515920   -75.91508880
  227    1.2000   80.0000    7.0000   -75.91565257   -75.74522908   -75.91524104
  228    1.2000   80.0000    8.0000   -75.91548174   -75.74519467   -75.91522343
  229    1.2000   80.0000   10.0000   -75.91542171   -75.74514922   -75.91518462
  230    1.2000   80.0000   12.0000   -75.91541304   -75.74513623   -75.91517277
  231    1.2000   80.0000   14.0000   -75.91541103   -75.74513210   -75.91516904
  232    1.2000   80.0000   16.0000   -75.91533548   -75.74505753   -75.91506923
    0    0.0000    0.0000    0.0000     0.00000000     0.00000000     0.00000000
  233    1.2000   90.0000    1.2000   -75.86236870   -75.39910713   -75.51058042
  234    1.2000   90.0000    1.3000   -75.96090881   -75.50320260   -75.61456751
  235    1.2000   90.0000    1.4000   -76.02593607   -75.57426525   -75.68542682
  236    1.2000   90.0000    1.5000   -76.06746517   -75.62243741   -75.73331833
  237    1.2000   90.0000    1.6000   -76.09243694   -75.65478611   -75.76537474
  238    1.2000   90.0000    1.7000   -76.10571868   -75.67630071   -75.78671742
  239    1.2000   90.0000    1.7500   -76.10909493   -75.68415243   -75.79458731
  240    1.2000   90.0000    1.8000   -76.11075542   -75.69054581   -75.80110758
  241    1.2000   90.0000    1.8500   -76.11097965   -75.69577155   -75.80660140
  242    1.2000   90.0000    1.9000   -76.11000469   -75.70007492   -75.81134542
  243    1.2000   90.0000    2.0000   -76.10523213   -75.70670033   -75.81947571
  244    1.2000   90.0000    2.1500   -76.09323120   -75.71379094   -75.83047919
  245    1.2000   90.0000    2.3000   -76.07793394   -75.71938657   -75.84145243
  246    1.2000   90.0000    2.4000   -76.06685134   -75.72279269   -75.84861112
  247    1.2000   90.0000    2.6000   -76.04417454   -75.72939661   -75.86199492
  248    1.2000   90.0000    2.8000   -76.02229052   -75.73531889   -75.87355285
  249    1.2000   90.0000    3.0000   -76.00224120   -75.74016827   -75.88304858
  250    1.2000   90.0000    3.3000   -75.97667100   -75.74513612   -75.89381110
  251    1.2000   90.0000    3.6000   -75.95688872   -75.74748596   -75.90126174
  252    1.2000   90.0000    4.0000   -75.93877755   -75.74775978   -75.90758366
  253    1.2000   90.0000    4.5000   -75.92616501   -75.74651063   -75.91183536
  254    1.2000   90.0000    5.0000   -75.92022023   -75.74568649   -75.91384018
  255    1.2000   90.0000    6.0000   -75.91639826   -75.74532592   -75.91508507
  256    1.2000   90.0000    7.0000   -75.91564698   -75.74524974   -75.91524079
  257    1.2000   90.0000    8.0000   -75.91548185   -75.74519658   -75.91522428
  258    1.2000   90.0000   10.0000   -75.91542301   -75.74514865   -75.91518545
  259    1.2000   90.0000   12.0000   -75.91541391   -75.74513573   -75.91517337
  260    1.2000   90.0000   14.0000   -75.91541164   -75.74513169   -75.91516947
  261    1.2000   90.0000   16.0000   -75.91533547   -75.74505753   -75.91506923
    0    0.0000    0.0000    0.0000     0.00000000     0.00000000     0.00000000
  262    1.2000  100.0000    1.2000   -75.87817566   -75.43210424   -75.52576232
  263    1.2000  100.0000    1.3000   -75.97564771   -75.53503344   -75.62851654
  264    1.2000  100.0000    1.4000   -76.03954959   -75.60478045   -75.69803733
  265    1.2000  100.0000    1.5000   -76.07992235   -75.65150746   -75.74450638
  266    1.2000  100.0000    1.6000   -76.10372864   -75.68231176   -75.77507410
  267    1.2000  100.0000    1.7000   -76.11585327   -75.70222467   -75.79488165
  268    1.2000  100.0000    1.7500   -76.11865879   -75.70927057   -75.80197580
  269    1.2000  100.0000    1.8000   -76.11975599   -75.71486642   -75.80772252
  270    1.2000  100.0000    1.8500   -76.11942593   -75.71931359   -75.81245281
  271    1.2000  100.0000    1.9000   -76.11790698   -75.72286784   -75.81645351
  272    1.2000  100.0000    2.0000   -76.11208269   -75.72813046   -75.82320117
  273    1.2000  100.0000    2.1500   -76.09860905   -75.73364240   -75.83253976
  274    1.2000  100.0000    2.3000   -76.08198436   -75.73830753   -75.84242134
  275    1.2000  100.0000    2.4000   -76.07010380   -75.74135335   -75.84916531
  276    1.2000  100.0000    2.6000   -76.04603489   -75.74728805   -75.86208164
  277    1.2000  100.0000    2.8000   -76.02301963   -75.75244911   -75.87343873
  278    1.2000  100.0000    3.0000   -76.00209933   -75.75636034   -75.88288486
  279    1.2000  100.0000    3.3000   -75.97572290   -75.75953434   -75.89368693
  280    1.2000  100.0000    3.6000   -75.95563436   -75.75959942   -75.90119056
  281    1.2000  100.0000    4.0000   -75.93762630   -75.75633940   -75.90755930
  282    1.2000  100.0000    4.5000   -75.92543926   -75.75092883   -75.91183555
  283    1.2000  100.0000    5.0000   -75.91984745   -75.74750132   -75.91384564
  284    1.2000  100.0000    6.0000   -75.91632303   -75.74556923   -75.91508895
  285    1.2000  100.0000    7.0000   -75.91563495   -75.74528004   -75.91524236
  286    1.2000  100.0000    8.0000   -75.91548150   -75.74519904   -75.91522527
  287    1.2000  100.0000   10.0000   -75.91542440   -75.74514761   -75.91518610
  288    1.2000  100.0000   12.0000   -75.91541486   -75.74513502   -75.91517386
  289    1.2000  100.0000   14.0000   -75.91541227   -75.74513113   -75.91516981
  290    1.2000  100.0000   16.0000   -75.91533548   -75.74505753   -75.91506923
    0    0.0000    0.0000    0.0000     0.00000000     0.00000000     0.00000000
  291    1.2000  105.0000    1.2000   -75.88325382   -75.44573687   -75.53047448
  292    1.2000  105.0000    1.3000   -75.98027082   -75.54817095   -75.63272314
  293    1.2000  105.0000    1.4000   -76.04369345   -75.61736500   -75.70170120
  294    1.2000  105.0000    1.5000   -76.08357453   -75.66349898   -75.74760105
  295    1.2000  105.0000    1.6000   -76.10688576   -75.69368228   -75.77758315
  296    1.2000  105.0000    1.7000   -76.11851988   -75.71296919   -75.79680094
  297    1.2000  105.0000    1.7500   -76.12108387   -75.71970631   -75.80360426
  298    1.2000  105.0000    1.8000   -76.12194314   -75.72500280   -75.80906706
  299    1.2000  105.0000    1.8500   -76.12137947   -75.72916471   -75.81352448
  300    1.2000  105.0000    1.9000   -76.11963192   -75.73245376   -75.81726805
  301    1.2000  105.0000    2.0000   -76.11336771   -75.73726526   -75.82356817
  302    1.2000  105.0000    2.1500   -76.09928464   -75.74234747   -75.83244905
  303    1.2000  105.0000    2.3000   -76.08211873   -75.74685965   -75.84211118
  304    1.2000  105.0000    2.4000   -76.06991751   -75.74990103   -75.84880322
  305    1.2000  105.0000    2.6000   -76.04530887   -75.75585405   -75.86173942
  306    1.2000  105.0000    2.8000   -76.02189601   -75.76091040   -75.87316478
  307    1.2000  105.0000    3.0000   -76.00070611   -75.76450191   -75.88267721
  308    1.2000  105.0000    3.3000   -75.97417020   -75.76692031   -75.89357999
  309    1.2000  105.0000    3.6000   -75.95418672   -75.76591915   -75.90114841
  310    1.2000  105.0000    4.0000   -75.93654312   -75.76093754   -75.90755738
  311    1.2000  105.0000    4.5000   -75.92483846   -75.75341304   -75.91184739
  312    1.2000  105.0000    5.0000   -75.91956052   -75.74855506   -75.91385635
  313    1.2000  105.0000    6.0000   -75.91626980   -75.74571105   -75.91509302
  314    1.2000  105.0000    7.0000   -75.91562684   -75.74529738   -75.91524347
  315    1.2000  105.0000    8.0000   -75.91548112   -75.74520023   -75.91522572
  316    1.2000  105.0000   10.0000   -75.91542512   -75.74514691   -75.91518633
  317    1.2000  105.0000   12.0000   -75.91541532   -75.74513455   -75.91517405
  318    1.2000  105.0000   14.0000   -75.91541258   -75.74513079   -75.91516994
  319    1.2000  105.0000   16.0000   -75.91533548   -75.74505753   -75.91506924
    0    0.0000    0.0000    0.0000     0.00000000     0.00000000     0.00000000
  320    1.2000  110.0000    1.2000   -75.88667698   -75.45761046   -75.53349758
  321    1.2000  110.0000    1.3000   -75.98328326   -75.55960120   -75.63530413
  322    1.2000  110.0000    1.4000   -76.04627341   -75.62830878   -75.70381157
  323    1.2000  110.0000    1.5000   -76.08571085   -75.67392574   -75.74922372
  324    1.2000  110.0000    1.6000   -76.10857582   -75.70357702   -75.77871238
  325    1.2000  110.0000    1.7000   -76.11976805   -75.72233533   -75.79744554
  326    1.2000  110.0000    1.7500   -76.12211489   -75.72882097   -75.80401633
  327    1.2000  110.0000    1.8000   -76.12276047   -75.73387974   -75.80925786
  328    1.2000  110.0000    1.8500   -76.12198726   -75.73782284   -75.81350963
  329    1.2000  110.0000    1.9000   -76.12003494   -75.74091736   -75.81706788
  330    1.2000  110.0000    2.0000   -76.11337778   -75.74543201   -75.82307572
  331    1.2000  110.0000    2.1500   -76.09875379   -75.75033406   -75.83173846
  332    1.2000  110.0000    2.3000   -76.08111308   -75.75492978   -75.84138139
  333    1.2000  110.0000    2.4000   -76.06863374   -75.75809092   -75.84812387
  334    1.2000  110.0000    2.6000   -76.04356759   -75.76424511   -75.86121752
  335    1.2000  110.0000    2.8000   -76.01983771   -75.76932222   -75.87279705
  336    1.2000  110.0000    3.0000   -75.99847899   -75.77270812   -75.88242729
  337    1.2000  110.0000    3.3000   -75.97193167   -75.77440903   -75.89346316
  338    1.2000  110.0000    3.6000   -75.95222094   -75.77234730   -75.90111232
  339    1.2000  110.0000    4.0000   -75.93514888   -75.76563291   -75.90756606
  340    1.2000  110.0000    4.5000   -75.92409880   -75.75599459   -75.91186757
  341    1.2000  110.0000    5.0000   -75.91921709   -75.74967051   -75.91387205
  342    1.2000  110.0000    6.0000   -75.91620806   -75.74586154   -75.91509812
  343    1.2000  110.0000    7.0000   -75.91561757   -75.74531548   -75.91524464
  344    1.2000  110.0000    8.0000   -75.91548061   -75.74520129   -75.91522607
  345    1.2000  110.0000   10.0000   -75.91542583   -75.74514611   -75.91518651
  346    1.2000  110.0000   12.0000   -75.91541581   -75.74513405   -75.91517421
  347    1.2000  110.0000   14.0000   -75.91541289   -75.74513044   -75.91517006
  348    1.2000  110.0000   16.0000   -75.91533549   -75.74505753   -75.91506924
    0    0.0000    0.0000    0.0000     0.00000000     0.00000000     0.00000000
  349    1.2000  120.0000    1.2000   -75.88926021   -75.47652230   -75.53518874
  350    1.2000  120.0000    1.3000   -75.98516033   -75.57776892   -75.63627619
  351    1.2000  120.0000    1.4000   -76.04740478   -75.64567496   -75.70402919
  352    1.2000  120.0000    1.5000   -76.08607659   -75.69046119   -75.74867723
  353    1.2000  120.0000    1.6000   -76.10817132   -75.71928796   -75.77741977
  354    1.2000  120.0000    1.7000   -76.11860131   -75.73727783   -75.79546232
  355    1.2000  120.0000    1.7500   -76.12057350   -75.74342156   -75.80172516
  356    1.2000  120.0000    1.8000   -76.12085048   -75.74818062   -75.80669512
  357    1.2000  120.0000    1.8500   -76.11971593   -75.75187786   -75.81072155
  358    1.2000  120.0000    1.9000   -76.11741071   -75.75479170   -75.81411015
  359    1.2000  120.0000    2.0000   -76.11007725   -75.75917575   -75.81997328
  360    1.2000  120.0000    2.1500   -76.09452721   -75.76446774   -75.82886586
  361    1.2000  120.0000    2.3000   -76.07608123   -75.76989350   -75.83900420
  362    1.2000  120.0000    2.4000   -76.06313691   -75.77364610   -75.84610261
  363    1.2000  120.0000    2.6000   -76.03733396   -75.78070541   -75.85984130
  364    1.2000  120.0000    2.8000   -76.01315212   -75.78614146   -75.87190992
  365    1.2000  120.0000    3.0000   -75.99166235   -75.78932327   -75.88188603
  366    1.2000  120.0000    3.3000   -75.96551097   -75.78968200   -75.89323757
  367    1.2000  120.0000    3.6000   -75.94684177   -75.78542172   -75.90107591
  368    1.2000  120.0000    4.0000   -75.93153481   -75.77510324   -75.90761926
  369    1.2000  120.0000    4.5000   -75.92227786   -75.76123976   -75.91193132
  370    1.2000  120.0000    5.0000   -75.91839881   -75.75198282   -75.91391640
  371    1.2000  120.0000    6.0000   -75.91606577   -75.74617459   -75.91511048
  372    1.2000  120.0000    7.0000   -75.91559640   -75.74535208   -75.91524683
  373    1.2000  120.0000    8.0000   -75.91547919   -75.74520279   -75.91522637
  374    1.2000  120.0000   10.0000   -75.91542720   -75.74514419   -75.91518667
  375    1.2000  120.0000   12.0000   -75.91541674   -75.74513291   -75.91517441
  376    1.2000  120.0000   14.0000   -75.91541350   -75.74512967   -75.91517022
  377    1.2000  120.0000   16.0000   -75.91533551   -75.74505752   -75.91506925
    0    0.0000    0.0000    0.0000     0.00000000     0.00000000     0.00000000
  378    1.2000  130.0000    1.2000   -75.88739162   -75.48976039   -75.53233931
  379    1.2000  130.0000    1.3000   -75.98271719   -75.59043153   -75.63289305
  380    1.2000  130.0000    1.4000   -76.04434893   -75.65773747   -75.70009819
  381    1.2000  130.0000    1.5000   -76.08238651   -75.70192990   -75.74421331
  382    1.2000  130.0000    1.6000   -76.10383935   -75.73021070   -75.77247425
  383    1.2000  130.0000    1.7000   -76.11363056   -75.74776767   -75.79013822
  384    1.2000  130.0000    1.7500   -76.11528731   -75.75376483   -75.79627287
  385    1.2000  130.0000    1.8000   -76.11525289   -75.75844162   -75.80117007
  386    1.2000  130.0000    1.8500   -76.11381201   -75.76213485   -75.80519059
  387    1.2000  130.0000    1.9000   -76.11120657   -75.76513508   -75.80864941
  388    1.2000  130.0000    2.0000   -76.10329490   -75.76998766   -75.81488860
  389    1.2000  130.0000    2.1500   -76.08694625   -75.77660799   -75.82475804
  390    1.2000  130.0000    2.3000   -76.06779753   -75.78363578   -75.83592992
  391    1.2000  130.0000    2.4000   -76.05444551   -75.78836897   -75.84362540
  392    1.2000  130.0000    2.6000   -76.02800566   -75.79689542   -75.85829289
  393    1.2000  130.0000    2.8000   -76.00348127   -75.80306446   -75.87098584
  394    1.2000  130.0000    3.0000   -75.98201975   -75.80626376   -75.88137351
  395    1.2000  130.0000    3.3000   -75.95671978   -75.80535515   -75.89305770
  396    1.2000  130.0000    3.6000   -75.93975205   -75.79864710   -75.90109577
  397    1.2000  130.0000    4.0000   -75.92704996   -75.78439949   -75.90771601
  398    1.2000  130.0000    4.5000   -75.92015075   -75.76630835   -75.91201944
  399    1.2000  130.0000    5.0000   -75.91747710   -75.75424795   -75.91397344
  400    1.2000  130.0000    6.0000   -75.91591073   -75.74648251   -75.91512447
  401    1.2000  130.0000    7.0000   -75.91557343   -75.74538673   -75.91524855
  402    1.2000  130.0000    8.0000   -75.91547739   -75.74520334   -75.91522609
  403    1.2000  130.0000   10.0000   -75.91542848   -75.74514201   -75.91518659
  404    1.2000  130.0000   12.0000   -75.91541759   -75.74513166   -75.91517449
  405    1.2000  130.0000   14.0000   -75.91541404   -75.74512886   -75.91517030
  406    1.2000  130.0000   16.0000   -75.91533553   -75.74505751   -75.91506926
    0    0.0000    0.0000    0.0000     0.00000000     0.00000000     0.00000000
  407    1.2000  140.0000    1.2000   -75.88264121   -75.49832838   -75.52658505
  408    1.2000  140.0000    1.3000   -75.97750528   -75.59857441   -75.62675460
  409    1.2000  140.0000    1.4000   -76.03863616   -75.66545177   -75.69357410
  410    1.2000  140.0000    1.5000   -76.07614621   -75.70924433   -75.73733404
  411    1.2000  140.0000    1.6000   -76.09705714   -75.73720991   -75.76531577
  412    1.2000  140.0000    1.7000   -76.10630105   -75.75461561   -75.78284402
  413    1.2000  140.0000    1.7500   -76.10768427   -75.76063403   -75.78899326
  414    1.2000  140.0000    1.8000   -76.10737743   -75.76541874   -75.79397786
  415    1.2000  140.0000    1.8500   -76.10566598   -75.76932214   -75.79816991
  416    1.2000  140.0000    1.9000   -76.10279256   -75.77264598   -75.80189093
  417    1.2000  140.0000    2.0000   -76.09435557   -75.77848632   -75.80890476
  418    1.2000  140.0000    2.1500   -76.07725368   -75.78716565   -75.82023586
  419    1.2000  140.0000    2.3000   -76.05740330   -75.79632528   -75.83271992
  420    1.2000  140.0000    2.4000   -76.04362239   -75.80230456   -75.84111613
  421    1.2000  140.0000    2.6000   -76.01645689   -75.81273881   -75.85680681
  422    1.2000  140.0000    2.8000   -75.99148152   -75.82002329   -75.87014979
  423    1.2000  140.0000    3.0000   -75.97000508   -75.82352199   -75.88094876
  424    1.2000  140.0000    3.3000   -75.94585955   -75.82140996   -75.89296152
  425    1.2000  140.0000    3.6000   -75.93129679   -75.81181732   -75.90116187
  426    1.2000  140.0000    4.0000   -75.92205700   -75.79318124   -75.90784114
  427    1.2000  140.0000    4.5000   -75.91792701   -75.77091866   -75.91212003
  428    1.2000  140.0000    5.0000   -75.91654529   -75.75630780   -75.91403634
  429    1.2000  140.0000    6.0000   -75.91575826   -75.74676355   -75.91513910
  430    1.2000  140.0000    7.0000   -75.91555099   -75.74541739   -75.91524987
  431    1.2000  140.0000    8.0000   -75.91547549   -75.74520309   -75.91522535
  432    1.2000  140.0000   10.0000   -75.91542960   -75.74513977   -75.91518634
  433    1.2000  140.0000   12.0000   -75.91541835   -75.74513044   -75.91517447
  434    1.2000  140.0000   14.0000   -75.91541451   -75.74512807   -75.91517032
  435    1.2000  140.0000   16.0000   -75.91533556   -75.74505749   -75.91506927
    0    0.0000    0.0000    0.0000     0.00000000     0.00000000     0.00000000
  436    1.2000  150.0000    1.2000   -75.87663743   -75.50331484   -75.51964148
  437    1.2000  150.0000    1.3000   -75.97113974   -75.60325986   -75.61954256
  438    1.2000  150.0000    1.4000   -76.03187162   -75.66984859   -75.68610155
  439    1.2000  150.0000    1.5000   -76.06895342   -75.71339863   -75.72964060
  440    1.2000  150.0000    1.6000   -76.08941473   -75.74122489   -75.75749114
  441    1.2000  150.0000    1.7000   -76.09819402   -75.75869300   -75.77505613
  442    1.2000  150.0000    1.7500   -76.09934054   -75.76485837   -75.78131950
  443    1.2000  150.0000    1.8000   -76.09879450   -75.76989195   -75.78650008
  444    1.2000  150.0000    1.8500   -76.09684165   -75.77416130   -75.79098009
  445    1.2000  150.0000    1.9000   -76.09372491   -75.77797503   -75.79508156
  446    1.2000  150.0000    2.0000   -76.08479630   -75.78513204   -75.80307628
  447    1.2000  150.0000    2.1500   -76.06694464   -75.79623023   -75.81601448
  448    1.2000  150.0000    2.3000   -76.04633066   -75.80773403   -75.82981791
  449    1.2000  150.0000    2.4000   -76.03203595   -75.81508688   -75.83888816
  450    1.2000  150.0000    2.6000   -76.00387372   -75.82776743   -75.85553135
  451    1.2000  150.0000    2.8000   -75.97805753   -75.83664362   -75.86946441
  452    1.2000  150.0000    3.0000   -75.95619022   -75.84092132   -75.88062936
  453    1.2000  150.0000    3.3000   -75.93323984   -75.83773825   -75.89293745
  454    1.2000  150.0000    3.6000   -75.92197936   -75.82459137   -75.90125282
  455    1.2000  150.0000    4.0000   -75.91704226   -75.80103027   -75.90797513
  456    1.2000  150.0000    4.5000   -75.91584056   -75.77482483   -75.91221926
  457    1.2000  150.0000    5.0000   -75.91569781   -75.75803705   -75.91409734
  458    1.2000  150.0000    6.0000   -75.91562291   -75.74700018   -75.91515319
  459    1.2000  150.0000    7.0000   -75.91553138   -75.74544278   -75.91525109
  460    1.2000  150.0000    8.0000   -75.91547384   -75.74520246   -75.91522450
  461    1.2000  150.0000   10.0000   -75.91543053   -75.74513770   -75.91518600
  462    1.2000  150.0000   12.0000   -75.91541897   -75.74512933   -75.91517439
  463    1.2000  150.0000   14.0000   -75.91541489   -75.74512738   -75.91517030
  464    1.2000  150.0000   16.0000   -75.91533558   -75.74505747   -75.91506928
    0    0.0000    0.0000    0.0000     0.00000000     0.00000000     0.00000000
  465    1.2000  160.0000    1.2000   -75.87094893   -75.50582463   -75.51317506
  466    1.2000  160.0000    1.3000   -75.96518477   -75.60556908   -75.61289802
  467    1.2000  160.0000    1.4000   -76.02561959   -75.67197745   -75.67929171
  468    1.2000  160.0000    1.5000   -76.06237860   -75.71539884   -75.72270746
  469    1.2000  160.0000    1.6000   -76.08249412   -75.74320305   -75.75052316
  470    1.2000  160.0000    1.7000   -76.09090606   -75.76084997   -75.76821707
  471    1.2000  160.0000    1.7500   -76.09186082   -75.76722101   -75.77463714
  472    1.2000  160.0000    1.8000   -76.09111749   -75.77256056   -75.78005193
  473    1.2000  160.0000    1.8500   -76.08896173   -75.77724750   -75.78484862
  474    1.2000  160.0000    1.9000   -76.08563625   -75.78159172   -75.78934543
  475    1.2000  160.0000    2.0000   -76.07627245   -75.79008687   -75.79828250
  476    1.2000  160.0000    2.1500   -76.05771004   -75.80347893   -75.81263500
  477    1.2000  160.0000    2.3000   -76.03629861   -75.81716683   -75.82753528
  478    1.2000  160.0000    2.4000   -76.02141681   -75.82584656   -75.83715203
  479    1.2000  160.0000    2.6000   -75.99192733   -75.84093598   -75.85455611
  480    1.2000  160.0000    2.8000   -75.96461444   -75.85198721   -75.86895715
  481    1.2000  160.0000    3.0000   -75.94142869   -75.85796493   -75.88041042
  482    1.2000  160.0000    3.3000   -75.91925103   -75.85419830   -75.89294524
  483    1.2000  160.0000    3.6000   -75.91263834   -75.83628567   -75.90134237
  484    1.2000  160.0000    4.0000   -75.91262238   -75.80738465   -75.90809203
  485    1.2000  160.0000    4.5000   -75.91413209   -75.77777827   -75.91232321
  486    1.2000  160.0000    5.0000   -75.91501037   -75.75932314   -75.91416013
  487    1.2000  160.0000    6.0000   -75.91548177   -75.74713317   -75.91514263
  488    1.2000  160.0000    7.0000   -75.91549242   -75.74543221   -75.91524483
  489    1.2000  160.0000    8.0000   -75.91548206   -75.74521554   -75.91523372
  490    1.2000  160.0000   10.0000   -75.91530039   -75.74503685   -75.91505078
  491    1.2000  160.0000   12.0000   -75.91527679   -75.74502587   -75.91504012
  492    1.2000  160.0000   14.0000   -75.91527363   -75.74502436   -75.91503522
  493    1.2000  160.0000   16.0000   -75.91527228   -75.74502320   -75.91503441
    0    0.0000    0.0000    0.0000     0.00000000     0.00000000     0.00000000
  494    1.2000  170.0000    1.2000   -75.86691052   -75.50684635   -75.50861815
  495    1.2000  170.0000    1.3000   -75.96098176   -75.60647649   -75.60823959
  496    1.2000  170.0000    1.4000   -76.02123220   -75.67278890   -75.67454413
  497    1.2000  170.0000    1.5000   -76.05778933   -75.71615547   -75.71790364
  498    1.2000  170.0000    1.6000   -76.07768445   -75.74398595   -75.74572882
  499    1.2000  170.0000    1.7000   -76.08585582   -75.76181038   -75.76355309
  500    1.2000  170.0000    1.7500   -76.08668205   -75.76835942   -75.77010626
  501    1.2000  170.0000    1.8000   -76.08580436   -75.77395062   -75.77570924
  502    1.2000  170.0000    1.8500   -76.08350806   -75.77897065   -75.78075227
  503    1.2000  170.0000    1.9000   -76.08003665   -75.78372625   -75.78554319
  504    1.2000  170.0000    2.0000   -76.07035584   -75.79322234   -75.79515269
  505    1.2000  170.0000    2.1500   -76.05125113   -75.80827156   -75.81045946
  506    1.2000  170.0000    2.3000   -76.02918447   -75.82355427   -75.82607712
  507    1.2000  170.0000    2.4000   -76.01378013   -75.83325425   -75.83604687
  508    1.2000  170.0000    2.6000   -75.98294051   -75.85043311   -75.85394061
  509    1.2000  170.0000    2.8000   -75.95363956   -75.86395347   -75.86864324
  510    1.2000  170.0000    3.0000   -75.92758664   -75.87307585   -75.88028201
  511    1.2000  170.0000    3.3000   -75.90444782   -75.87042052   -75.89296070
  512    1.2000  170.0000    3.6000   -75.90490092   -75.84539864   -75.90140796
  513    1.2000  170.0000    4.0000   -75.90953550   -75.81161951   -75.90817189
  514    1.2000  170.0000    4.5000   -75.91301067   -75.77965427   -75.91238265
  515    1.2000  170.0000    5.0000   -75.91457640   -75.76013208   -75.91419562
  516    1.2000  170.0000    6.0000   -75.91541456   -75.74724185   -75.91515087
  517    1.2000  170.0000    7.0000   -75.91547192   -75.74542906   -75.91523552
  518    1.2000  170.0000    8.0000   -75.91547361   -75.74520469   -75.91524365
  519    1.2000  170.0000   10.0000   -75.91528680   -75.74502707   -75.91504818
  520    1.2000  170.0000   12.0000   -75.91527582   -75.74502597   -75.91504055
  521    1.2000  170.0000   14.0000   -75.91527388   -75.74502573   -75.91503788
  522    1.2000  170.0000   16.0000   -75.91527017   -75.74501856   -75.91503456
    0    0.0000    0.0000    0.0000     0.00000000     0.00000000     0.00000000
  523    1.2000  179.9900    1.2000   -75.86544653   -75.50709366   -75.50697072
  524    1.2000  179.9900    1.3000   -75.95946337   -75.60668789   -75.60656091
  525    1.2000  179.9900    1.4000   -76.01965297   -75.67297214   -75.67283964
  526    1.2000  179.9900    1.5000   -76.05614258   -75.71632586   -75.71618535
  527    1.2000  179.9900    1.6000   -76.07596230   -75.74417329   -75.74402029
  528    1.2000  179.9900    1.7000   -76.08404940   -75.76207229   -75.76189861
  529    1.2000  179.9900    1.7500   -76.08482997   -75.76869021   -75.76850374
  530    1.2000  179.9900    1.8000   -76.08390410   -75.77437892   -75.77417873
  531    1.2000  179.9900    1.8500   -76.08155692   -75.77952617   -75.77931390
  532    1.2000  179.9900    1.9000   -76.07803060   -75.78443733   -75.78421395
  533    1.2000  179.9900    2.0000   -76.06823245   -75.79430449   -75.79406601
  534    1.2000  179.9900    2.1500   -76.04892151   -75.80996006   -75.80970793
  535    1.2000  179.9900    2.3000   -76.02659355   -75.82583583   -75.82557433
  536    1.2000  179.9900    2.4000   -76.01097103   -75.83592898   -75.83566601
  537    1.2000  179.9900    2.6000   -75.97951738   -75.85398760   -75.85372906
  538    1.2000  179.9900    2.8000   -75.94912262   -75.86878367   -75.86853631
  539    1.2000  179.9900    3.0000   -75.92063953   -75.88047443   -75.88023927
  540    1.2000  179.9900    3.3000   -75.89318795   -75.88222302   -75.89296762
  541    1.2000  179.9900    3.6000   -75.90167978   -75.84911022   -75.90145898
  542    1.2000  179.9900    4.0000   -75.90841768   -75.81311643   -75.90820091
  543    1.2000  179.9900    4.5000   -75.91261973   -75.78029485   -75.91240378
  544    1.2000  179.9900    5.0000   -75.91442675   -75.76040620   -75.91420815
  545    1.2000  179.9900    6.0000   -75.91539177   -75.74727873   -75.91515388
  546    1.2000  179.9900    7.0000   -75.91546450   -75.74542693   -75.91523223
  547    1.2000  179.9900    8.0000   -75.91546459   -75.74519338   -75.91524548
  548    1.2000  179.9900   10.0000   -75.91527359   -75.74501628   -75.91504964
  549    1.2000  179.9900   12.0000   -75.91527534   -75.74502591   -75.91504174
  550    1.2000  179.9900   14.0000   -75.91527272   -75.74502386   -75.91503760
  551    1.2000  179.9900   16.0000   -75.91526650   -75.74501199   -75.91503544
    0    0.0000    0.0000    0.0000     0.00000000     0.00000000     0.00000000
  552    1.3000    0.0100    1.2000   -40.00000000   -40.00000000   -40.00000000
  553    1.3000    0.0100    1.3000   -40.00000000   -40.00000000   -40.00000000
  554    1.3000    0.0100    1.4000   -40.00000000   -40.00000000   -40.00000000
  555    1.3000    0.0100    1.5000   -40.00000000   -40.00000000   -40.00000000
  556    1.3000    0.0100    1.6000   -40.00000000   -40.00000000   -40.00000000
  557    1.3000    0.0100    1.7000   -40.00000000   -40.00000000   -40.00000000
  558    1.3000    0.0100    1.7500   -40.00000000   -40.00000000   -40.00000000
  559    1.3000    0.0100    1.8000   -40.00000000   -40.00000000   -40.00000000
  560    1.3000    0.0100    1.8500   -40.00000000   -40.00000000   -40.00000000
  561    1.3000    0.0100    1.9000   -40.00000000   -40.00000000   -40.00000000
  562    1.3000    0.0100    2.0000   -75.66529343   -75.43707935   -75.43683340
  563    1.3000    0.0100    2.1500   -75.80055851   -75.61393375   -75.61367340
  564    1.3000    0.0100    2.3000   -75.87175160   -75.72622215   -75.72597817
  565    1.3000    0.0100    2.4000   -75.89911640   -75.77975044   -75.77951063
  566    1.3000    0.0100    2.6000   -75.92641358   -75.85519559   -75.85492978
  567    1.3000    0.0100    2.8000   -75.93307782   -75.90416273   -75.90391325
  568    1.3000    0.0100    3.0000   -75.93723168   -75.92973642   -75.93699793
  569    1.3000    0.0100    3.3000   -75.96891403   -75.91681474   -75.96870055
  570    1.3000    0.0100    3.6000   -75.98773461   -75.90129139   -75.98753240
  571    1.3000    0.0100    4.0000   -76.00166216   -75.88225165   -76.00145804
  572    1.3000    0.0100    4.5000   -76.00971063   -75.86494819   -76.00949468
  573    1.3000    0.0100    5.0000   -76.01291408   -75.85519051   -76.01268169
  574    1.3000    0.0100    6.0000   -76.01445230   -75.84859178   -76.01419062
  575    1.3000    0.0100    7.0000   -76.01450805   -75.84736417   -76.01423696
  576    1.3000    0.0100    8.0000   -76.01447385   -75.84715560   -76.01420272
  577    1.3000    0.0100   10.0000   -76.01441057   -75.84706332   -76.01414066
  578    1.3000    0.0100   12.0000   -76.01439604   -75.84704878   -76.01412663
  579    1.3000    0.0100   14.0000   -76.01439196   -75.84704496   -76.01412265
  580    1.3000    0.0100   16.0000   -76.01439057   -75.84704367   -76.01412130
    0    0.0000    0.0000    0.0000     0.00000000     0.00000000     0.00000000
  581    1.3000   10.0000    1.2000   -40.00000000   -40.00000000   -40.00000000
  582    1.3000   10.0000    1.3000   -40.00000000   -40.00000000   -40.00000000
  583    1.3000   10.0000    1.4000   -40.00000000   -40.00000000   -40.00000000
  584    1.3000   10.0000    1.5000   -40.00000000   -40.00000000   -40.00000000
  585    1.3000   10.0000    1.6000   -40.00000000   -40.00000000   -40.00000000
  586    1.3000   10.0000    1.7000   -40.00000000   -40.00000000   -40.00000000
  587    1.3000   10.0000    1.7500   -40.00000000   -40.00000000   -40.00000000
  588    1.3000   10.0000    1.8000   -40.00000000   -40.00000000   -40.00000000
  589    1.3000   10.0000    1.8500   -40.00000000   -40.00000000   -40.00000000
  590    1.3000   10.0000    1.9000   -40.00000000   -40.00000000   -40.00000000
  591    1.3000   10.0000    2.0000   -75.73406685   -75.49999235   -75.50481909
  592    1.3000   10.0000    2.1500   -75.83911051   -75.64470497   -75.65019065
  593    1.3000   10.0000    2.3000   -75.89660025   -75.74090534   -75.74734492
  594    1.3000   10.0000    2.4000   -75.91912747   -75.78762286   -75.79493886
  595    1.3000   10.0000    2.6000   -75.94255935   -75.85340476   -75.86351360
  596    1.3000   10.0000    2.8000   -75.95180199   -75.89292873   -75.90893084
  597    1.3000   10.0000    3.0000   -75.95991837   -75.91099772   -75.94010316
  598    1.3000   10.0000    3.3000   -75.97743648   -75.90966109   -75.97028874
  599    1.3000   10.0000    3.6000   -75.99185027   -75.89741126   -75.98836124
  600    1.3000   10.0000    4.0000   -76.00349245   -75.88010732   -76.00179829
  601    1.3000   10.0000    4.5000   -76.01042971   -75.86386050   -76.00958936
  602    1.3000   10.0000    5.0000   -76.01320197   -75.85467668   -76.01269769
  603    1.3000   10.0000    6.0000   -76.01455056   -75.84857035   -76.01427031
  604    1.3000   10.0000    7.0000   -76.01461335   -75.84747727   -76.01436849
  605    1.3000   10.0000    8.0000   -76.01453340   -75.84722052   -76.01429285
  606    1.3000   10.0000   10.0000   -76.01447212   -75.84712766   -76.01423082
  607    1.3000   10.0000   12.0000   -76.01445943   -75.84711267   -76.01421714
  608    1.3000   10.0000   14.0000   -76.01439193   -75.84704495   -76.01412264
  609    1.3000   10.0000   16.0000   -76.01439056   -75.84704367   -76.01412129
    0    0.0000    0.0000    0.0000     0.00000000     0.00000000     0.00000000
  610    1.3000   20.0000    1.2000   -40.00000000   -40.00000000   -40.00000000
  611    1.3000   20.0000    1.3000   -40.00000000   -40.00000000   -40.00000000
  612    1.3000   20.0000    1.4000   -40.00000000   -40.00000000   -40.00000000
  613    1.3000   20.0000    1.5000   -40.00000000   -40.00000000   -40.00000000
  614    1.3000   20.0000    1.6000   -40.00000000   -40.00000000   -40.00000000
  615    1.3000   20.0000    1.7000   -40.00000000   -40.00000000   -40.00000000
  616    1.3000   20.0000    1.7500   -40.00000000   -40.00000000   -40.00000000
  617    1.3000   20.0000    1.8000   -75.72997157   -75.43417505   -75.45220667
  618    1.3000   20.0000    1.8500   -75.77189193   -75.48633980   -75.50467753
  619    1.3000   20.0000    1.9000   -75.80785079   -75.53307717   -75.55181196
  620    1.3000   20.0000    2.0000   -75.86449691   -75.61243026   -75.63222062
  621    1.3000   20.0000    2.1500   -75.92019039   -75.70322061   -75.72521451
  622    1.3000   20.0000    2.3000   -75.95217145   -75.76882899   -75.79378869
  623    1.3000   20.0000    2.4000   -75.96497622   -75.80207440   -75.82950689
  624    1.3000   20.0000    2.6000   -75.97860082   -75.84965182   -75.88360583
  625    1.3000   20.0000    2.8000   -75.98443973   -75.87796846   -75.92129463
  626    1.3000   20.0000    3.0000   -75.98849499   -75.89188726   -75.94796249
  627    1.3000   20.0000    3.3000   -75.99534017   -75.89484728   -75.97440762
  628    1.3000   20.0000    3.6000   -76.00201899   -75.88751093   -75.99049149
  629    1.3000   20.0000    4.0000   -76.00834567   -75.87421714   -76.00267355
  630    1.3000   20.0000    4.5000   -76.01245732   -75.86101427   -76.00992443
  631    1.3000   20.0000    5.0000   -76.01405149   -75.85338866   -76.01281895
  632    1.3000   20.0000    6.0000   -76.01465530   -75.84829481   -76.01423812
  633    1.3000   20.0000    7.0000   -76.01462527   -75.84743168   -76.01435761
  634    1.3000   20.0000    8.0000   -76.01453235   -75.84721217   -76.01428902
  635    1.3000   20.0000   10.0000   -76.01447102   -75.84712726   -76.01423060
  636    1.3000   20.0000   12.0000   -76.01445914   -75.84711266   -76.01421723
  637    1.3000   20.0000   14.0000   -76.01445638   -75.84710862   -76.01421374
  638    1.3000   20.0000   16.0000   -76.01439053   -75.84704366   -76.01412127
    0    0.0000    0.0000    0.0000     0.00000000     0.00000000     0.00000000
  639    1.3000   30.0000    1.2000   -40.00000000   -40.00000000   -40.00000000
  640    1.3000   30.0000    1.3000   -40.00000000   -40.00000000   -40.00000000
  641    1.3000   30.0000    1.4000   -75.65449462   -75.28069727   -75.32259443
  642    1.3000   30.0000    1.5000   -75.74044044   -75.37732610   -75.41812425
  643    1.3000   30.0000    1.6000   -75.81217894   -75.46154154   -75.50166147
  644    1.3000   30.0000    1.7000   -75.87001499   -75.53387137   -75.57383568
  645    1.3000   30.0000    1.7500   -75.89403910   -75.56592340   -75.60603912
  646    1.3000   30.0000    1.8000   -75.91506031   -75.59547244   -75.63590598
  647    1.3000   30.0000    1.8500   -75.93330775   -75.62270557   -75.66362795
  648    1.3000   30.0000    1.9000   -75.94902296   -75.64780202   -75.68938212
  649    1.3000   30.0000    2.0000   -75.97382833   -75.69222568   -75.73558928
  650    1.3000   30.0000    2.1500   -75.99788146   -75.74643234   -75.79344252
  651    1.3000   30.0000    2.3000   -76.01082043   -75.78818901   -75.83978704
  652    1.3000   30.0000    2.4000   -76.01533701   -75.81019477   -75.86531389
  653    1.3000   30.0000    2.6000   -76.01853095   -75.84265931   -75.90590628
  654    1.3000   30.0000    2.8000   -76.01794806   -75.86277581   -75.93560310
  655    1.3000   30.0000    3.0000   -76.01644380   -75.87360919   -75.95731860
  656    1.3000   30.0000    3.3000   -76.01491095   -75.87806476   -75.97945958
  657    1.3000   30.0000    3.6000   -76.01454351   -75.87458881   -75.99324897
  658    1.3000   30.0000    4.0000   -76.01487519   -75.86606341   -76.00387131
  659    1.3000   30.0000    4.5000   -76.01518737   -75.85671985   -76.01022693
  660    1.3000   30.0000    5.0000   -76.01516660   -75.85139485   -76.01285765
  661    1.3000   30.0000    6.0000   -76.01481119   -75.84792289   -76.01419625
  662    1.3000   30.0000    7.0000   -76.01464369   -75.84736962   -76.01434282
  663    1.3000   30.0000    8.0000   -76.01453148   -75.84720099   -76.01428418
  664    1.3000   30.0000   10.0000   -76.01446966   -75.84712679   -76.01423038
  665    1.3000   30.0000   12.0000   -76.01445875   -75.84711263   -76.01421738
  666    1.3000   30.0000   14.0000   -76.01445634   -75.84710865   -76.01421393
  667    1.3000   30.0000   16.0000   -76.01439049   -75.84704364   -76.01412124
    0    0.0000    0.0000    0.0000     0.00000000     0.00000000     0.00000000
  668    1.3000   45.0000    1.2000   -75.73421236   -75.29156768   -75.38993699
  669    1.3000   45.0000    1.3000   -75.84270957   -75.40964913   -75.50463221
  670    1.3000   45.0000    1.4000   -75.92031588   -75.49757781   -75.58953483
  671    1.3000   45.0000    1.5000   -75.97580085   -75.56424637   -75.65364522
  672    1.3000   45.0000    1.6000   -76.01511669   -75.61574120   -75.70318387
  673    1.3000   45.0000    1.7000   -76.04244710   -75.65635633   -75.74261641
  674    1.3000   45.0000    1.7500   -76.05259986   -75.67358302   -75.75959809
  675    1.3000   45.0000    1.8000   -76.06082693   -75.68916634   -75.77519272
  676    1.3000   45.0000    1.8500   -76.06738823   -75.70335060   -75.78965578
  677    1.3000   45.0000    1.9000   -76.07251024   -75.71633644   -75.80318922
  678    1.3000   45.0000    2.0000   -76.07921207   -75.73933482   -75.82803424
  679    1.3000   45.0000    2.1500   -76.08272744   -75.76798290   -75.86086754
  680    1.3000   45.0000    2.3000   -76.08110528   -75.79103951   -75.88904989
  681    1.3000   45.0000    2.4000   -76.07825307   -75.80374201   -75.90539914
  682    1.3000   45.0000    2.6000   -76.07028122   -75.82358152   -75.93266668
  683    1.3000   45.0000    2.8000   -76.06118036   -75.83716958   -75.95361107
  684    1.3000   45.0000    3.0000   -76.05232311   -75.84585804   -75.96946612
  685    1.3000   45.0000    3.3000   -76.04091190   -75.85231865   -75.98614036
  686    1.3000   45.0000    3.6000   -76.03232082   -75.85383125   -75.99686948
  687    1.3000   45.0000    4.0000   -76.02476962   -75.85240026   -76.00536409
  688    1.3000   45.0000    4.5000   -76.01959540   -75.84983835   -76.01064955
  689    1.3000   45.0000    5.0000   -76.01704552   -75.84837738   -76.01294771
  690    1.3000   45.0000    6.0000   -76.01516381   -75.84749049   -76.01421494
  691    1.3000   45.0000    7.0000   -76.01467510   -75.84727670   -76.01431967
  692    1.3000   45.0000    8.0000   -76.01453104   -75.84718472   -76.01427752
  693    1.3000   45.0000   10.0000   -76.01446798   -75.84712623   -76.01423027
  694    1.3000   45.0000   12.0000   -76.01445845   -75.84711271   -76.01421781
  695    1.3000   45.0000   14.0000   -76.01445639   -75.84710869   -76.01421432
  696    1.3000   45.0000   16.0000   -76.01439042   -75.84704362   -76.01412119
    0    0.0000    0.0000    0.0000     0.00000000     0.00000000     0.00000000
  697    1.3000   60.0000    1.2000   -75.85598750   -75.34987503   -75.51161063
  698    1.3000   60.0000    1.3000   -75.95935116   -75.46308438   -75.62078681
  699    1.3000   60.0000    1.4000   -76.02976813   -75.54554249   -75.69777192
  700    1.3000   60.0000    1.5000   -76.07699310   -75.60548346   -75.75249388
  701    1.3000   60.0000    1.6000   -76.10776247   -75.64949427   -75.79191718
  702    1.3000   60.0000    1.7000   -76.12680138   -75.68228046   -75.82103583
  703    1.3000   60.0000    1.7500   -76.13301208   -75.69554796   -75.83290664
  704    1.3000   60.0000    1.8000   -76.13746610   -75.70717579   -75.84347465
  705    1.3000   60.0000    1.8500   -76.14043618   -75.71743090   -75.85303334
  706    1.3000   60.0000    1.9000   -76.14215428   -75.72653691   -75.86182223
  707    1.3000   60.0000    2.0000   -76.14259748   -75.74202111   -75.87779155
  708    1.3000   60.0000    2.1500   -76.13797461   -75.76045150   -75.89916633
  709    1.3000   60.0000    2.3000   -76.12949849   -75.77526572   -75.91820319
  710    1.3000   60.0000    2.4000   -76.12264684   -75.78380601   -75.92963232
  711    1.3000   60.0000    2.6000   -76.10768995   -75.79850427   -75.94935437
  712    1.3000   60.0000    2.8000   -76.09257288   -75.81047479   -75.96504896
  713    1.3000   60.0000    3.0000   -76.07838724   -75.81996146   -75.97724762
  714    1.3000   60.0000    3.3000   -76.06002554   -75.83017852   -75.99041490
  715    1.3000   60.0000    3.6000   -76.04570021   -75.83671282   -75.99912989
  716    1.3000   60.0000    4.0000   -76.03248291   -75.84174412   -76.00624286
  717    1.3000   60.0000    4.5000   -76.02310050   -75.84484836   -76.01084463
  718    1.3000   60.0000    5.0000   -76.01851590   -75.84627091   -76.01293601
  719    1.3000   60.0000    6.0000   -76.01538226   -75.84714015   -76.01417019
  720    1.3000   60.0000    7.0000   -76.01469845   -75.84721529   -76.01430155
  721    1.3000   60.0000    8.0000   -76.01453106   -75.84717449   -76.01427334
  722    1.3000   60.0000   10.0000   -76.01446749   -75.84712608   -76.01423061
  723    1.3000   60.0000   12.0000   -76.01445861   -75.84711282   -76.01421844
  724    1.3000   60.0000   14.0000   -76.01445670   -75.84710872   -76.01421485
  725    1.3000   60.0000   16.0000   -76.01439036   -75.84704361   -76.01412115
    0    0.0000    0.0000    0.0000     0.00000000     0.00000000     0.00000000
  726    1.3000   70.0000    1.2000   -75.90394748   -75.41294582   -75.55905114
  727    1.3000   70.0000    1.3000   -76.00523107   -75.51922289   -75.66590065
  728    1.3000   70.0000    1.4000   -76.07322939   -75.59310490   -75.74002737
  729    1.3000   70.0000    1.5000   -76.11785891   -75.64470053   -75.79152073
  730    1.3000   70.0000    1.6000   -76.14598315   -75.68103426   -75.82745309
  731    1.3000   70.0000    1.7000   -76.16241170   -75.70699815   -75.85289576
  732    1.3000   70.0000    1.7500   -76.16734571   -75.71718526   -75.86288152
  733    1.3000   70.0000    1.8000   -76.17054798   -75.72593771   -75.87154760
  734    1.3000   70.0000    1.8500   -76.17229488   -75.73350030   -75.87920160
  735    1.3000   70.0000    1.9000   -76.17282079   -75.74007232   -75.88610093
  736    1.3000   70.0000    2.0000   -76.17097852   -75.75085087   -75.89842207
  737    1.3000   70.0000    2.1500   -76.16317431   -75.76272778   -75.91495464
  738    1.3000   70.0000    2.3000   -76.15179951   -75.77122784   -75.93008723
  739    1.3000   70.0000    2.4000   -76.14316520   -75.77544242   -75.93941638
  740    1.3000   70.0000    2.6000   -76.12493402   -75.78786237   -75.95595187
  741    1.3000   70.0000    2.8000   -76.10691855   -75.80116157   -75.96947255
  742    1.3000   70.0000    3.0000   -76.09017173   -75.81206650   -75.98018860
  743    1.3000   70.0000    3.3000   -76.06854298   -75.82419717   -75.99196955
  744    1.3000   70.0000    3.6000   -76.05159949   -75.83241798   -75.99991522
  745    1.3000   70.0000    4.0000   -76.03584667   -75.83925073   -76.00652332
  746    1.3000   70.0000    4.5000   -76.02460063   -75.84374157   -76.01088902
  747    1.3000   70.0000    5.0000   -76.01912800   -75.84581318   -76.01291656
  748    1.3000   70.0000    6.0000   -76.01546568   -75.84706072   -76.01414994
  749    1.3000   70.0000    7.0000   -76.01470575   -75.84719952   -76.01429417
  750    1.3000   70.0000    8.0000   -76.01453097   -75.84717185   -76.01427212
  751    1.3000   70.0000   10.0000   -76.01446791   -75.84712614   -76.01423113
  752    1.3000   70.0000   12.0000   -76.01445905   -75.84711288   -76.01421898
  753    1.3000   70.0000   14.0000   -76.01445707   -75.84710869   -76.01421526
  754    1.3000   70.0000   16.0000   -76.01439032   -75.84704361   -76.01412113
    0    0.0000    0.0000    0.0000     0.00000000     0.00000000     0.00000000
  755    1.3000   80.0000    1.2000   -75.93766131   -75.46306898   -75.59205316
  756    1.3000   80.0000    1.3000   -76.03741939   -75.56792670   -75.69713763
  757    1.3000   80.0000    1.4000   -76.10373465   -75.63997070   -75.76923223
  758    1.3000   80.0000    1.5000   -76.14659515   -75.68932310   -75.81847195
  759    1.3000   80.0000    1.6000   -76.17291960   -75.72302477   -75.85196852
  760    1.3000   80.0000    1.7000   -76.18755722   -75.74602995   -75.87482215
  761    1.3000   80.0000    1.7500   -76.19160792   -75.75466011   -75.88346569
  762    1.3000   80.0000    1.8000   -76.19393827   -75.76184061   -75.89076577
  763    1.3000   80.0000    1.8500   -76.19482614   -75.76785044   -75.89704013
  764    1.3000   80.0000    1.9000   -76.19450585   -75.77292166   -75.90256330
  765    1.3000   80.0000    2.0000   -76.19098555   -75.78087347   -75.91227172
  766    1.3000   80.0000    2.1500   -76.18082551   -75.78959449   -75.92521905
  767    1.3000   80.0000    2.3000   -76.16726150   -75.79646716   -75.93753603
  768    1.3000   80.0000    2.4000   -76.15725895   -75.80062992   -75.94539641
  769    1.3000   80.0000    2.6000   -76.13654461   -75.80856827   -75.95978954
  770    1.3000   80.0000    2.8000   -76.11634693   -75.81610235   -75.97192844
  771    1.3000   80.0000    3.0000   -76.09770474   -75.82291442   -75.98175069
  772    1.3000   80.0000    3.3000   -76.07374100   -75.83113616   -75.99274504
  773    1.3000   80.0000    3.6000   -76.05502401   -75.83690322   -76.00028349
  774    1.3000   80.0000    4.0000   -76.03766547   -75.84164727   -76.00664083
  775    1.3000   80.0000    4.5000   -76.02533796   -75.84472225   -76.01089786
  776    1.3000   80.0000    5.0000   -76.01939877   -75.84617986   -76.01290033
  777    1.3000   80.0000    6.0000   -76.01549242   -75.84710455   -76.01413886
  778    1.3000   80.0000    7.0000   -76.01470593   -75.84720298   -76.01429066
  779    1.3000   80.0000    8.0000   -76.01453077   -75.84717200   -76.01427197
  780    1.3000   80.0000   10.0000   -76.01446878   -75.84712614   -76.01423180
  781    1.3000   80.0000   12.0000   -76.01445971   -75.84711282   -76.01421955
  782    1.3000   80.0000   14.0000   -76.01445755   -75.84710857   -76.01421566
  783    1.3000   80.0000   16.0000   -76.01439030   -75.84704361   -76.01412112
    0    0.0000    0.0000    0.0000     0.00000000     0.00000000     0.00000000
  784    1.3000   90.0000    1.2000   -75.96090881   -75.50320260   -75.61456751
  785    1.3000   90.0000    1.3000   -76.05947445   -75.60691027   -75.71830070
  786    1.3000   90.0000    1.4000   -76.12450437   -75.67755675   -75.78887080
  787    1.3000   90.0000    1.5000   -76.16602524   -75.72529294   -75.83644221
  788    1.3000   90.0000    1.6000   -76.19098621   -75.75718996   -75.86814742
  789    1.3000   90.0000    1.7000   -76.20425994   -75.77824376   -75.88910471
  790    1.3000   90.0000    1.7500   -76.20763430   -75.78586331   -75.89676844
  791    1.3000   90.0000    1.8000   -76.20929470   -75.79202441   -75.90307403
  792    1.3000   90.0000    1.8500   -76.20952083   -75.79701900   -75.90834585
  793    1.3000   90.0000    1.9000   -76.20854978   -75.80109367   -75.91286310
  794    1.3000   90.0000    2.0000   -76.20379171   -75.80727685   -75.92053851
  795    1.3000   90.0000    2.1500   -76.19182720   -75.81376155   -75.93093255
  796    1.3000   90.0000    2.3000   -76.17657983   -75.81884794   -75.94145959
  797    1.3000   90.0000    2.4000   -76.16553691   -75.82200686   -75.94839993
  798    1.3000   90.0000    2.6000   -76.14295507   -75.82831235   -75.96151810
  799    1.3000   90.0000    2.8000   -76.12116903   -75.83410462   -75.97292324
  800    1.3000   90.0000    3.0000   -76.10121062   -75.83895814   -75.98232245
  801    1.3000   90.0000    3.3000   -76.07574981   -75.84412138   -75.99299374
  802    1.3000   90.0000    3.6000   -76.05603550   -75.84685680   -76.00038931
  803    1.3000   90.0000    4.0000   -76.03795177   -75.84786715   -76.00667003
  804    1.3000   90.0000    4.5000   -76.02531311   -75.84754878   -76.01089874
  805    1.3000   90.0000    5.0000   -76.01933011   -75.84728678   -76.01289576
  806    1.3000   90.0000    6.0000   -76.01546412   -75.84725413   -76.01413670
  807    1.3000   90.0000    7.0000   -76.01469925   -75.84722180   -76.01429025
  808    1.3000   90.0000    8.0000   -76.01453038   -75.84717396   -76.01427254
  809    1.3000   90.0000   10.0000   -76.01446990   -75.84712584   -76.01423247
  810    1.3000   90.0000   12.0000   -76.01446048   -75.84711255   -76.01422006
  811    1.3000   90.0000   14.0000   -76.01445809   -75.84710833   -76.01421603
  812    1.3000   90.0000   16.0000   -76.01439029   -75.84704361   -76.01412111
    0    0.0000    0.0000    0.0000     0.00000000     0.00000000     0.00000000
  813    1.3000  100.0000    1.2000   -75.97564771   -75.53503344   -75.62851654
  814    1.3000  100.0000    1.3000   -76.07325032   -75.63779127   -75.73119715
  815    1.3000  100.0000    1.4000   -76.13725270   -75.70732560   -75.80060402
  816    1.3000  100.0000    1.5000   -76.17770786   -75.75381293   -75.84692315
  817    1.3000  100.0000    1.6000   -76.20158647   -75.78435144   -75.87730459
  818    1.3000  100.0000    1.7000   -76.21377892   -75.80397424   -75.89688549
  819    1.3000  100.0000    1.7500   -76.21661789   -75.81086645   -75.90384963
  820    1.3000  100.0000    1.8000   -76.21774868   -75.81630324   -75.90945479
  821    1.3000  100.0000    1.8500   -76.21745258   -75.82058653   -75.91403224
  822    1.3000  100.0000    1.9000   -76.21596816   -75.82397295   -75.91786991
  823    1.3000  100.0000    2.0000   -76.21021483   -75.82889333   -75.92427147
  824    1.3000  100.0000    2.1500   -76.19685266   -75.83390465   -75.93310144
  825    1.3000  100.0000    2.3000   -76.18034368   -75.83813370   -75.94257818
  826    1.3000  100.0000    2.4000   -76.16854116   -75.84094090   -75.94911869
  827    1.3000  100.0000    2.6000   -76.14462574   -75.84653095   -75.96175213
  828    1.3000  100.0000    2.8000   -76.12175314   -75.85149119   -75.97293330
  829    1.3000  100.0000    3.0000   -76.10096261   -75.85531738   -75.98226073
  830    1.3000  100.0000    3.3000   -76.07473822   -75.85851843   -75.99294053
  831    1.3000  100.0000    3.6000   -76.05474443   -75.85880417   -76.00036623
  832    1.3000  100.0000    4.0000   -76.03678250   -75.85612694   -76.00667402
  833    1.3000  100.0000    4.5000   -76.02457797   -75.85167911   -76.01091293
  834    1.3000  100.0000    5.0000   -76.01895152   -75.84896792   -76.01290795
  835    1.3000  100.0000    6.0000   -76.01538669   -75.84748334   -76.01414171
  836    1.3000  100.0000    7.0000   -76.01468632   -75.84725095   -76.01429175
  837    1.3000  100.0000    8.0000   -76.01452964   -75.84717663   -76.01427337
  838    1.3000  100.0000   10.0000   -76.01447119   -75.84712513   -76.01423303
  839    1.3000  100.0000   12.0000   -76.01446136   -75.84711207   -76.01422049
  840    1.3000  100.0000   14.0000   -76.01445868   -75.84710796   -76.01421634
  841    1.3000  100.0000   16.0000   -76.01439029   -75.84704361   -76.01412112
    0    0.0000    0.0000    0.0000     0.00000000     0.00000000     0.00000000
  842    1.3000  105.0000    1.2000   -75.98027082   -75.54817095   -75.63272314
  843    1.3000  105.0000    1.3000   -76.07745991   -75.65051523   -75.73497027
  844    1.3000  105.0000    1.4000   -76.14102283   -75.71958171   -75.80390537
  845    1.3000  105.0000    1.5000   -76.18102356   -75.76555572   -75.84972504
  846    1.3000  105.0000    1.6000   -76.20444199   -75.79555211   -75.87958917
  847    1.3000  105.0000    1.7000   -76.21617582   -75.81461722   -75.89864659
  848    1.3000  105.0000    1.7500   -76.21878831   -75.82123366   -75.90535180
  849    1.3000  105.0000    1.8000   -76.21969556   -75.82640207   -75.91070369
  850    1.3000  105.0000    1.8500   -76.21917963   -75.83042875   -75.91503723
  851    1.3000  105.0000    1.9000   -76.21747973   -75.83357591   -75.91864448
  852    1.3000  105.0000    2.0000   -76.21131095   -75.83808830   -75.92464329
  853    1.3000  105.0000    2.1500   -76.19737165   -75.84271198   -75.93305715
  854    1.3000  105.0000    2.3000   -76.18034910   -75.84681068   -75.94232832
  855    1.3000  105.0000    2.4000   -76.16824168   -75.84961424   -75.94881940
  856    1.3000  105.0000    2.6000   -76.14381412   -75.85521314   -75.96146656
  857    1.3000  105.0000    2.8000   -76.12056681   -75.86004486   -75.97270407
  858    1.3000  105.0000    3.0000   -76.09952138   -75.86351837   -75.98208806
  859    1.3000  105.0000    3.3000   -76.07315775   -75.86591768   -75.99285732
  860    1.3000  105.0000    3.6000   -76.05328100   -75.86508563   -76.00033953
  861    1.3000  105.0000    4.0000   -76.03569112   -75.86062451   -76.00668108
  862    1.3000  105.0000    4.5000   -76.02397221   -75.85404562   -76.01092927
  863    1.3000  105.0000    5.0000   -76.01866145   -75.84995898   -76.01292090
  864    1.3000  105.0000    6.0000   -76.01533237   -75.84761857   -76.01414617
  865    1.3000  105.0000    7.0000   -76.01467782   -75.84726783   -76.01429282
  866    1.3000  105.0000    8.0000   -76.01452912   -75.84717796   -76.01427377
  867    1.3000  105.0000   10.0000   -76.01447186   -75.84712460   -76.01423324
  868    1.3000  105.0000   12.0000   -76.01446180   -75.84711171   -76.01422065
  869    1.3000  105.0000   14.0000   -76.01445897   -75.84710771   -76.01421645
  870    1.3000  105.0000   16.0000   -76.01439030   -75.84704361   -76.01412113
    0    0.0000    0.0000    0.0000     0.00000000     0.00000000     0.00000000
  871    1.3000  110.0000    1.2000   -75.98328326   -75.55960120   -75.63530413
  872    1.3000  110.0000    1.3000   -76.08009830   -75.66157587   -75.73717200
  873    1.3000  110.0000    1.4000   -76.14326374   -75.73022814   -75.80569871
  874    1.3000  110.0000    1.5000   -76.18285388   -75.77575537   -75.85109220
  875    1.3000  110.0000    1.6000   -76.20585678   -75.80528429   -75.88052337
  876    1.3000  110.0000    1.7000   -76.21717756   -75.82388677   -75.89915498
  877    1.3000  110.0000    1.7500   -76.21958636   -75.83028120   -75.90565599
  878    1.3000  110.0000    1.8000   -76.22029283   -75.83523952   -75.91081376
  879    1.3000  110.0000    1.8500   -76.21957968   -75.83907284   -75.91496720
  880    1.3000  110.0000    1.9000   -76.21768679   -75.84204848   -75.91841258
  881    1.3000  110.0000    2.0000   -76.21114699   -75.84630154   -75.92415784
  882    1.3000  110.0000    2.1500   -76.19669579   -75.85077981   -75.93238813
  883    1.3000  110.0000    2.3000   -76.17922289   -75.85497296   -75.94165253
  884    1.3000  110.0000    2.4000   -76.16685203   -75.85790122   -75.94819338
  885    1.3000  110.0000    2.6000   -76.14199202   -75.86369215   -75.96099100
  886    1.3000  110.0000    2.8000   -76.11844902   -75.86852648   -75.97237273
  887    1.3000  110.0000    3.0000   -76.09725150   -75.87176599   -75.98186478
  888    1.3000  110.0000    3.3000   -76.07089481   -75.87341342   -75.99275897
  889    1.3000  110.0000    3.6000   -76.05130197   -75.87148272   -76.00031501
  890    1.3000  110.0000    4.0000   -76.03428991   -75.86524012   -76.00669640
  891    1.3000  110.0000    4.5000   -76.02322782   -75.85652404   -76.01095283
  892    1.3000  110.0000    5.0000   -76.01831490   -75.85101460   -76.01293832
  893    1.3000  110.0000    6.0000   -76.01526956   -75.84776261   -76.01415154
  894    1.3000  110.0000    7.0000   -76.01466819   -75.84728549   -76.01429395
  895    1.3000  110.0000    8.0000   -76.01452849   -75.84717915   -76.01427408
  896    1.3000  110.0000   10.0000   -76.01447253   -75.84712394   -76.01423339
  897    1.3000  110.0000   12.0000   -76.01446224   -75.84711132   -76.01422079
  898    1.3000  110.0000   14.0000   -76.01445926   -75.84710744   -76.01421655
  899    1.3000  110.0000   16.0000   -76.01439030   -75.84704361   -76.01412113
    0    0.0000    0.0000    0.0000     0.00000000     0.00000000     0.00000000
  900    1.3000  120.0000    1.2000   -75.98516033   -75.57776892   -75.63627619
  901    1.3000  120.0000    1.3000   -76.08133065   -75.67912091   -75.73752860
  902    1.3000  120.0000    1.4000   -76.14380915   -75.74709206   -75.80540392
  903    1.3000  120.0000    1.5000   -76.18268891   -75.79190640   -75.85013542
  904    1.3000  120.0000    1.6000   -76.20497318   -75.82072438   -75.87892137
  905    1.3000  120.0000    1.7000   -76.21557960   -75.83866539   -75.89696073
  906    1.3000  120.0000    1.7500   -76.21763626   -75.84476763   -75.90320094
  907    1.3000  120.0000    1.8000   -76.21799565   -75.84947252   -75.90813199
  908    1.3000  120.0000    1.8500   -76.21694172   -75.85310211   -75.91210175
  909    1.3000  120.0000    1.9000   -76.21471553   -75.85593433   -75.91541515
  910    1.3000  120.0000    2.0000   -76.20753595   -75.86011485   -75.92107532
  911    1.3000  120.0000    2.1500   -76.19220695   -75.86502990   -75.92958564
  912    1.3000  120.0000    2.3000   -76.17397063   -75.87006591   -75.93935895
  913    1.3000  120.0000    2.4000   -76.16115997   -75.87358338   -75.94625448
  914    1.3000  120.0000    2.6000   -76.13560788   -75.88026079   -75.95968368
  915    1.3000  120.0000    2.8000   -76.11165208   -75.88542458   -75.97153867
  916    1.3000  120.0000    3.0000   -76.09035930   -75.88842585   -75.98136234
  917    1.3000  120.0000    3.3000   -76.06443617   -75.88867541   -75.99256051
  918    1.3000  120.0000    3.6000   -76.04590525   -75.88449558   -76.00029434
  919    1.3000  120.0000    4.0000   -76.03066649   -75.87458555   -76.00675843
  920    1.3000  120.0000    4.5000   -76.02139860   -75.86159894   -76.01102135
  921    1.3000  120.0000    5.0000   -76.01749081   -75.85321723   -76.01298518
  922    1.3000  120.0000    6.0000   -76.01512527   -75.84806320   -76.01416418
  923    1.3000  120.0000    7.0000   -76.01464637   -75.84732122   -76.01429603
  924    1.3000  120.0000    8.0000   -76.01452687   -75.84718089   -76.01427432
  925    1.3000  120.0000   10.0000   -76.01447384   -75.84712231   -76.01423351
  926    1.3000  120.0000   12.0000   -76.01446312   -75.84711038   -76.01422095
  927    1.3000  120.0000   14.0000   -76.01445983   -75.84710682   -76.01421668
  928    1.3000  120.0000   16.0000   -76.01439032   -75.84704360   -76.01412115
    0    0.0000    0.0000    0.0000     0.00000000     0.00000000     0.00000000
  929    1.3000  130.0000    1.2000   -75.98271719   -75.59043153   -75.63289305
  930    1.3000  130.0000    1.3000   -76.07836128   -75.69130437   -75.73369107
  931    1.3000  130.0000    1.4000   -76.14027257   -75.75877017   -75.80109789
  932    1.3000  130.0000    1.5000   -76.17856052   -75.80308392   -75.84537540
  933    1.3000  130.0000    1.6000   -76.20024224   -75.83144675   -75.87375837
  934    1.3000  130.0000    1.7000   -76.21024610   -75.84904030   -75.89149562
  935    1.3000  130.0000    1.7500   -76.21200425   -75.85503518   -75.89764381
  936    1.3000  130.0000    1.8000   -76.21206840   -75.85969357   -75.90253578
  937    1.3000  130.0000    1.8500   -76.21072355   -75.86335060   -75.90653005
  938    1.3000  130.0000    1.9000   -76.20821183   -75.86629561   -75.90993956
  939    1.3000  130.0000    2.0000   -76.20048134   -75.87098090   -75.91601373
  940    1.3000  130.0000    2.1500   -76.18439016   -75.87724486   -75.92552935
  941    1.3000  130.0000    2.3000   -76.16548414   -75.88388379   -75.93634346
  942    1.3000  130.0000    2.4000   -76.15228632   -75.88837812   -75.94383420
  943    1.3000  130.0000    2.6000   -76.12613597   -75.89650719   -75.95818272
  944    1.3000  130.0000    2.8000   -76.10187500   -75.90237986   -75.97065084
  945    1.3000  130.0000    3.0000   -76.08064678   -75.90537016   -75.98087666
  946    1.3000  130.0000    3.3000   -76.05561842   -75.90430708   -75.99240239
  947    1.3000  130.0000    3.6000   -76.03881136   -75.89765174   -76.00032533
  948    1.3000  130.0000    4.0000   -76.02617875   -75.88378159   -76.00686115
  949    1.3000  130.0000    4.5000   -76.01926526   -75.86653745   -76.01111335
  950    1.3000  130.0000    5.0000   -76.01656424   -75.85538851   -76.01304430
  951    1.3000  130.0000    6.0000   -76.01496852   -75.84835963   -76.01417842
  952    1.3000  130.0000    7.0000   -76.01462286   -75.84735510   -76.01429769
  953    1.3000  130.0000    8.0000   -76.01452489   -75.84718161   -76.01427397
  954    1.3000  130.0000   10.0000   -76.01447506   -75.84712035   -76.01423341
  955    1.3000  130.0000   12.0000   -76.01446392   -75.84710930   -76.01422100
  956    1.3000  130.0000   14.0000   -76.01446034   -75.84710614   -76.01421674
  957    1.3000  130.0000   16.0000   -76.01439035   -75.84704359   -76.01412116
    0    0.0000    0.0000    0.0000     0.00000000     0.00000000     0.00000000
  958    1.3000  140.0000    1.2000   -75.97750528   -75.59857441   -75.62675460
  959    1.3000  140.0000    1.3000   -76.07272388   -75.69909484   -75.72722665
  960    1.3000  140.0000    1.4000   -76.13416771   -75.76620470   -75.79430671
  961    1.3000  140.0000    1.5000   -76.17195896   -75.81019129   -75.83828890
  962    1.3000  140.0000    1.6000   -76.19312697   -75.83831078   -75.86645298
  963    1.3000  140.0000    1.7000   -76.20260907   -75.85582064   -75.88411279
  964    1.3000  140.0000    1.7500   -76.20410554   -75.86186713   -75.89030243
  965    1.3000  140.0000    1.8000   -76.20390851   -75.86666027   -75.89530574
  966    1.3000  140.0000    1.8500   -76.20230379   -75.87054967   -75.89949180
  967    1.3000  140.0000    1.9000   -76.19953424   -75.87383518   -75.90318074
  968    1.3000  140.0000    2.0000   -76.19129714   -75.87952656   -75.91004915
  969    1.3000  140.0000    2.1500   -76.17447800   -75.88785454   -75.92104077
  970    1.3000  140.0000    2.3000   -76.15489392   -75.89662571   -75.93317215
  971    1.3000  140.0000    2.4000   -76.14128238   -75.90236526   -75.94136359
  972    1.3000  140.0000    2.6000   -76.11443789   -75.91239350   -75.95673034
  973    1.3000  140.0000    2.8000   -76.08976230   -75.91936116   -75.96984108
  974    1.3000  140.0000    3.0000   -76.06856116   -75.92262076   -75.98047191
  975    1.3000  140.0000    3.3000   -76.04474849   -75.92030792   -75.99231255
  976    1.3000  140.0000    3.6000   -76.03036713   -75.91074537   -76.00040152
  977    1.3000  140.0000    4.0000   -76.02118871   -75.89247888   -76.00699115
  978    1.3000  140.0000    4.5000   -76.01703731   -75.87104848   -76.01121809
  979    1.3000  140.0000    5.0000   -76.01562866   -75.85737251   -76.01310956
  980    1.3000  140.0000    6.0000   -76.01481481   -75.84863094   -76.01419363
  981    1.3000  140.0000    7.0000   -76.01460004   -75.84738517   -76.01429911
  982    1.3000  140.0000    8.0000   -76.01452282   -75.84718147   -76.01427318
  983    1.3000  140.0000   10.0000   -76.01447614   -75.84711829   -76.01423315
  984    1.3000  140.0000   12.0000   -76.01446464   -75.84710821   -76.01422096
  985    1.3000  140.0000   14.0000   -76.01446077   -75.84710546   -76.01421674
  986    1.3000  140.0000   16.0000   -76.01439038   -75.84704357   -76.01412117
    0    0.0000    0.0000    0.0000     0.00000000     0.00000000     0.00000000
  987    1.3000  150.0000    1.2000   -75.97113974   -75.60325986   -75.61954256
  988    1.3000  150.0000    1.3000   -76.06602285   -75.70353315   -75.71978779
  989    1.3000  150.0000    1.4000   -76.12709112   -75.77040850   -75.78664982
  990    1.3000  150.0000    1.5000   -76.16447500   -75.81420755   -75.83045497
  991    1.3000  150.0000    1.6000   -76.18521173   -75.84224286   -75.85853238
  992    1.3000  150.0000    1.7000   -76.19424520   -75.85986711   -75.87627146
  993    1.3000  150.0000    1.7500   -76.19551211   -75.86608334   -75.88259375
  994    1.3000  150.0000    1.8000   -76.19508259   -75.87114440   -75.88780888
  995    1.3000  150.0000    1.8500   -76.19324270   -75.87541416   -75.89229588
  996    1.3000  150.0000    1.9000   -76.19023561   -75.87919903   -75.89637265
  997    1.3000  150.0000    2.0000   -76.18151721   -75.88621446   -75.90423089
  998    1.3000  150.0000    2.1500   -76.16396283   -75.89696363   -75.91683778
  999    1.3000  150.0000    2.3000   -76.14362628   -75.90808638   -75.93029341
 1000    1.3000  150.0000    2.4000   -76.12950906   -75.91520496   -75.93916060
 1001    1.3000  150.0000    2.6000   -76.10168771   -75.92748237   -75.95547842
 1002    1.3000  150.0000    2.8000   -76.07620281   -75.93602708   -75.96917479
 1003    1.3000  150.0000    3.0000   -76.05466059   -75.94002858   -75.98016735
 1004    1.3000  150.0000    3.3000   -76.03212964   -75.93657476   -75.99229929
 1005    1.3000  150.0000    3.6000   -76.02107872   -75.92343458   -76.00050201
 1006    1.3000  150.0000    4.0000   -76.01618040   -75.90025906   -76.00712734
 1007    1.3000  150.0000    4.5000   -76.01494832   -75.87488216   -76.01132180
 1008    1.3000  150.0000    5.0000   -76.01477847   -75.85904447   -76.01317329
 1009    1.3000  150.0000    6.0000   -76.01467880   -75.84886010   -76.01420875
 1010    1.3000  150.0000    7.0000   -76.01458027   -75.84741021   -76.01430061
 1011    1.3000  150.0000    8.0000   -76.01452104   -75.84718088   -76.01427230
 1012    1.3000  150.0000   10.0000   -76.01447704   -75.84711635   -76.01423281
 1013    1.3000  150.0000   12.0000   -76.01446523   -75.84710721   -76.01422087
 1014    1.3000  150.0000   14.0000   -76.01439158   -75.84704469   -76.01412239
 1015    1.3000  150.0000   16.0000   -76.01439040   -75.84704356   -76.01412117
    0    0.0000    0.0000    0.0000     0.00000000     0.00000000     0.00000000
 1016    1.3000  160.0000    1.2000   -75.96518477   -75.60556908   -75.61289802
 1017    1.3000  160.0000    1.3000   -76.05982007   -75.70567958   -75.71299396
 1018    1.3000  160.0000    1.4000   -76.12060735   -75.77241334   -75.77972003
 1019    1.3000  160.0000    1.5000   -76.15768172   -75.81612348   -75.82343232
 1020    1.3000  160.0000    1.6000   -76.17808303   -75.84417667   -75.85150543
 1021    1.3000  160.0000    1.7000   -76.18675712   -75.86201686   -75.86940146
 1022    1.3000  160.0000    1.7500   -76.18783553   -75.86845444   -75.87589228
 1023    1.3000  160.0000    1.8000   -76.18721158   -75.87383389   -75.88135071
 1024    1.3000  160.0000    1.8500   -76.18517127   -75.87852983   -75.88616060
 1025    1.3000  160.0000    1.9000   -76.18195756   -75.88285009   -75.89063530
 1026    1.3000  160.0000    2.0000   -76.17280722   -75.89120687   -75.89943997
 1027    1.3000  160.0000    2.1500   -76.15454382   -75.90425775   -75.91346561
 1028    1.3000  160.0000    2.3000   -76.13341105   -75.91758110   -75.92802444
 1029    1.3000  160.0000    2.4000   -76.11870597   -75.92603907   -75.93744028
 1030    1.3000  160.0000    2.6000   -76.08955655   -75.94074571   -75.95451895
 1031    1.3000  160.0000    2.8000   -76.06258529   -75.95146937   -75.96868060
 1032    1.3000  160.0000    3.0000   -76.03977255   -75.95713379   -75.97995864
 1033    1.3000  160.0000    3.3000   -76.01816334   -75.95295611   -75.99231445
 1034    1.3000  160.0000    3.6000   -76.01178752   -75.93503143   -76.00059811
 1035    1.3000  160.0000    4.0000   -76.01177600   -75.90655280   -76.00725586
 1036    1.3000  160.0000    4.5000   -76.01324133   -75.87779192   -76.01143018
 1037    1.3000  160.0000    5.0000   -76.01409148   -75.86029645   -76.01324067
 1038    1.3000  160.0000    6.0000   -76.01454154   -75.84899339   -76.01420474
 1039    1.3000  160.0000    7.0000   -76.01454842   -75.84740837   -76.01429987
 1040    1.3000  160.0000    8.0000   -76.01453556   -75.84720177   -76.01428428
 1041    1.3000  160.0000   10.0000   -76.01435946   -75.84702961   -76.01411064
 1042    1.3000  160.0000   12.0000   -76.01434094   -75.84702022   -76.01410257
 1043    1.3000  160.0000   14.0000   -76.01433772   -75.84701842   -76.01409765
 1044    1.3000  160.0000   16.0000   -76.01433643   -75.84701725   -76.01409669
    0    0.0000    0.0000    0.0000     0.00000000     0.00000000     0.00000000
 1045    1.3000  170.0000    1.2000   -75.96098176   -75.60647649   -75.60823959
 1046    1.3000  170.0000    1.3000   -76.05546349   -75.70649529   -75.70825092
 1047    1.3000  170.0000    1.4000   -76.11607553   -75.77315637   -75.77490526
 1048    1.3000  170.0000    1.5000   -76.15295495   -75.81683600   -75.81857905
 1049    1.3000  170.0000    1.6000   -76.17314169   -75.84494064   -75.84667938
 1050    1.3000  170.0000    1.7000   -76.18157693   -75.86298107   -75.86472153
 1051    1.3000  170.0000    1.7500   -76.18252776   -75.86960494   -75.87135159
 1052    1.3000  170.0000    1.8000   -76.18177013   -75.87524310   -75.87700370
 1053    1.3000  170.0000    1.8500   -76.17958974   -75.88027646   -75.88206049
 1054    1.3000  170.0000    1.9000   -76.17623030   -75.88501067   -75.88683153
 1055    1.3000  170.0000    2.0000   -76.16676253   -75.89437144   -75.89631033
 1056    1.3000  170.0000    2.1500   -76.14795361   -75.90909037   -75.91129426
 1057    1.3000  170.0000    2.3000   -76.12615829   -75.92402807   -75.92657458
 1058    1.3000  170.0000    2.4000   -76.11092299   -75.93352184   -75.93634485
 1059    1.3000  170.0000    2.6000   -76.08039978   -75.95035412   -75.95391306
 1060    1.3000  170.0000    2.8000   -76.05140520   -75.96359046   -75.96837432
 1061    1.3000  170.0000    3.0000   -76.02570788   -75.97242209   -75.97983575
 1062    1.3000  170.0000    3.3000   -76.00345040   -75.96905248   -75.99233333
 1063    1.3000  170.0000    3.6000   -76.00411808   -75.94404368   -76.00066655
 1064    1.3000  170.0000    4.0000   -76.00869745   -75.91075082   -76.00733774
 1065    1.3000  170.0000    4.5000   -76.01211856   -75.87963992   -76.01149122
 1066    1.3000  170.0000    5.0000   -76.01365631   -75.86108284   -76.01327730
 1067    1.3000  170.0000    6.0000   -76.01447416   -75.84909904   -76.01421361
 1068    1.3000  170.0000    7.0000   -76.01452756   -75.84740415   -76.01429032
 1069    1.3000  170.0000    8.0000   -76.01452802   -75.84719108   -76.01429540
 1070    1.3000  170.0000   10.0000   -76.01434803   -75.84701956   -76.01411058
 1071    1.3000  170.0000   12.0000   -76.01433967   -75.84701941   -76.01410291
 1072    1.3000  170.0000   14.0000   -76.01433774   -75.84701900   -76.01410015
 1073    1.3000  170.0000   16.0000   -76.01433382   -75.84701160   -76.01409786
    0    0.0000    0.0000    0.0000     0.00000000     0.00000000     0.00000000
 1074    1.3000  179.9900    1.2000   -75.95946337   -75.60668789   -75.60656091
 1075    1.3000  179.9900    1.3000   -76.05389391   -75.70667803   -75.70654603
 1076    1.3000  179.9900    1.4000   -76.11444755   -75.77331831   -75.77317978
 1077    1.3000  179.9900    1.5000   -76.15126109   -75.81699296   -75.81684509
 1078    1.3000  179.9900    1.6000   -76.17137237   -75.84512205   -75.84496058
 1079    1.3000  179.9900    1.7000   -76.17972506   -75.86324442   -75.86306198
 1080    1.3000  179.9900    1.7500   -76.18063038   -75.86994112   -75.86974684
 1081    1.3000  179.9900    1.8000   -76.17982464   -75.87567885   -75.87547116
 1082    1.3000  179.9900    1.8500   -76.17759331   -75.88084124   -75.88062126
 1083    1.3000  179.9900    1.9000   -76.17417886   -75.88573172   -75.88550171
 1084    1.3000  179.9900    2.0000   -76.16459317   -75.89546525   -75.89522371
 1085    1.3000  179.9900    2.1500   -76.14557580   -75.91079593   -75.91054439
 1086    1.3000  179.9900    2.3000   -76.12351458   -75.92633570   -75.92607489
 1087    1.3000  179.9900    2.4000   -76.10805617   -75.93623020   -75.93596752
 1088    1.3000  179.9900    2.6000   -76.07690160   -75.95396359   -75.95370478
 1089    1.3000  179.9900    2.8000   -76.04677393   -75.96851755   -75.96826983
 1090    1.3000  179.9900    3.0000   -76.01853556   -75.98003006   -75.97979469
 1091    1.3000  179.9900    3.3000   -75.99256127   -75.98046537   -75.99234111
 1092    1.3000  179.9900    3.6000   -76.00093454   -75.94770148   -76.00071461
 1093    1.3000  179.9900    4.0000   -76.00758311   -75.91223488   -76.00736742
 1094    1.3000  179.9900    4.5000   -76.01172719   -75.88027134   -76.01151288
 1095    1.3000  179.9900    5.0000   -76.01350629   -75.86134958   -76.01329020
 1096    1.3000  179.9900    6.0000   -76.01445133   -75.84913498   -76.01421680
 1097    1.3000  179.9900    7.0000   -76.01451994   -75.84740143   -76.01428693
 1098    1.3000  179.9900    8.0000   -76.01451815   -75.84717781   -76.01429760
 1099    1.3000  179.9900   10.0000   -76.01433716   -75.84700938   -76.01411208
 1100    1.3000  179.9900   12.0000   -76.01433906   -75.84701886   -76.01410407
 1101    1.3000  179.9900   14.0000   -76.01433738   -75.84701778   -76.01410107
 1102    1.3000  179.9900   16.0000   -76.01432945   -75.84700213   -76.01409746
    0    0.0000    0.0000    0.0000     0.00000000     0.00000000     0.00000000
 1103    1.4000    0.0100    1.2000   -40.00000000   -40.00000000   -40.00000000
 1104    1.4000    0.0100    1.3000   -40.00000000   -40.00000000   -40.00000000
 1105    1.4000    0.0100    1.4000   -40.00000000   -40.00000000   -40.00000000
 1106    1.4000    0.0100    1.5000   -40.00000000   -40.00000000   -40.00000000
 1107    1.4000    0.0100    1.6000   -40.00000000   -40.00000000   -40.00000000
 1108    1.4000    0.0100    1.7000   -40.00000000   -40.00000000   -40.00000000
 1109    1.4000    0.0100    1.7500   -40.00000000   -40.00000000   -40.00000000
 1110    1.4000    0.0100    1.8000   -40.00000000   -40.00000000   -40.00000000
 1111    1.4000    0.0100    1.8500   -40.00000000   -40.00000000   -40.00000000
 1112    1.4000    0.0100    1.9000   -40.00000000   -40.00000000   -40.00000000
 1113    1.4000    0.0100    2.0000   -40.00000000   -40.00000000   -40.00000000
 1114    1.4000    0.0100    2.1500   -75.78605319   -75.59078312   -75.59050583
 1115    1.4000    0.0100    2.3000   -75.89619883   -75.73962963   -75.73935151
 1116    1.4000    0.0100    2.4000   -75.93923862   -75.80749354   -75.80721588
 1117    1.4000    0.0100    2.6000   -75.98479904   -75.89939131   -75.89912024
 1118    1.4000    0.0100    2.8000   -76.00063688   -75.95658402   -75.95632439
 1119    1.4000    0.0100    3.0000   -76.00185826   -75.99407809   -75.99383454
 1120    1.4000    0.0100    3.3000   -76.02925314   -75.99160063   -76.02903264
 1121    1.4000    0.0100    3.6000   -76.04994235   -75.97645382   -76.04973810
 1122    1.4000    0.0100    4.0000   -76.06528457   -75.95649685   -76.06508142
 1123    1.4000    0.0100    4.5000   -76.07426070   -75.93726620   -76.07404797
 1124    1.4000    0.0100    5.0000   -76.07790722   -75.92568721   -76.07767926
 1125    1.4000    0.0100    6.0000   -76.07972449   -75.91732057   -76.07946381
 1126    1.4000    0.0100    7.0000   -76.07981886   -75.91571264   -76.07954718
 1127    1.4000    0.0100    8.0000   -76.07978244   -75.91542895   -76.07950909
 1128    1.4000    0.0100   10.0000   -76.07971310   -75.91531667   -76.07944048
 1129    1.4000    0.0100   12.0000   -76.07969720   -75.91530012   -76.07942501
 1130    1.4000    0.0100   14.0000   -76.07969276   -75.91529583   -76.07942066
 1131    1.4000    0.0100   16.0000   -76.07969125   -75.91529440   -76.07941918
    0    0.0000    0.0000    0.0000     0.00000000     0.00000000     0.00000000
 1132    1.4000   10.0000    1.2000   -40.00000000   -40.00000000   -40.00000000
 1133    1.4000   10.0000    1.3000   -40.00000000   -40.00000000   -40.00000000
 1134    1.4000   10.0000    1.4000   -40.00000000   -40.00000000   -40.00000000
 1135    1.4000   10.0000    1.5000   -40.00000000   -40.00000000   -40.00000000
 1136    1.4000   10.0000    1.6000   -40.00000000   -40.00000000   -40.00000000
 1137    1.4000   10.0000    1.7000   -40.00000000   -40.00000000   -40.00000000
 1138    1.4000   10.0000    1.7500   -40.00000000   -40.00000000   -40.00000000
 1139    1.4000   10.0000    1.8000   -40.00000000   -40.00000000   -40.00000000
 1140    1.4000   10.0000    1.8500   -40.00000000   -40.00000000   -40.00000000
 1141    1.4000   10.0000    1.9000   -40.00000000   -40.00000000   -40.00000000
 1142    1.4000   10.0000    2.0000   -40.00000000   -40.00000000   -40.00000000
 1143    1.4000   10.0000    2.1500   -75.84741780   -75.64606456   -75.65061541
 1144    1.4000   10.0000    2.3000   -75.93149669   -75.76715009   -75.77237815
 1145    1.4000   10.0000    2.4000   -75.96531489   -75.82442549   -75.83027019
 1146    1.4000   10.0000    2.6000   -76.00193000   -75.90338279   -75.91114250
 1147    1.4000   10.0000    2.8000   -76.01648286   -75.95160919   -75.96313472
 1148    1.4000   10.0000    3.0000   -76.02386782   -75.97769613   -75.99792241
 1149    1.4000   10.0000    3.3000   -76.03949506   -75.98331551   -76.03108036
 1150    1.4000   10.0000    3.6000   -76.05461573   -75.97219171   -76.05080834
 1151    1.4000   10.0000    4.0000   -76.06731024   -75.95412602   -76.06553499
 1152    1.4000   10.0000    4.5000   -76.07505033   -75.93600875   -76.07418867
 1153    1.4000   10.0000    5.0000   -76.07822248   -75.92506243   -76.07771186
 1154    1.4000   10.0000    6.0000   -76.07977105   -75.91719795   -76.07945724
 1155    1.4000   10.0000    7.0000   -76.07986387   -75.91574310   -76.07958334
 1156    1.4000   10.0000    8.0000   -76.07978187   -75.91542462   -76.07950714
 1157    1.4000   10.0000   10.0000   -76.07971276   -75.91531642   -76.07944024
 1158    1.4000   10.0000   12.0000   -76.07969711   -75.91530007   -76.07942496
 1159    1.4000   10.0000   14.0000   -76.07969273   -75.91529583   -76.07942065
 1160    1.4000   10.0000   16.0000   -76.07969124   -75.91529440   -76.07941918
    0    0.0000    0.0000    0.0000     0.00000000     0.00000000     0.00000000
 1161    1.4000   20.0000    1.2000   -40.00000000   -40.00000000   -40.00000000
 1162    1.4000   20.0000    1.3000   -40.00000000   -40.00000000   -40.00000000
 1163    1.4000   20.0000    1.4000   -40.00000000   -40.00000000   -40.00000000
 1164    1.4000   20.0000    1.5000   -40.00000000   -40.00000000   -40.00000000
 1165    1.4000   20.0000    1.6000   -40.00000000   -40.00000000   -40.00000000
 1166    1.4000   20.0000    1.7000   -40.00000000   -40.00000000   -40.00000000
 1167    1.4000   20.0000    1.7500   -40.00000000   -40.00000000   -40.00000000
 1168    1.4000   20.0000    1.8000   -40.00000000   -40.00000000   -40.00000000
 1169    1.4000   20.0000    1.8500   -75.78361754   -75.49832996   -75.51471114
 1170    1.4000   20.0000    1.9000   -75.82523049   -75.55007501   -75.56669149
 1171    1.4000   20.0000    2.0000   -75.89296260   -75.63933600   -75.65665431
 1172    1.4000   20.0000    2.1500   -75.96258040   -75.74269816   -75.76162047
 1173    1.4000   20.0000    2.3000   -76.00449252   -75.81757857   -75.83875338
 1174    1.4000   20.0000    2.4000   -76.02194242   -75.85550474   -75.87858858
 1175    1.4000   20.0000    2.6000   -76.04116503   -75.91007203   -75.93824984
 1176    1.4000   20.0000    2.8000   -76.04904159   -75.94355881   -75.97922877
 1177    1.4000   20.0000    3.0000   -76.05295750   -75.96146616   -76.00785163
 1178    1.4000   20.0000    3.3000   -76.05910909   -75.96801494   -76.03620070
 1179    1.4000   20.0000    3.6000   -76.06580331   -75.96159222   -76.05352531
 1180    1.4000   20.0000    4.0000   -76.07261145   -75.94763627   -76.06669513
 1181    1.4000   20.0000    4.5000   -76.07719186   -75.93251988   -76.07454956
 1182    1.4000   20.0000    5.0000   -76.07908830   -75.92334457   -76.07779611
 1183    1.4000   20.0000    6.0000   -76.07989990   -75.91686454   -76.07943880
 1184    1.4000   20.0000    7.0000   -76.07987582   -75.91568203   -76.07957012
 1185    1.4000   20.0000    8.0000   -76.07978042   -75.91541270   -76.07950193
 1186    1.4000   20.0000   10.0000   -76.07971184   -75.91531574   -76.07943961
 1187    1.4000   20.0000   12.0000   -76.07969686   -75.91529998   -76.07942483
 1188    1.4000   20.0000   14.0000   -76.07969265   -75.91529578   -76.07942059
 1189    1.4000   20.0000   16.0000   -76.07969121   -75.91529438   -76.07941916
    0    0.0000    0.0000    0.0000     0.00000000     0.00000000     0.00000000
 1190    1.4000   30.0000    1.2000   -75.55500603   -75.17436138   -75.21831015
 1191    1.4000   30.0000    1.3000   -75.65449462   -75.28069727   -75.32259443
 1192    1.4000   30.0000    1.4000   -75.73750004   -75.37179681   -75.41192980
 1193    1.4000   30.0000    1.5000   -75.80983954   -75.45373893   -75.49243917
 1194    1.4000   30.0000    1.6000   -75.87285121   -75.52813958   -75.56579795
 1195    1.4000   30.0000    1.7000   -75.92632197   -75.59502182   -75.63211337
 1196    1.4000   30.0000    1.7500   -75.94941629   -75.62561537   -75.66263160
 1197    1.4000   30.0000    1.8000   -75.97012149   -75.65433711   -75.69143014
 1198    1.4000   30.0000    1.8500   -75.98851646   -75.68123188   -75.71856028
 1199    1.4000   30.0000    1.9000   -76.00471301   -75.70635792   -75.74408055
 1200    1.4000   30.0000    2.0000   -76.03107258   -75.75156860   -75.79052811
 1201    1.4000   30.0000    2.1500   -76.05790151   -75.80784181   -75.84960212
 1202    1.4000   30.0000    2.3000   -76.07325491   -75.85191122   -75.89740606
 1203    1.4000   30.0000    2.4000   -76.07898628   -75.87539566   -75.92384068
 1204    1.4000   30.0000    2.6000   -76.08361371   -75.91049467   -75.96594225
 1205    1.4000   30.0000    2.8000   -76.08339990   -75.93277718   -75.99676689
 1206    1.4000   30.0000    3.0000   -76.08168986   -75.94526845   -76.01933898
 1207    1.4000   30.0000    3.3000   -76.07967377   -75.95113253   -76.04244287
 1208    1.4000   30.0000    3.6000   -76.07912157   -75.94790333   -76.05693298
 1209    1.4000   30.0000    4.0000   -76.07959174   -75.93860434   -76.06822327
 1210    1.4000   30.0000    4.5000   -76.08018107   -75.92769778   -76.07507921
 1211    1.4000   30.0000    5.0000   -76.08034041   -75.92104684   -76.07796739
 1212    1.4000   30.0000    6.0000   -76.08010687   -75.91644604   -76.07947782
 1213    1.4000   30.0000    7.0000   -76.07994855   -75.91566489   -76.07964492
 1214    1.4000   30.0000    8.0000   -76.07983186   -75.91545459   -76.07958479
 1215    1.4000   30.0000   10.0000   -76.07976472   -75.91536915   -76.07952640
 1216    1.4000   30.0000   12.0000   -76.07975274   -75.91535428   -76.07951232
 1217    1.4000   30.0000   14.0000   -76.07974997   -75.91535032   -76.07950847
 1218    1.4000   30.0000   16.0000   -76.07969116   -75.91529435   -76.07941911
    0    0.0000    0.0000    0.0000     0.00000000     0.00000000     0.00000000
 1219    1.4000   45.0000    1.2000   -75.81516711   -75.38349664   -75.47919167
 1220    1.4000   45.0000    1.3000   -75.92031588   -75.49757781   -75.58953483
 1221    1.4000   45.0000    1.4000   -75.99480022   -75.58172944   -75.67029998
 1222    1.4000   45.0000    1.5000   -76.04768955   -75.64513766   -75.73077138
 1223    1.4000   45.0000    1.6000   -76.08503548   -75.69398994   -75.77725517
 1224    1.4000   45.0000    1.7000   -76.11098393   -75.73255768   -75.81417561
 1225    1.4000   45.0000    1.7500   -76.12063381   -75.74896021   -75.83007766
 1226    1.4000   45.0000    1.8000   -76.12846255   -75.76383802   -75.84469625
 1227    1.4000   45.0000    1.8500   -76.13471416   -75.77742501   -75.85827893
 1228    1.4000   45.0000    1.9000   -76.13959953   -75.78991166   -75.87102205
 1229    1.4000   45.0000    2.0000   -76.14598431   -75.81216362   -75.89454049
 1230    1.4000   45.0000    2.1500   -76.14925009   -75.84018983   -75.92597869
 1231    1.4000   45.0000    2.3000   -76.14750118   -75.86306290   -75.95336006
 1232    1.4000   45.0000    2.4000   -76.14457538   -75.87579253   -75.96941370
 1233    1.4000   45.0000    2.6000   -76.13642202   -75.89584357   -75.99644513
 1234    1.4000   45.0000    2.8000   -76.12709091   -75.90966171   -76.01741284
 1235    1.4000   45.0000    3.0000   -76.11799208   -75.91847560   -76.03340609
 1236    1.4000   45.0000    3.3000   -76.10628846   -75.92483105   -76.05035931
 1237    1.4000   45.0000    3.6000   -76.09754044   -75.92589532   -76.06136643
 1238    1.4000   45.0000    4.0000   -76.08994768   -75.92351443   -76.07016477
 1239    1.4000   45.0000    4.5000   -76.08482439   -75.91969543   -76.07570159
 1240    1.4000   45.0000    5.0000   -76.08232364   -75.91737618   -76.07813780
 1241    1.4000   45.0000    6.0000   -76.08047106   -75.91586926   -76.07950073
 1242    1.4000   45.0000    7.0000   -76.07997903   -75.91554543   -76.07961941
 1243    1.4000   45.0000    8.0000   -76.07982988   -75.91543301   -76.07957621
 1244    1.4000   45.0000   10.0000   -76.07976274   -75.91536862   -76.07952593
 1245    1.4000   45.0000   12.0000   -76.07975236   -75.91535462   -76.07951263
 1246    1.4000   45.0000   14.0000   -76.07975000   -75.91535060   -76.07950882
 1247    1.4000   45.0000   16.0000   -76.07969107   -75.91529432   -76.07941906
    0    0.0000    0.0000    0.0000     0.00000000     0.00000000     0.00000000
 1248    1.4000   60.0000    1.2000   -75.92725609   -75.43407098   -75.59013357
 1249    1.4000   60.0000    1.3000   -76.02976813   -75.54554249   -75.69777192
 1250    1.4000   60.0000    1.4000   -76.09937806   -75.62603254   -75.77324387
 1251    1.4000   60.0000    1.5000   -76.14588491   -75.68436449   -75.82651419
 1252    1.4000   60.0000    1.6000   -76.17604272   -75.72702224   -75.86455420
 1253    1.4000   60.0000    1.7000   -76.19457721   -75.75866590   -75.89235129
 1254    1.4000   60.0000    1.7500   -76.20057171   -75.77143669   -75.90358338
 1255    1.4000   60.0000    1.8000   -76.20483086   -75.78261681   -75.91352909
 1256    1.4000   60.0000    1.8500   -76.20762556   -75.79247225   -75.92248525
 1257    1.4000   60.0000    1.9000   -76.20918588   -75.80122840   -75.93069639
 1258    1.4000   60.0000    2.0000   -76.20935866   -75.81615960   -75.94561043
 1259    1.4000   60.0000    2.1500   -76.20441673   -75.83406887   -75.96574083
 1260    1.4000   60.0000    2.3000   -76.19569762   -75.84859603   -75.98396164
 1261    1.4000   60.0000    2.4000   -76.18871504   -75.85699700   -75.99504080
 1262    1.4000   60.0000    2.6000   -76.17355068   -75.87137127   -76.01437675
 1263    1.4000   60.0000    2.8000   -76.15828028   -75.88289410   -76.02992852
 1264    1.4000   60.0000    3.0000   -76.14398015   -75.89186032   -76.04210078
 1265    1.4000   60.0000    3.3000   -76.12550162   -75.90129294   -76.05531770
 1266    1.4000   60.0000    3.6000   -76.11110865   -75.90709786   -76.06411532
 1267    1.4000   60.0000    4.0000   -76.09784845   -75.91129832   -76.07133499
 1268    1.4000   60.0000    4.5000   -76.08844544   -75.91369607   -76.07603485
 1269    1.4000   60.0000    5.0000   -76.08384910   -75.91476340   -76.07818462
 1270    1.4000   60.0000    6.0000   -76.08069555   -75.91542382   -76.07946210
 1271    1.4000   60.0000    7.0000   -76.08000069   -75.91546656   -76.07959957
 1272    1.4000   60.0000    8.0000   -76.07982846   -75.91541952   -76.07957057
 1273    1.4000   60.0000   10.0000   -76.07976198   -75.91536871   -76.07952593
 1274    1.4000   60.0000   12.0000   -76.07975244   -75.91535507   -76.07951314
 1275    1.4000   60.0000   14.0000   -76.07975027   -75.91535090   -76.07950929
 1276    1.4000   60.0000   16.0000   -76.07969100   -75.91529429   -76.07941900
    0    0.0000    0.0000    0.0000     0.00000000     0.00000000     0.00000000
 1277    1.4000   70.0000    1.2000   -75.97231879   -75.48803787   -75.63408514
 1278    1.4000   70.0000    1.3000   -76.07322939   -75.59310490   -75.74002737
 1279    1.4000   70.0000    1.4000   -76.14085598   -75.66575219   -75.81324139
 1280    1.4000   70.0000    1.5000   -76.18513702   -75.71611866   -75.86381854
 1281    1.4000   70.0000    1.6000   -76.21294790   -75.75128960   -75.89883233
 1282    1.4000   70.0000    1.7000   -76.22910222   -75.77624187   -75.92335157
 1283    1.4000   70.0000    1.7500   -76.23391373   -75.78600447   -75.93287418
 1284    1.4000   70.0000    1.8000   -76.23700286   -75.79439126   -75.94107841
 1285    1.4000   70.0000    1.8500   -76.23864556   -75.80164448   -75.94827532
 1286    1.4000   70.0000    1.9000   -76.23907580   -75.80795321   -75.95472684
 1287    1.4000   70.0000    2.0000   -76.23706501   -75.81829420   -75.96620558
 1288    1.4000   70.0000    2.1500   -76.22905464   -75.82956276   -75.98170554
 1289    1.4000   70.0000    2.3000   -76.21752298   -75.83736737   -75.99614352
 1290    1.4000   70.0000    2.4000   -76.20882383   -75.84034441   -76.00516839
 1291    1.4000   70.0000    2.6000   -76.19048699   -75.85664590   -76.02135283
 1292    1.4000   70.0000    2.8000   -76.17241004   -75.87015452   -76.03471925
 1293    1.4000   70.0000    3.0000   -76.15562846   -75.88095704   -76.04537347
 1294    1.4000   70.0000    3.3000   -76.13397483   -75.89289762   -76.05713500
 1295    1.4000   70.0000    3.6000   -76.11701893   -75.90096093   -76.06509507
 1296    1.4000   70.0000    4.0000   -76.10124853   -75.90764313   -76.07173557
 1297    1.4000   70.0000    4.5000   -76.08997442   -75.91203300   -76.07613826
 1298    1.4000   70.0000    5.0000   -76.08447522   -75.91406851   -76.07819108
 1299    1.4000   70.0000    6.0000   -76.08077942   -75.91530575   -76.07944492
 1300    1.4000   70.0000    7.0000   -76.08000673   -75.91544430   -76.07959159
 1301    1.4000   70.0000    8.0000   -76.07982759   -75.91541591   -76.07956874
 1302    1.4000   70.0000   10.0000   -76.07976218   -75.91536896   -76.07952620
 1303    1.4000   70.0000   12.0000   -76.07975282   -75.91535537   -76.07951357
 1304    1.4000   70.0000   14.0000   -76.07975061   -75.91535108   -76.07950965
 1305    1.4000   70.0000   16.0000   -76.07969095   -75.91529428   -76.07941897
    0    0.0000    0.0000    0.0000     0.00000000     0.00000000     0.00000000
 1306    1.4000   80.0000    1.2000   -76.00411393   -75.53582400   -75.66467797
 1307    1.4000   80.0000    1.3000   -76.10373465   -75.63997070   -75.76923223
 1308    1.4000   80.0000    1.4000   -76.16989514   -75.71127365   -75.84076210
 1309    1.4000   80.0000    1.5000   -76.21259968   -75.75986826   -75.88941075
 1310    1.4000   80.0000    1.6000   -76.23877660   -75.79280923   -75.92228998
 1311    1.4000   80.0000    1.7000   -76.25328093   -75.81506479   -75.94449793
 1312    1.4000   80.0000    1.7500   -76.25727122   -75.82332920   -75.95280833
 1313    1.4000   80.0000    1.8000   -76.25954543   -75.83015561   -75.95977074
 1314    1.4000   80.0000    1.8500   -76.26037685   -75.83582437   -75.96572048
 1315    1.4000   80.0000    1.9000   -76.25999391   -75.84053570   -75.97095626
 1316    1.4000   80.0000    2.0000   -76.25641853   -75.84790612   -75.97992908
 1317    1.4000   80.0000    2.1500   -76.24617172   -75.85582098   -75.99203065
 1318    1.4000   80.0000    2.3000   -76.23255499   -75.86204740   -76.00376045
 1319    1.4000   80.0000    2.4000   -76.22253371   -75.86589656   -76.01135711
 1320    1.4000   80.0000    2.6000   -76.20181093   -75.87357302   -76.02543176
 1321    1.4000   80.0000    2.8000   -76.18162989   -75.88129623   -76.03741084
 1322    1.4000   80.0000    3.0000   -76.16301710   -75.88849937   -76.04714825
 1323    1.4000   80.0000    3.3000   -76.13910106   -75.89732508   -76.05807834
 1324    1.4000   80.0000    3.6000   -76.12041787   -75.90363105   -76.06558752
 1325    1.4000   80.0000    4.0000   -76.10306992   -75.90897638   -76.07193013
 1326    1.4000   80.0000    4.5000   -76.09071944   -75.91255155   -76.07618561
 1327    1.4000   80.0000    5.0000   -76.08474948   -75.91425410   -76.07819229
 1328    1.4000   80.0000    6.0000   -76.08080512   -75.91532428   -76.07943621
 1329    1.4000   80.0000    7.0000   -76.08000577   -75.91544417   -76.07958784
 1330    1.4000   80.0000    8.0000   -76.07982676   -75.91541573   -76.07956819
 1331    1.4000   80.0000   10.0000   -76.07976287   -75.91536924   -76.07952668
 1332    1.4000   80.0000   12.0000   -76.07975337   -75.91535554   -76.07951403
 1333    1.4000   80.0000   14.0000   -76.07975105   -75.91535117   -76.07951001
 1334    1.4000   80.0000   16.0000   -76.07969093   -75.91529427   -76.07941896
    0    0.0000    0.0000    0.0000     0.00000000     0.00000000     0.00000000
 1335    1.4000   90.0000    1.2000   -76.02593607   -75.57426525   -75.68542682
 1336    1.4000   90.0000    1.3000   -76.12450437   -75.67755675   -75.78887080
 1337    1.4000   90.0000    1.4000   -76.18951287   -75.74775271   -75.85911226
 1338    1.4000   90.0000    1.5000   -76.23100155   -75.79501169   -75.90632124
 1339    1.4000   90.0000    1.6000   -76.25592799   -75.82641052   -75.93762938
 1340    1.4000   90.0000    1.7000   -76.26917066   -75.84695268   -75.95815181
 1341    1.4000   90.0000    1.7500   -76.27253200   -75.85431317   -75.96558319
 1342    1.4000   90.0000    1.8000   -76.27418149   -75.86021467   -75.97164695
 1343    1.4000   90.0000    1.8500   -76.27439905   -75.86495051   -75.97666869
 1344    1.4000   90.0000    1.9000   -76.27342193   -75.86876864   -75.98093009
 1345    1.4000   90.0000    2.0000   -76.26865938   -75.87445326   -75.98809266
 1346    1.4000   90.0000    2.1500   -76.25670665   -75.88025863   -75.99779595
 1347    1.4000   90.0000    2.3000   -76.24148728   -75.88477224   -76.00781241
 1348    1.4000   90.0000    2.4000   -76.23047465   -75.88767772   -76.01450796
 1349    1.4000   90.0000    2.6000   -76.20796989   -75.89365698   -76.02732810
 1350    1.4000   90.0000    2.8000   -76.18626856   -75.89932600   -76.03856385
 1351    1.4000   90.0000    3.0000   -76.16639298   -75.90420797   -76.04785807
 1352    1.4000   90.0000    3.3000   -76.14103721   -75.90960701   -76.05843184
 1353    1.4000   90.0000    3.6000   -76.12139298   -75.91275377   -76.06576906
 1354    1.4000   90.0000    4.0000   -76.10334489   -75.91448510   -76.07200592
 1355    1.4000   90.0000    4.5000   -76.09069208   -75.91500095   -76.07621006
 1356    1.4000   90.0000    5.0000   -76.08467901   -75.91521443   -76.07819880
 1357    1.4000   90.0000    6.0000   -76.08077522   -75.91545619   -76.07943583
 1358    1.4000   90.0000    7.0000   -76.07999817   -75.91546111   -76.07958743
 1359    1.4000   90.0000    8.0000   -76.07982591   -75.91541777   -76.07956854
 1360    1.4000   90.0000   10.0000   -76.07976386   -75.91536928   -76.07952722
 1361    1.4000   90.0000   12.0000   -76.07975409   -75.91535556   -76.07951449
 1362    1.4000   90.0000   14.0000   -76.07975156   -75.91535114   -76.07951034
 1363    1.4000   90.0000   16.0000   -76.07969091   -75.91529427   -76.07941895
    0    0.0000    0.0000    0.0000     0.00000000     0.00000000     0.00000000
 1364    1.4000  100.0000    1.2000   -76.03954959   -75.60478045   -75.69803733
 1365    1.4000  100.0000    1.3000   -76.13725270   -75.70732560   -75.80060402
 1366    1.4000  100.0000    1.4000   -76.20132875   -75.77661273   -75.86985681
 1367    1.4000  100.0000    1.5000   -76.24184253   -75.82282178   -75.91598595
 1368    1.4000  100.0000    1.6000   -76.26577210   -75.85305410   -75.94614000
 1369    1.4000  100.0000    1.7000   -76.27801322   -75.87234446   -75.96545144
 1370    1.4000  100.0000    1.7500   -76.28087679   -75.87906112   -75.97226334
 1371    1.4000  100.0000    1.8000   -76.28203280   -75.88431701   -75.97770408
 1372    1.4000  100.0000    1.8500   -76.28176277   -75.88841365   -75.98210528
 1373    1.4000  100.0000    1.9000   -76.28030543   -75.89160965   -75.98575611
 1374    1.4000  100.0000    2.0000   -76.27460964   -75.89614322   -75.99176336
 1375    1.4000  100.0000    2.1500   -76.26134224   -75.90059262   -76.00001850
 1376    1.4000  100.0000    2.3000   -76.24493591   -75.90433874   -76.00904074
 1377    1.4000  100.0000    2.4000   -76.23320429   -75.90688539   -76.01535766
 1378    1.4000  100.0000    2.6000   -76.20943120   -75.91210715   -76.02768539
 1379    1.4000  100.0000    2.8000   -76.18669538   -75.91687090   -76.03868176
 1380    1.4000  100.0000    3.0000   -76.16603291   -75.92062252   -76.04788688
 1381    1.4000  100.0000    3.3000   -76.13996225   -75.92387614   -76.05844302
 1382    1.4000  100.0000    3.6000   -76.12006857   -75.92441214   -76.06579048
 1383    1.4000  100.0000    4.0000   -76.10216220   -75.92234524   -76.07203680
 1384    1.4000  100.0000    4.5000   -76.08995104   -75.91882970   -76.07623800
 1385    1.4000  100.0000    5.0000   -76.08429660   -75.91676358   -76.07821777
 1386    1.4000  100.0000    6.0000   -76.08069611   -75.91567126   -76.07944211
 1387    1.4000  100.0000    7.0000   -76.07998452   -75.91548919   -76.07958894
 1388    1.4000  100.0000    8.0000   -76.07982486   -75.91542074   -76.07956927
 1389    1.4000  100.0000   10.0000   -76.07976505   -75.91536893   -76.07952770
 1390    1.4000  100.0000   12.0000   -76.07975490   -75.91535532   -76.07951485
 1391    1.4000  100.0000   14.0000   -76.07975212   -75.91535097   -76.07951061
 1392    1.4000  100.0000   16.0000   -76.07969091   -75.91529427   -76.07941895
    0    0.0000    0.0000    0.0000     0.00000000     0.00000000     0.00000000
 1393    1.4000  105.0000    1.2000   -76.04369345   -75.61736500   -75.70170120
 1394    1.4000  105.0000    1.3000   -76.14102283   -75.71958171   -75.80390537
 1395    1.4000  105.0000    1.4000   -76.20469823   -75.78848283   -75.87275760
 1396    1.4000  105.0000    1.5000   -76.24479514   -75.83426211   -75.91845834
 1397    1.4000  105.0000    1.6000   -76.26829993   -75.86402786   -75.94816562
 1398    1.4000  105.0000    1.7000   -76.28011597   -75.88283461   -75.96702284
 1399    1.4000  105.0000    1.7500   -76.28276900   -75.88931029   -75.97360946
 1400    1.4000  105.0000    1.8000   -76.28371683   -75.89433030   -75.97882949
 1401    1.4000  105.0000    1.8500   -76.28324173   -75.89820122   -75.98301778
 1402    1.4000  105.0000    1.9000   -76.28158309   -75.90118593   -75.98646712
 1403    1.4000  105.0000    2.0000   -76.27549838   -75.90535864   -75.99212132
 1404    1.4000  105.0000    2.1500   -76.26168940   -75.90946736   -76.00000785
 1405    1.4000  105.0000    2.3000   -76.24480002   -75.91310642   -76.00884398
 1406    1.4000  105.0000    2.4000   -76.23278162   -75.91565787   -76.01511523
 1407    1.4000  105.0000    2.6000   -76.20852771   -75.92087863   -76.02745278
 1408    1.4000  105.0000    2.8000   -76.18544233   -75.92548339   -76.03849431
 1409    1.4000  105.0000    3.0000   -76.16454210   -75.92884840   -76.04774743
 1410    1.4000  105.0000    3.3000   -76.13835534   -75.93125062   -76.05838255
 1411    1.4000  105.0000    3.6000   -76.11859191   -75.93061616   -76.06577870
 1412    1.4000  105.0000    4.0000   -76.10106537   -75.92671043   -76.07205264
 1413    1.4000  105.0000    4.5000   -76.08934225   -75.92106969   -76.07625887
 1414    1.4000  105.0000    5.0000   -76.08400442   -75.91769269   -76.07823305
 1415    1.4000  105.0000    6.0000   -76.08064096   -75.91579997   -76.07944700
 1416    1.4000  105.0000    7.0000   -76.07997571   -75.91550563   -76.07959001
 1417    1.4000  105.0000    8.0000   -76.07982423   -75.91542224   -76.07956963
 1418    1.4000  105.0000   10.0000   -76.07976568   -75.91536857   -76.07952789
 1419    1.4000  105.0000   12.0000   -76.07975533   -75.91535512   -76.07951500
 1420    1.4000  105.0000   14.0000   -76.07975239   -75.91535082   -76.07951071
 1421    1.4000  105.0000   16.0000   -76.07969092   -75.91529426   -76.07941896
    0    0.0000    0.0000    0.0000     0.00000000     0.00000000     0.00000000
 1422    1.4000  110.0000    1.2000   -76.04627341   -75.62830878   -75.70381157
 1423    1.4000  110.0000    1.3000   -76.14326374   -75.73022814   -75.80569871
 1424    1.4000  110.0000    1.4000   -76.20657594   -75.79878720   -75.87420534
 1425    1.4000  110.0000    1.5000   -76.24629515   -75.84418805   -75.91954262
 1426    1.4000  110.0000    1.6000   -76.26941614   -75.87355815   -75.94887951
 1427    1.4000  110.0000    1.7000   -76.28084894   -75.89196805   -75.96737252
 1428    1.4000  110.0000    1.7500   -76.28331249   -75.89825272   -75.97378488
 1429    1.4000  110.0000    1.8000   -76.28407323   -75.90309188   -75.97883974
 1430    1.4000  110.0000    1.8500   -76.28341411   -75.90679659   -75.98287540
 1431    1.4000  110.0000    1.9000   -76.28157532   -75.90963746   -75.98618838
 1432    1.4000  110.0000    2.0000   -76.27514345   -75.91359171   -75.99163191
 1433    1.4000  110.0000    2.1500   -76.26085422   -75.91759113   -75.99937576
 1434    1.4000  110.0000    2.3000   -76.24354200   -75.92134104   -76.00822022
 1435    1.4000  110.0000    2.4000   -76.23127631   -75.92401689   -76.01454250
 1436    1.4000  110.0000    2.6000   -76.20661879   -75.92942347   -76.02702430
 1437    1.4000  110.0000    2.8000   -76.18326234   -75.93401116   -76.03820014
 1438    1.4000  110.0000    3.0000   -76.16222795   -75.93710959   -76.04755145
 1439    1.4000  110.0000    3.3000   -76.13606983   -75.93872395   -76.05830312
 1440    1.4000  110.0000    3.6000   -76.11660256   -75.93695109   -76.06576603
 1441    1.4000  110.0000    4.0000   -76.09966012   -75.93121924   -76.07207478
 1442    1.4000  110.0000    4.5000   -76.08859510   -75.92343568   -76.07628598
 1443    1.4000  110.0000    5.0000   -76.08365582   -75.91868925   -76.07825232
 1444    1.4000  110.0000    6.0000   -76.08057735   -75.91593767   -76.07945270
 1445    1.4000  110.0000    7.0000   -76.07996579   -75.91552288   -76.07959112
 1446    1.4000  110.0000    8.0000   -76.07982350   -75.91542361   -76.07956992
 1447    1.4000  110.0000   10.0000   -76.07976632   -75.91536809   -76.07952803
 1448    1.4000  110.0000   12.0000   -76.07975574   -75.91535483   -76.07951511
 1449    1.4000  110.0000   14.0000   -76.07975266   -75.91535064   -76.07951080
 1450    1.4000  110.0000   16.0000   -76.07969093   -75.91529427   -76.07941897
    0    0.0000    0.0000    0.0000     0.00000000     0.00000000     0.00000000
 1451    1.4000  120.0000    1.2000   -76.04740478   -75.64567496   -75.70402919
 1452    1.4000  120.0000    1.3000   -76.14380915   -75.74709206   -75.80540392
 1453    1.4000  120.0000    1.4000   -76.20649168   -75.81509088   -75.87336343
 1454    1.4000  120.0000    1.5000   -76.24555536   -75.85989832   -75.91814328
 1455    1.4000  120.0000    1.6000   -76.26801004   -75.88867435   -75.94693978
 1456    1.4000  120.0000    1.7000   -76.27877794   -75.90653424   -75.96494408
 1457    1.4000  120.0000    1.7500   -76.28091289   -75.91257903   -75.97114589
 1458    1.4000  120.0000    1.8000   -76.28134930   -75.91721389   -75.97602230
 1459    1.4000  120.0000    1.8500   -76.28037132   -75.92075999   -75.97991965
 1460    1.4000  120.0000    1.9000   -76.27822017   -75.92349483   -75.98314231
 1461    1.4000  120.0000    2.0000   -76.27118836   -75.92744074   -75.98856819
 1462    1.4000  120.0000    2.1500   -76.25607518   -75.93193485   -75.99665304
 1463    1.4000  120.0000    2.3000   -76.23804686   -75.93654343   -76.00602670
 1464    1.4000  120.0000    2.4000   -76.22537019   -75.93980621   -76.01270164
 1465    1.4000  120.0000    2.6000   -76.20007248   -75.94607651   -76.02579951
 1466    1.4000  120.0000    2.8000   -76.17634884   -75.95095767   -76.03742963
 1467    1.4000  120.0000    3.0000   -76.15526045   -75.95377831   -76.04709524
 1468    1.4000  120.0000    3.3000   -76.12957782   -75.95393260   -76.05813659
 1469    1.4000  120.0000    3.6000   -76.11119490   -75.94985618   -76.06576392
 1470    1.4000  120.0000    4.0000   -76.09603354   -75.94039669   -76.07214716
 1471    1.4000  120.0000    4.5000   -76.08676165   -75.92832173   -76.07636008
 1472    1.4000  120.0000    5.0000   -76.08282801   -75.92078201   -76.07830210
 1473    1.4000  120.0000    6.0000   -76.08043155   -75.91622603   -76.07946577
 1474    1.4000  120.0000    7.0000   -76.07994345   -75.91555781   -76.07959314
 1475    1.4000  120.0000    8.0000   -76.07982172   -75.91542566   -76.07957013
 1476    1.4000  120.0000   10.0000   -76.07976758   -75.91536677   -76.07952813
 1477    1.4000  120.0000   12.0000   -76.07975658   -75.91535411   -76.07951525
 1478    1.4000  120.0000   14.0000   -76.07975320   -75.91535019   -76.07951091
 1479    1.4000  120.0000   16.0000   -76.07969095   -75.91529426   -76.07941898
    0    0.0000    0.0000    0.0000     0.00000000     0.00000000     0.00000000
 1480    1.4000  130.0000    1.2000   -76.04434893   -75.65773747   -75.70009819
 1481    1.4000  130.0000    1.3000   -76.14027257   -75.75877017   -75.80109789
 1482    1.4000  130.0000    1.4000   -76.20243215   -75.82636045   -75.86866957
 1483    1.4000  130.0000    1.5000   -76.24094614   -75.87076211   -75.91307767
 1484    1.4000  130.0000    1.6000   -76.26283806   -75.89917757   -75.94155415
 1485    1.4000  130.0000    1.7000   -76.27304067   -75.91678041   -75.95933850
 1486    1.4000  130.0000    1.7500   -76.27489482   -75.92275994   -75.96548780
 1487    1.4000  130.0000    1.8000   -76.27505310   -75.92738725   -75.97036275
 1488    1.4000  130.0000    1.8500   -76.27380072   -75.93099562   -75.97431892
 1489    1.4000  130.0000    1.9000   -76.27137998   -75.93387309   -75.97766892
 1490    1.4000  130.0000    2.0000   -76.26382741   -75.93836677   -75.98355525
 1491    1.4000  130.0000    2.1500   -76.24799333   -75.94423619   -75.99268207
 1492    1.4000  130.0000    2.3000   -76.22933326   -75.95044802   -76.00310418
 1493    1.4000  130.0000    2.4000   -76.21629345   -75.95468079   -76.01037083
 1494    1.4000  130.0000    2.6000   -76.19044333   -75.96237814   -76.02437174
 1495    1.4000  130.0000    2.8000   -76.16645892   -75.96793454   -76.03659728
 1496    1.4000  130.0000    3.0000   -76.14547757   -75.97070768   -76.04665053
 1497    1.4000  130.0000    3.3000   -76.12073963   -75.96949502   -76.05800672
 1498    1.4000  130.0000    3.6000   -76.10410416   -75.96291017   -76.06581115
 1499    1.4000  130.0000    4.0000   -76.09154939   -75.94946037   -76.07225867
 1500    1.4000  130.0000    4.5000   -76.08462599   -75.93311195   -76.07645721
 1501    1.4000  130.0000    5.0000   -76.08189850   -75.92285808   -76.07836396
 1502    1.4000  130.0000    6.0000   -76.08027355   -75.91651125   -76.07948047
 1503    1.4000  130.0000    7.0000   -76.07991952   -75.91559098   -76.07959480
 1504    1.4000  130.0000    8.0000   -76.07981960   -75.91542660   -76.07956975
 1505    1.4000  130.0000   10.0000   -76.07976876   -75.91536508   -76.07952802
 1506    1.4000  130.0000   12.0000   -76.07975735   -75.91535323   -76.07951528
 1507    1.4000  130.0000   14.0000   -76.07969208   -75.91529544   -76.07942020
 1508    1.4000  130.0000   16.0000   -76.07969097   -75.91529425   -76.07941899
    0    0.0000    0.0000    0.0000     0.00000000     0.00000000     0.00000000
 1509    1.4000  140.0000    1.2000   -76.03863616   -75.66545177   -75.69357410
 1510    1.4000  140.0000    1.3000   -76.13416771   -75.76620470   -75.79430671
 1511    1.4000  140.0000    1.4000   -76.19589209   -75.83351272   -75.86161327
 1512    1.4000  140.0000    1.5000   -76.23394045   -75.87766590   -75.90579020
 1513    1.4000  140.0000    1.6000   -76.25534753   -75.90591440   -75.93411369
 1514    1.4000  140.0000    1.7000   -76.26505501   -75.92350801   -75.95188606
 1515    1.4000  140.0000    1.7500   -76.26666001   -75.92957352   -75.95810776
 1516    1.4000  140.0000    1.8000   -76.26656917   -75.93436651   -75.96312250
 1517    1.4000  140.0000    1.8500   -76.26506851   -75.93823385   -75.96729691
 1518    1.4000  140.0000    1.9000   -76.26240110   -75.94147311   -75.97094564
 1519    1.4000  140.0000    2.0000   -76.25436286   -75.94699845   -75.97765625
 1520    1.4000  140.0000    2.1500   -76.23782958   -75.95494009   -75.98827831
 1521    1.4000  140.0000    2.3000   -76.21851991   -75.96327852   -76.00001910
 1522    1.4000  140.0000    2.4000   -76.20508373   -75.96875016   -76.00798155
 1523    1.4000  140.0000    2.6000   -76.17857789   -75.97832514   -76.02298532
 1524    1.4000  140.0000    2.8000   -76.15422299   -75.98494351   -76.03583753
 1525    1.4000  140.0000    3.0000   -76.13331832   -75.98794405   -76.04628279
 1526    1.4000  140.0000    3.3000   -76.10986458   -75.98542233   -76.05793540
 1527    1.4000  140.0000    3.6000   -76.09567916   -75.97590309   -76.06590387
 1528    1.4000  140.0000    4.0000   -76.08656884   -75.95804875   -76.07239744
 1529    1.4000  140.0000    4.5000   -76.08239744   -75.93750914   -76.07656765
 1530    1.4000  140.0000    5.0000   -76.08096086   -75.92476426   -76.07843238
 1531    1.4000  140.0000    6.0000   -76.08011909   -75.91677313   -76.07949657
 1532    1.4000  140.0000    7.0000   -76.07989643   -75.91562053   -76.07959639
 1533    1.4000  140.0000    8.0000   -76.07981738   -75.91542658   -76.07956891
 1534    1.4000  140.0000   10.0000   -76.07976981   -75.91536322   -76.07952775
 1535    1.4000  140.0000   12.0000   -76.07975804   -75.91535230   -76.07951523
 1536    1.4000  140.0000   14.0000   -76.07969216   -75.91529541   -76.07942023
 1537    1.4000  140.0000   16.0000   -76.07969100   -75.91529423   -76.07941900
    0    0.0000    0.0000    0.0000     0.00000000     0.00000000     0.00000000
 1538    1.4000  150.0000    1.2000   -76.03187162   -75.66984859   -75.68610155
 1539    1.4000  150.0000    1.3000   -76.12709112   -75.77040850   -75.78664982
 1540    1.4000  150.0000    1.4000   -76.18846189   -75.83753844   -75.85378363
 1541    1.4000  150.0000    1.5000   -76.22612341   -75.88156271   -75.89783160
 1542    1.4000  150.0000    1.6000   -76.24711806   -75.90979083   -75.92611934
 1543    1.4000  150.0000    1.7000   -76.25639366   -75.92755852   -75.94402173
 1544    1.4000  150.0000    1.7500   -76.25777678   -75.93382138   -75.95039975
 1545    1.4000  150.0000    1.8000   -76.25746064   -75.93890668   -75.95564843
 1546    1.4000  150.0000    1.8500   -76.25573165   -75.94317418   -75.96013942
 1547    1.4000  150.0000    1.9000   -76.25283312   -75.94692738   -75.96419039
 1548    1.4000  150.0000    2.0000   -76.24432523   -75.95379105   -75.97190673
 1549    1.4000  150.0000    2.1500   -76.22707228   -75.96415637   -75.98415200
 1550    1.4000  150.0000    2.3000   -76.20702401   -75.97484565   -75.99721486
 1551    1.4000  150.0000    2.4000   -76.19309324   -75.98169474   -76.00584837
 1552    1.4000  150.0000    2.6000   -76.16563588   -75.99350763   -76.02178986
 1553    1.4000  150.0000    2.8000   -76.14051110   -76.00167406   -76.03521411
 1554    1.4000  150.0000    3.0000   -76.11932595   -76.00536772   -76.04601054
 1555    1.4000  150.0000    3.3000   -76.09725353   -76.00161209   -76.05794407
 1556    1.4000  150.0000    3.6000   -76.08642976   -75.98848994   -76.06602107
 1557    1.4000  150.0000    4.0000   -76.08157380   -75.96574028   -76.07254191
 1558    1.4000  150.0000    4.5000   -76.08030901   -75.94125913   -76.07667753
 1559    1.4000  150.0000    5.0000   -76.08010945   -75.92637701   -76.07849979
 1560    1.4000  150.0000    6.0000   -76.07998291   -75.91699511   -76.07951308
 1561    1.4000  150.0000    7.0000   -76.07987658   -75.91564525   -76.07959821
 1562    1.4000  150.0000    8.0000   -76.07981545   -75.91542604   -76.07956797
 1563    1.4000  150.0000   10.0000   -76.07977066   -75.91536143   -76.07952740
 1564    1.4000  150.0000   12.0000   -76.07975860   -75.91535141   -76.07951513
 1565    1.4000  150.0000   14.0000   -76.07969223   -75.91529537   -76.07942026
 1566    1.4000  150.0000   16.0000   -76.07969103   -75.91529422   -76.07941901
    0    0.0000    0.0000    0.0000     0.00000000     0.00000000     0.00000000
 1567    1.4000  160.0000    1.2000   -76.02561959   -75.67197745   -75.67929171
 1568    1.4000  160.0000    1.3000   -76.12060735   -75.77241334   -75.77972003
 1569    1.4000  160.0000    1.4000   -76.18171123   -75.83944237   -75.84674950
 1570    1.4000  160.0000    1.5000   -76.21907519   -75.88342107   -75.89073843
 1571    1.4000  160.0000    1.6000   -76.23974426   -75.91171320   -75.91905832
 1572    1.4000  160.0000    1.7000   -76.24866853   -75.92974276   -75.93715391
 1573    1.4000  160.0000    1.7500   -76.24986654   -75.93624790   -75.94371802
 1574    1.4000  160.0000    1.8000   -76.24935906   -75.94166953   -75.94922323
 1575    1.4000  160.0000    1.8500   -76.24743237   -75.94637735   -75.95404818
 1576    1.4000  160.0000    1.9000   -76.24432957   -75.95067611   -75.95850553
 1577    1.4000  160.0000    2.0000   -76.23539341   -75.95888969   -75.96717540
 1578    1.4000  160.0000    2.1500   -76.21743458   -75.97156185   -75.98084164
 1579    1.4000  160.0000    2.3000   -76.19659073   -75.98446141   -75.99500408
 1580    1.4000  160.0000    2.4000   -76.18207160   -75.99265712   -76.00418220
 1581    1.4000  160.0000    2.6000   -76.15328675   -76.00690970   -76.02087393
 1582    1.4000  160.0000    2.8000   -76.12669128   -76.01724780   -76.03475295
 1583    1.4000  160.0000    3.0000   -76.10429662   -76.02254797   -76.04582673
 1584    1.4000  160.0000    3.3000   -76.08332111   -76.01790587   -76.05797667
 1585    1.4000  160.0000    3.6000   -76.07720216   -75.99997518   -76.06613197
 1586    1.4000  160.0000    4.0000   -76.07719906   -75.97198118   -76.07268959
 1587    1.4000  160.0000    4.5000   -76.07859724   -75.94413620   -76.07677132
 1588    1.4000  160.0000    5.0000   -76.07943054   -75.92759982   -76.07855718
 1589    1.4000  160.0000    6.0000   -76.07987716   -75.91716377   -76.07952783
 1590    1.4000  160.0000    7.0000   -76.07986173   -75.91566410   -76.07960021
 1591    1.4000  160.0000    8.0000   -76.07981410   -75.91542544   -76.07956725
 1592    1.4000  160.0000   10.0000   -76.07977130   -75.91535995   -76.07952706
 1593    1.4000  160.0000   12.0000   -76.07969577   -75.91529852   -76.07942382
 1594    1.4000  160.0000   14.0000   -76.07969230   -75.91529534   -76.07942028
 1595    1.4000  160.0000   16.0000   -76.07969105   -75.91529420   -76.07941902
    0    0.0000    0.0000    0.0000     0.00000000     0.00000000     0.00000000
 1596    1.4000  170.0000    1.2000   -76.02123220   -75.67278890   -75.67454413
 1597    1.4000  170.0000    1.3000   -76.11607553   -75.77315637   -75.77490526
 1598    1.4000  170.0000    1.4000   -76.17701158   -75.84013750   -75.84188121
 1599    1.4000  170.0000    1.5000   -76.21418587   -75.88411223   -75.88585133
 1600    1.4000  170.0000    1.6000   -76.23464285   -75.91248375   -75.91421981
 1601    1.4000  170.0000    1.7000   -76.24333185   -75.93074337   -75.93248346
 1602    1.4000  170.0000    1.7500   -76.24440310   -75.93744821   -75.93919679
 1603    1.4000  170.0000    1.8000   -76.24376256   -75.94314009   -75.94490304
 1604    1.4000  170.0000    1.8500   -76.24169621   -75.94819431   -75.94998214
 1605    1.4000  170.0000    1.9000   -76.23844780   -75.95291310   -75.95473992
 1606    1.4000  170.0000    2.0000   -76.22919351   -75.96213705   -75.96408734
 1607    1.4000  170.0000    2.1500   -76.21068497   -75.97648581   -75.97871065
 1608    1.4000  170.0000    2.3000   -76.18916952   -75.99101504   -75.99359214
 1609    1.4000  170.0000    2.4000   -76.17411088   -76.00026004   -76.00312180
 1610    1.4000  170.0000    2.6000   -76.14392436   -76.01667265   -76.02029564
 1611    1.4000  170.0000    2.8000   -76.11526572   -76.02956794   -76.03446745
 1612    1.4000  170.0000    3.0000   -76.08997396   -76.03805123   -76.04571947
 1613    1.4000  170.0000    3.3000   -76.06872208   -76.03385338   -76.05800600
 1614    1.4000  170.0000    3.6000   -76.06961338   -76.00887138   -76.06620728
 1615    1.4000  170.0000    4.0000   -76.07412651   -75.97612037   -76.07277012
 1616    1.4000  170.0000    4.5000   -76.07748427   -75.94593431   -76.07685653
 1617    1.4000  170.0000    5.0000   -76.07898966   -75.92835683   -76.07861115
 1618    1.4000  170.0000    6.0000   -76.07978319   -75.91723278   -76.07952447
 1619    1.4000  170.0000    7.0000   -76.07983030   -75.91564730   -76.07959127
 1620    1.4000  170.0000    8.0000   -76.07982948   -75.91544526   -76.07959340
 1621    1.4000  170.0000   10.0000   -76.07965600   -75.91527776   -76.07941911
 1622    1.4000  170.0000   12.0000   -76.07964963   -75.91527827   -76.07941149
 1623    1.4000  170.0000   14.0000   -76.07964783   -75.91527780   -76.07940853
 1624    1.4000  170.0000   16.0000   -76.07964364   -75.91527016   -76.07940614
    0    0.0000    0.0000    0.0000     0.00000000     0.00000000     0.00000000
 1625    1.4000  179.9900    1.2000   -76.01965297   -75.67297214   -75.67283964
 1626    1.4000  179.9900    1.3000   -76.11444755   -75.77331831   -75.77317978
 1627    1.4000  179.9900    1.4000   -76.17532679   -75.84028657   -75.84014041
 1628    1.4000  179.9900    1.5000   -76.21243605   -75.88426470   -75.88410792
 1629    1.4000  179.9900    1.6000   -76.23281933   -75.91267096   -75.91249856
 1630    1.4000  179.9900    1.7000   -76.24142487   -75.93102203   -75.93082961
 1631    1.4000  179.9900    1.7500   -76.24245063   -75.93780438   -75.93759934
 1632    1.4000  179.9900    1.8000   -76.24176193   -75.94360023   -75.94338189
 1633    1.4000  179.9900    1.8500   -76.23964458   -75.94878619   -75.94855580
 1634    1.4000  179.9900    1.9000   -76.23634100   -75.95366345   -75.95342428
 1635    1.4000  179.9900    2.0000   -76.22696793   -75.96326280   -75.96301589
 1636    1.4000  179.9900    2.1500   -76.20824796   -75.97822787   -75.97797553
 1637    1.4000  179.9900    2.3000   -76.18646077   -75.99336713   -75.99310602
 1638    1.4000  179.9900    2.4000   -76.17117292   -76.00302110   -76.00275679
 1639    1.4000  179.9900    2.6000   -76.14033382   -76.02035704   -76.02009691
 1640    1.4000  179.9900    2.8000   -76.11049416   -76.03461933   -76.03437004
 1641    1.4000  179.9900    3.0000   -76.08252498   -76.04592060   -76.04568367
 1642    1.4000  179.9900    3.3000   -76.05823870   -76.04484105   -76.05801715
 1643    1.4000  179.9900    3.6000   -76.06647388   -76.01246842   -76.06625352
 1644    1.4000  179.9900    4.0000   -76.07301725   -75.97758904   -76.07280147
 1645    1.4000  179.9900    4.5000   -76.07709308   -75.94655521   -76.07687933
 1646    1.4000  179.9900    5.0000   -76.07883963   -75.92861601   -76.07862488
 1647    1.4000  179.9900    6.0000   -76.07976052   -75.91726786   -76.07952804
 1648    1.4000  179.9900    7.0000   -76.07982264   -75.91564416   -76.07958777
 1649    1.4000  179.9900    8.0000   -76.07981909   -75.91543037   -76.07959630
 1650    1.4000  179.9900   10.0000   -76.07964709   -75.91526856   -76.07942061
 1651    1.4000  179.9900   12.0000   -76.07964907   -75.91527754   -76.07941254
 1652    1.4000  179.9900   14.0000   -76.07964740   -75.91527668   -76.07940945
 1653    1.4000  179.9900   16.0000   -76.07963921   -75.91526060   -76.07940559
    0    0.0000    0.0000    0.0000     0.00000000     0.00000000     0.00000000
 1654    1.5000    0.0100    1.2000   -40.00000000   -40.00000000   -40.00000000
 1655    1.5000    0.0100    1.3000   -40.00000000   -40.00000000   -40.00000000
 1656    1.5000    0.0100    1.4000   -40.00000000   -40.00000000   -40.00000000
 1657    1.5000    0.0100    1.5000   -40.00000000   -40.00000000   -40.00000000
 1658    1.5000    0.0100    1.6000   -40.00000000   -40.00000000   -40.00000000
 1659    1.5000    0.0100    1.7000   -40.00000000   -40.00000000   -40.00000000
 1660    1.5000    0.0100    1.7500   -40.00000000   -40.00000000   -40.00000000
 1661    1.5000    0.0100    1.8000   -40.00000000   -40.00000000   -40.00000000
 1662    1.5000    0.0100    1.8500   -40.00000000   -40.00000000   -40.00000000
 1663    1.5000    0.0100    1.9000   -40.00000000   -40.00000000   -40.00000000
 1664    1.5000    0.0100    2.0000   -40.00000000   -40.00000000   -40.00000000
 1665    1.5000    0.0100    2.1500   -40.00000000   -40.00000000   -40.00000000
 1666    1.5000    0.0100    2.3000   -75.87450961   -75.71065280   -75.71037496
 1667    1.5000    0.0100    2.4000   -75.94060342   -75.79985252   -75.79957395
 1668    1.5000    0.0100    2.6000   -76.01253143   -75.91531897   -75.91504287
 1669    1.5000    0.0100    2.8000   -76.04124448   -75.98358176   -75.98331343
 1670    1.5000    0.0100    3.0000   -76.04888773   -76.02663914   -76.02638369
 1671    1.5000    0.0100    3.3000   -76.06581024   -76.04255597   -76.06557936
 1672    1.5000    0.0100    3.6000   -76.08844007   -76.02826525   -76.08822927
 1673    1.5000    0.0100    4.0000   -76.10519536   -76.00760472   -76.10498975
 1674    1.5000    0.0100    4.5000   -76.11510819   -75.98649475   -76.11489673
 1675    1.5000    0.0100    5.0000   -76.11922082   -75.97300596   -76.11899655
 1676    1.5000    0.0100    6.0000   -76.12134566   -75.96259594   -76.12108741
 1677    1.5000    0.0100    7.0000   -76.12152656   -75.96056411   -76.12125441
 1678    1.5000    0.0100    8.0000   -76.12144836   -75.96013513   -76.12117420
 1679    1.5000    0.0100   10.0000   -76.12137273   -75.95999785   -76.12109859
 1680    1.5000    0.0100   12.0000   -76.12135529   -75.95997884   -76.12108145
 1681    1.5000    0.0100   14.0000   -76.12135045   -75.95997402   -76.12107670
 1682    1.5000    0.0100   16.0000   -76.12134880   -75.95997240   -76.12107508
    0    0.0000    0.0000    0.0000     0.00000000     0.00000000     0.00000000
 1683    1.5000   10.0000    1.2000   -40.00000000   -40.00000000   -40.00000000
 1684    1.5000   10.0000    1.3000   -40.00000000   -40.00000000   -40.00000000
 1685    1.5000   10.0000    1.4000   -40.00000000   -40.00000000   -40.00000000
 1686    1.5000   10.0000    1.5000   -40.00000000   -40.00000000   -40.00000000
 1687    1.5000   10.0000    1.6000   -40.00000000   -40.00000000   -40.00000000
 1688    1.5000   10.0000    1.7000   -40.00000000   -40.00000000   -40.00000000
 1689    1.5000   10.0000    1.7500   -40.00000000   -40.00000000   -40.00000000
 1690    1.5000   10.0000    1.8000   -40.00000000   -40.00000000   -40.00000000
 1691    1.5000   10.0000    1.8500   -40.00000000   -40.00000000   -40.00000000
 1692    1.5000   10.0000    1.9000   -40.00000000   -40.00000000   -40.00000000
 1693    1.5000   10.0000    2.0000   -40.00000000   -40.00000000   -40.00000000
 1694    1.5000   10.0000    2.1500   -75.80893493   -75.60410012   -75.60786650
 1695    1.5000   10.0000    2.3000   -75.92903032   -75.75894617   -75.76320921
 1696    1.5000   10.0000    2.4000   -75.97824570   -75.83035312   -75.83505513
 1697    1.5000   10.0000    2.6000   -76.03343148   -75.92647279   -75.93248599
 1698    1.5000   10.0000    2.8000   -76.05651681   -75.98424755   -75.99269457
 1699    1.5000   10.0000    3.0000   -76.06565383   -76.01794374   -76.03179030
 1700    1.5000   10.0000    3.3000   -76.07851777   -76.03261701   -76.06818880
 1701    1.5000   10.0000    3.6000   -76.09380783   -76.02354440   -76.08957995
 1702    1.5000   10.0000    4.0000   -76.10744292   -76.00498091   -76.10557133
 1703    1.5000   10.0000    4.5000   -76.11597619   -75.98504582   -76.11508998
 1704    1.5000   10.0000    5.0000   -76.11956669   -75.97224933   -76.11904917
 1705    1.5000   10.0000    6.0000   -76.12139682   -75.96243810   -76.12108287
 1706    1.5000   10.0000    7.0000   -76.12153072   -75.96053412   -76.12124909
 1707    1.5000   10.0000    8.0000   -76.12144758   -75.96012923   -76.12117191
 1708    1.5000   10.0000   10.0000   -76.12137230   -75.95999744   -76.12109825
 1709    1.5000   10.0000   12.0000   -76.12135518   -75.95997879   -76.12108139
 1710    1.5000   10.0000   14.0000   -76.12135042   -75.95997400   -76.12107668
 1711    1.5000   10.0000   16.0000   -76.12134879   -75.95997239   -76.12107506
    0    0.0000    0.0000    0.0000     0.00000000     0.00000000     0.00000000
 1712    1.5000   20.0000    1.2000   -40.00000000   -40.00000000   -40.00000000
 1713    1.5000   20.0000    1.3000   -40.00000000   -40.00000000   -40.00000000
 1714    1.5000   20.0000    1.4000   -40.00000000   -40.00000000   -40.00000000
 1715    1.5000   20.0000    1.5000   -40.00000000   -40.00000000   -40.00000000
 1716    1.5000   20.0000    1.6000   -40.00000000   -40.00000000   -40.00000000
 1717    1.5000   20.0000    1.7000   -40.00000000   -40.00000000   -40.00000000
 1718    1.5000   20.0000    1.7500   -40.00000000   -40.00000000   -40.00000000
 1719    1.5000   20.0000    1.8000   -40.00000000   -40.00000000   -40.00000000
 1720    1.5000   20.0000    1.8500   -40.00000000   -40.00000000   -40.00000000
 1721    1.5000   20.0000    1.9000   -75.81892075   -75.54593242   -75.56072465
 1722    1.5000   20.0000    2.0000   -75.89486802   -75.64217807   -75.65736850
 1723    1.5000   20.0000    2.1500   -75.97758807   -75.75696841   -75.77325345
 1724    1.5000   20.0000    2.3000   -76.03019221   -75.84129139   -75.85923605
 1725    1.5000   20.0000    2.4000   -76.05301703   -75.88412646   -75.90351567
 1726    1.5000   20.0000    2.6000   -76.07911799   -75.94581915   -75.96913083
 1727    1.5000   20.0000    2.8000   -76.09009880   -75.98448125   -76.01363570
 1728    1.5000   20.0000    3.0000   -76.09462487   -76.00655087   -76.04441709
 1729    1.5000   20.0000    3.3000   -76.09980807   -76.01725883   -76.07455692
 1730    1.5000   20.0000    3.6000   -76.10612468   -76.01223134   -76.09295611
 1731    1.5000   20.0000    4.0000   -76.11323475   -75.99783353   -76.10704658
 1732    1.5000   20.0000    4.5000   -76.11830858   -75.98102640   -76.11558259
 1733    1.5000   20.0000    5.0000   -76.12051038   -75.97017196   -76.11918538
 1734    1.5000   20.0000    6.0000   -76.12153766   -75.96201125   -76.12106979
 1735    1.5000   20.0000    7.0000   -76.12154294   -75.96045384   -76.12123482
 1736    1.5000   20.0000    8.0000   -76.12144556   -75.96011324   -76.12116583
 1737    1.5000   20.0000   10.0000   -76.12137116   -75.95999637   -76.12109736
 1738    1.5000   20.0000   12.0000   -76.12135489   -75.95997862   -76.12108121
 1739    1.5000   20.0000   14.0000   -76.12135032   -75.95997393   -76.12107660
 1740    1.5000   20.0000   16.0000   -76.12134875   -75.95997236   -76.12107503
    0    0.0000    0.0000    0.0000     0.00000000     0.00000000     0.00000000
 1741    1.5000   30.0000    1.2000   -75.65155139   -75.28269772   -75.32589301
 1742    1.5000   30.0000    1.3000   -75.74044044   -75.37732610   -75.41812425
 1743    1.5000   30.0000    1.4000   -75.80983954   -75.45373893   -75.49243917
 1744    1.5000   30.0000    1.5000   -75.86882529   -75.52126763   -75.55819914
 1745    1.5000   30.0000    1.6000   -75.92111580   -75.58389689   -75.61943529
 1746    1.5000   30.0000    1.7000   -75.96740340   -75.64255362   -75.67714133
 1747    1.5000   30.0000    1.7500   -75.98817777   -75.67031202   -75.70461583
 1748    1.5000   30.0000    1.8000   -76.00729042   -75.69693305   -75.73109360
 1749    1.5000   30.0000    1.8500   -76.02470620   -75.72235185   -75.75651674
 1750    1.5000   30.0000    1.9000   -76.04042102   -75.74651550   -75.78083467
 1751    1.5000   30.0000    2.0000   -76.06688304   -75.79094522   -75.82599989
 1752    1.5000   30.0000    2.1500   -76.09527146   -75.84775646   -75.88482970
 1753    1.5000   30.0000    2.3000   -76.11256588   -75.89323372   -75.93324788
 1754    1.5000   30.0000    2.4000   -76.11942374   -75.91779361   -75.96022352
 1755    1.5000   30.0000    2.6000   -76.12554806   -75.95501724   -76.00335165
 1756    1.5000   30.0000    2.8000   -76.12581879   -75.97919625   -76.03498478
 1757    1.5000   30.0000    3.0000   -76.12389582   -75.99326322   -76.05817554
 1758    1.5000   30.0000    3.3000   -76.12118204   -76.00064987   -76.08199557
 1759    1.5000   30.0000    3.6000   -76.12020580   -75.99780636   -76.09700233
 1760    1.5000   30.0000    4.0000   -76.12064112   -75.98778130   -76.10885479
 1761    1.5000   30.0000    4.5000   -76.12146449   -75.97530085   -76.11619176
 1762    1.5000   30.0000    5.0000   -76.12181592   -75.96727761   -76.11935130
 1763    1.5000   30.0000    6.0000   -76.12173462   -75.96143563   -76.12104968
 1764    1.5000   30.0000    7.0000   -76.12156135   -75.96034674   -76.12121534
 1765    1.5000   30.0000    8.0000   -76.12144317   -75.96009189   -76.12115766
 1766    1.5000   30.0000   10.0000   -76.12136963   -75.95999493   -76.12109617
 1767    1.5000   30.0000   12.0000   -76.12135446   -75.95997836   -76.12108092
 1768    1.5000   30.0000   14.0000   -76.12135017   -75.95997383   -76.12107649
 1769    1.5000   30.0000   16.0000   -76.12134870   -75.95997233   -76.12107499
    0    0.0000    0.0000    0.0000     0.00000000     0.00000000     0.00000000
 1770    1.5000   45.0000    1.2000   -75.87309261   -75.45327760   -75.54678487
 1771    1.5000   45.0000    1.3000   -75.97580085   -75.56424637   -75.65364522
 1772    1.5000   45.0000    1.4000   -76.04768955   -75.64513766   -75.73077138
 1773    1.5000   45.0000    1.5000   -76.09815965   -75.70545946   -75.78776385
 1774    1.5000   45.0000    1.6000   -76.13345984   -75.75159158   -75.83110750
 1775    1.5000   45.0000    1.7000   -76.15780638   -75.78788279   -75.86528523
 1776    1.5000   45.0000    1.7500   -76.16681782   -75.80331393   -75.87996237
 1777    1.5000   45.0000    1.8000   -76.17410697   -75.81732679   -75.89344859
 1778    1.5000   45.0000    1.8500   -76.17990816   -75.83014994   -75.90598790
 1779    1.5000   45.0000    1.9000   -76.18442162   -75.84196829   -75.91777428
 1780    1.5000   45.0000    2.0000   -76.19025328   -75.86314559   -75.93963515
 1781    1.5000   45.0000    2.1500   -76.19300391   -75.89010345   -75.96920738
 1782    1.5000   45.0000    2.3000   -76.19094061   -75.91240721   -75.99537675
 1783    1.5000   45.0000    2.4000   -76.18785213   -75.92495547   -76.01090543
 1784    1.5000   45.0000    2.6000   -76.17939053   -75.94491751   -76.03734223
 1785    1.5000   45.0000    2.8000   -76.16973231   -75.95879660   -76.05808085
 1786    1.5000   45.0000    3.0000   -76.16030319   -75.96766030   -76.07403572
 1787    1.5000   45.0000    3.3000   -76.14818379   -75.97390050   -76.09109982
 1788    1.5000   45.0000    3.6000   -76.13918555   -75.97455619   -76.10229284
 1789    1.5000   45.0000    4.0000   -76.13148658   -75.97127524   -76.11133910
 1790    1.5000   45.0000    4.5000   -76.12639523   -75.96619231   -76.11710721
 1791    1.5000   45.0000    5.0000   -76.12394741   -75.96294199   -76.11968028
 1792    1.5000   45.0000    6.0000   -76.12213396   -75.96070957   -76.12114386
 1793    1.5000   45.0000    7.0000   -76.12164138   -75.96024910   -76.12127850
 1794    1.5000   45.0000    8.0000   -76.12148785   -75.96011154   -76.12123484
 1795    1.5000   45.0000   10.0000   -76.12141666   -75.96004012   -76.12118144
 1796    1.5000   45.0000   12.0000   -76.12140532   -75.96002550   -76.12116729
 1797    1.5000   45.0000   14.0000   -76.12134990   -75.95997366   -76.12107629
 1798    1.5000   45.0000   16.0000   -76.12134859   -75.95997226   -76.12107491
    0    0.0000    0.0000    0.0000     0.00000000     0.00000000     0.00000000
 1799    1.5000   60.0000    1.2000   -75.97518078   -75.49534171   -75.64626910
 1800    1.5000   60.0000    1.3000   -76.07699310   -75.60548346   -75.75249388
 1801    1.5000   60.0000    1.4000   -76.14588491   -75.68436449   -75.82651419
 1802    1.5000   60.0000    1.5000   -76.19170812   -75.74118013   -75.87834034
 1803    1.5000   60.0000    1.6000   -76.22125227   -75.78247390   -75.91496228
 1804    1.5000   60.0000    1.7000   -76.23925370   -75.81290647   -75.94137122
 1805    1.5000   60.0000    1.7500   -76.24501218   -75.82513136   -75.95192139
 1806    1.5000   60.0000    1.8000   -76.24905469   -75.83580652   -75.96119556
 1807    1.5000   60.0000    1.8500   -76.25165102   -75.84519860   -75.96949419
 1808    1.5000   60.0000    1.9000   -76.25302988   -75.85353259   -75.97706705
 1809    1.5000   60.0000    2.0000   -76.25288423   -75.86774530   -75.99079184
 1810    1.5000   60.0000    2.1500   -76.24755543   -75.88485787   -76.00946467
 1811    1.5000   60.0000    2.3000   -76.23853376   -75.89883410   -76.02668130
 1812    1.5000   60.0000    2.4000   -76.23138509   -75.90695223   -76.03730713
 1813    1.5000   60.0000    2.6000   -76.21595160   -75.92084224   -76.05609851
 1814    1.5000   60.0000    2.8000   -76.20047511   -75.93189159   -76.07139798
 1815    1.5000   60.0000    3.0000   -76.18601622   -75.94037203   -76.08346788
 1816    1.5000   60.0000    3.3000   -76.16736995   -75.94907469   -76.09666200
 1817    1.5000   60.0000    3.6000   -76.15287715   -75.95417194   -76.10550129
 1818    1.5000   60.0000    4.0000   -76.13955601   -75.95751656   -76.11280044
 1819    1.5000   60.0000    4.5000   -76.13013210   -75.95912596   -76.11758597
 1820    1.5000   60.0000    5.0000   -76.12553041   -75.95976378   -76.11979131
 1821    1.5000   60.0000    6.0000   -76.12236509   -75.96015187   -76.12111265
 1822    1.5000   60.0000    7.0000   -76.12166132   -75.96014940   -76.12125706
 1823    1.5000   60.0000    8.0000   -76.12148491   -75.96009412   -76.12122758
 1824    1.5000   60.0000   10.0000   -76.12141563   -75.96004042   -76.12118106
 1825    1.5000   60.0000   12.0000   -76.12140536   -75.96002632   -76.12116766
 1826    1.5000   60.0000   14.0000   -76.12134965   -75.95997351   -76.12107610
 1827    1.5000   60.0000   16.0000   -76.12134850   -75.95997221   -76.12107484
    0    0.0000    0.0000    0.0000     0.00000000     0.00000000     0.00000000
 1828    1.5000   70.0000    1.2000   -76.01727609   -75.54077520   -75.68645437
 1829    1.5000   70.0000    1.3000   -76.11785891   -75.64470053   -75.79152073
 1830    1.5000   70.0000    1.4000   -76.18513702   -75.71611866   -75.86381854
 1831    1.5000   70.0000    1.5000   -76.22907514   -75.76519312   -75.91345491
 1832    1.5000   70.0000    1.6000   -76.25656500   -75.79906708   -75.94750800
 1833    1.5000   70.0000    1.7000   -76.27242869   -75.82285731   -75.97104603
 1834    1.5000   70.0000    1.7500   -76.27710733   -75.83215688   -75.98007111
 1835    1.5000   70.0000    1.8000   -76.28007208   -75.84019466   -75.98777537
 1836    1.5000   70.0000    1.8500   -76.28159887   -75.84721633   -75.99447305
 1837    1.5000   70.0000    1.9000   -76.28192163   -75.85339096   -76.00043122
 1838    1.5000   70.0000    2.0000   -76.27972065   -75.86364097   -76.01096814
 1839    1.5000   70.0000    2.1500   -76.27147788   -75.87505294   -76.02528187
 1840    1.5000   70.0000    2.3000   -76.25977612   -75.88376819   -76.03889783
 1841    1.5000   70.0000    2.4000   -76.25096299   -75.89023548   -76.04755375
 1842    1.5000   70.0000    2.6000   -76.23248131   -75.90447923   -76.06329518
 1843    1.5000   70.0000    2.8000   -76.21430947   -75.91708671   -76.07644815
 1844    1.5000   70.0000    3.0000   -76.19746689   -75.92734308   -76.08700120
 1845    1.5000   70.0000    3.3000   -76.17576091   -75.93874549   -76.09870644
 1846    1.5000   70.0000    3.6000   -76.15877788   -75.94643380   -76.10665972
 1847    1.5000   70.0000    4.0000   -76.14298590   -75.95276481   -76.11331760
 1848    1.5000   70.0000    4.5000   -76.13168992   -75.95689784   -76.11774948
 1849    1.5000   70.0000    5.0000   -76.12617158   -75.95881543   -76.11982517
 1850    1.5000   70.0000    6.0000   -76.12244982   -75.95999034   -76.12109908
 1851    1.5000   70.0000    7.0000   -76.12166621   -75.96011979   -76.12124860
 1852    1.5000   70.0000    8.0000   -76.12148329   -75.96008939   -76.12122514
 1853    1.5000   70.0000   10.0000   -76.12141569   -75.96004095   -76.12118113
 1854    1.5000   70.0000   12.0000   -76.12140569   -75.96002689   -76.12116800
 1855    1.5000   70.0000   14.0000   -76.12134952   -75.95997345   -76.12107601
 1856    1.5000   70.0000   16.0000   -76.12134845   -75.95997219   -76.12107480
    0    0.0000    0.0000    0.0000     0.00000000     0.00000000     0.00000000
 1857    1.5000   80.0000    1.2000   -76.04710716   -75.58588763   -75.71446552
 1858    1.5000   80.0000    1.3000   -76.14659515   -75.68932310   -75.81847195
 1859    1.5000   80.0000    1.4000   -76.21259968   -75.75986826   -75.88941075
 1860    1.5000   80.0000    1.5000   -76.25514121   -75.80767295   -75.93743223
 1861    1.5000   80.0000    1.6000   -76.28115976   -75.83980704   -75.96964942
 1862    1.5000   80.0000    1.7000   -76.29551667   -75.86125160   -75.99115774
 1863    1.5000   80.0000    1.7500   -76.29943732   -75.86911854   -75.99910757
 1864    1.5000   80.0000    1.8000   -76.30163862   -75.87559206   -76.00576606
 1865    1.5000   80.0000    1.8500   -76.30241225   -75.88085703   -76.01132225
 1866    1.5000   80.0000    1.9000   -76.30198790   -75.88520256   -76.01612186
 1867    1.5000   80.0000    2.0000   -76.29831717   -75.89188307   -76.02435006
 1868    1.5000   80.0000    2.1500   -76.28796020   -75.89889569   -76.03548627
 1869    1.5000   80.0000    2.3000   -76.27426921   -75.90440440   -76.04653502
 1870    1.5000   80.0000    2.4000   -76.26421571   -75.90791727   -76.05382420
 1871    1.5000   80.0000    2.6000   -76.24346065   -75.91542254   -76.06752431
 1872    1.5000   80.0000    2.8000   -76.22327727   -75.92351033   -76.07931197
 1873    1.5000   80.0000    3.0000   -76.20467983   -75.93117756   -76.08894531
 1874    1.5000   80.0000    3.3000   -76.18079825   -75.94055877   -76.09979418
 1875    1.5000   80.0000    3.6000   -76.16214341   -75.94728149   -76.10726434
 1876    1.5000   80.0000    4.0000   -76.14480827   -75.95304735   -76.11358500
 1877    1.5000   80.0000    4.5000   -76.13244368   -75.95695341   -76.11783479
 1878    1.5000   80.0000    5.0000   -76.12645060   -75.95881626   -76.11984416
 1879    1.5000   80.0000    6.0000   -76.12247497   -75.95998163   -76.12109305
 1880    1.5000   80.0000    7.0000   -76.12166430   -75.96011581   -76.12124479
 1881    1.5000   80.0000    8.0000   -76.12148190   -75.96008890   -76.12122426
 1882    1.5000   80.0000   10.0000   -76.12141618   -75.96004150   -76.12118142
 1883    1.5000   80.0000   12.0000   -76.12140619   -75.96002736   -76.12116839
 1884    1.5000   80.0000   14.0000   -76.12134944   -75.95997342   -76.12107596
 1885    1.5000   80.0000   16.0000   -76.12134841   -75.95997217   -76.12107478
    0    0.0000    0.0000    0.0000     0.00000000     0.00000000     0.00000000
 1886    1.5000   90.0000    1.2000   -76.06746517   -75.62243741   -75.73331833
 1887    1.5000   90.0000    1.3000   -76.16602524   -75.72529294   -75.83644221
 1888    1.5000   90.0000    1.4000   -76.23100155   -75.79501169   -75.90632124
 1889    1.5000   90.0000    1.5000   -76.27244629   -75.84175960   -75.95312908
 1890    1.5000   90.0000    1.6000   -76.29732631   -75.87262072   -75.98399664
 1891    1.5000   90.0000    1.7000   -76.31052561   -75.89260408   -76.00403453
 1892    1.5000   90.0000    1.7500   -76.31386775   -75.89967980   -76.01120615
 1893    1.5000   90.0000    1.8000   -76.31550015   -75.90529455   -76.01699881
 1894    1.5000   90.0000    1.8500   -76.31570305   -75.90974318   -76.02173937
 1895    1.5000   90.0000    1.9000   -76.31471384   -75.91327591   -76.02571223
 1896    1.5000   90.0000    2.0000   -76.30993519   -75.91840388   -76.03229302
 1897    1.5000   90.0000    2.1500   -76.29797770   -75.92344981   -76.04120834
 1898    1.5000   90.0000    2.3000   -76.28277100   -75.92732989   -76.05063362
 1899    1.5000   90.0000    2.4000   -76.27178339   -75.92997096   -76.05705600
 1900    1.5000   90.0000    2.6000   -76.24934076   -75.93560010   -76.06953927
 1901    1.5000   90.0000    2.8000   -76.22771287   -75.94116752   -76.08058764
 1902    1.5000   90.0000    3.0000   -76.20791254   -75.94611685   -76.08976803
 1903    1.5000   90.0000    3.3000   -76.18265583   -75.95179481   -76.10023784
 1904    1.5000   90.0000    3.6000   -76.16308125   -75.95536961   -76.10751335
 1905    1.5000   90.0000    4.0000   -76.14507386   -75.95778350   -76.11370383
 1906    1.5000   90.0000    4.5000   -76.13241615   -75.95902369   -76.11788184
 1907    1.5000   90.0000    5.0000   -76.12637994   -75.95962919   -76.11986162
 1908    1.5000   90.0000    6.0000   -76.12244399   -75.96009527   -76.12109462
 1909    1.5000   90.0000    7.0000   -76.12165600   -75.96013084   -76.12124445
 1910    1.5000   90.0000    8.0000   -76.12148064   -75.96009106   -76.12122443
 1911    1.5000   90.0000   10.0000   -76.12141703   -75.96004189   -76.12118184
 1912    1.5000   90.0000   12.0000   -76.12140686   -75.96002766   -76.12116878
 1913    1.5000   90.0000   14.0000   -76.12134940   -75.95997341   -76.12107594
 1914    1.5000   90.0000   16.0000   -76.12134840   -75.95997217   -76.12107477
    0    0.0000    0.0000    0.0000     0.00000000     0.00000000     0.00000000
 1915    1.5000  100.0000    1.2000   -76.07992235   -75.65150746   -75.74450638
 1916    1.5000  100.0000    1.3000   -76.17770786   -75.75381293   -75.84692315
 1917    1.5000  100.0000    1.4000   -76.24184253   -75.82282178   -75.91598595
 1918    1.5000  100.0000    1.5000   -76.28240125   -75.86871874   -75.96188710
 1919    1.5000  100.0000    1.6000   -76.30636997   -75.89860741   -75.99177300
 1920    1.5000  100.0000    1.7000   -76.31864889   -75.91752379   -76.01076987
 1921    1.5000  100.0000    1.7500   -76.32153197   -75.92404297   -76.01740502
 1922    1.5000  100.0000    1.8000   -76.32270831   -75.92909397   -76.02265546
 1923    1.5000  100.0000    1.8500   -76.32245966   -75.93298015   -76.02685305
 1924    1.5000  100.0000    1.9000   -76.32102492   -75.93596098   -76.03028838
 1925    1.5000  100.0000    2.0000   -76.31537832   -75.94005729   -76.03584168
 1926    1.5000  100.0000    2.1500   -76.30219483   -75.94387303   -76.04343578
 1927    1.5000  100.0000    2.3000   -76.28588205   -75.94708048   -76.05193957
 1928    1.5000  100.0000    2.4000   -76.27421617   -75.94934249   -76.05800516
 1929    1.5000  100.0000    2.6000   -76.25057682   -75.95417618   -76.06999752
 1930    1.5000  100.0000    2.8000   -76.22797310   -75.95875105   -76.08079780
 1931    1.5000  100.0000    3.0000   -76.20743605   -75.96244420   -76.08987577
 1932    1.5000  100.0000    3.3000   -76.18151825   -75.96578433   -76.10030633
 1933    1.5000  100.0000    3.6000   -76.16172687   -75.96660365   -76.10757512
 1934    1.5000  100.0000    4.0000   -76.14388195   -75.96516866   -76.11375964
 1935    1.5000  100.0000    4.5000   -76.13167243   -75.96254061   -76.11792291
 1936    1.5000  100.0000    5.0000   -76.12599559   -75.96104846   -76.11988722
 1937    1.5000  100.0000    6.0000   -76.12236368   -75.96029606   -76.12110221
 1938    1.5000  100.0000    7.0000   -76.12164180   -75.96015786   -76.12124606
 1939    1.5000  100.0000    8.0000   -76.12147935   -75.96009437   -76.12122509
 1940    1.5000  100.0000   10.0000   -76.12141812   -75.96004191   -76.12118226
 1941    1.5000  100.0000   12.0000   -76.12140763   -75.96002771   -76.12116911
 1942    1.5000  100.0000   14.0000   -76.12134941   -75.95997341   -76.12107595
 1943    1.5000  100.0000   16.0000   -76.12134840   -75.95997217   -76.12107477
    0    0.0000    0.0000    0.0000     0.00000000     0.00000000     0.00000000
 1944    1.5000  105.0000    1.2000   -76.08357453   -75.66349898   -75.74760105
 1945    1.5000  105.0000    1.3000   -76.18102356   -75.76555572   -75.84972504
 1946    1.5000  105.0000    1.4000   -76.24479514   -75.83426211   -75.91845834
 1947    1.5000  105.0000    1.5000   -76.28497356   -75.87980711   -75.96400292
 1948    1.5000  105.0000    1.6000   -76.30855317   -75.90930825   -75.99351407
 1949    1.5000  105.0000    1.7000   -76.32044112   -75.92781676   -76.01212815
 1950    1.5000  105.0000    1.7500   -76.32313003   -75.93413048   -76.01857300
 1951    1.5000  105.0000    1.8000   -76.32411406   -75.93898006   -76.02363679
 1952    1.5000  105.0000    1.8500   -76.32367568   -75.94267238   -76.02765410
 1953    1.5000  105.0000    1.9000   -76.32205444   -75.94547116   -76.03091863
 1954    1.5000  105.0000    2.0000   -76.31604684   -75.94925626   -76.03617188
 1955    1.5000  105.0000    2.1500   -76.30235939   -75.95278156   -76.04345070
 1956    1.5000  105.0000    2.3000   -76.28559627   -75.95590701   -76.05179125
 1957    1.5000  105.0000    2.4000   -76.27366306   -75.95818003   -76.05781618
 1958    1.5000  105.0000    2.6000   -76.24957738   -75.96300339   -76.06981549
 1959    1.5000  105.0000    2.8000   -76.22665048   -75.96738289   -76.08064986
 1960    1.5000  105.0000    3.0000   -76.20589548   -75.97065542   -76.08976825
 1961    1.5000  105.0000    3.3000   -76.17988676   -75.97308916   -76.10026769
 1962    1.5000  105.0000    3.6000   -76.16023966   -75.97268576   -76.10757772
 1963    1.5000  105.0000    4.0000   -76.14278231   -75.96936914   -76.11378401
 1964    1.5000  105.0000    4.5000   -76.13106241   -75.96464671   -76.11794827
 1965    1.5000  105.0000    5.0000   -76.12570231   -75.96191641   -76.11990482
 1966    1.5000  105.0000    6.0000   -76.12230796   -75.96041828   -76.12110756
 1967    1.5000  105.0000    7.0000   -76.12163276   -75.96017389   -76.12124714
 1968    1.5000  105.0000    8.0000   -76.12147862   -75.96009606   -76.12122543
 1969    1.5000  105.0000   10.0000   -76.12141872   -75.96004175   -76.12118243
 1970    1.5000  105.0000   12.0000   -76.12140803   -75.96002763   -76.12116925
 1971    1.5000  105.0000   14.0000   -76.12134942   -75.95997340   -76.12107596
 1972    1.5000  105.0000   16.0000   -76.12134840   -75.95997217   -76.12107478
    0    0.0000    0.0000    0.0000     0.00000000     0.00000000     0.00000000
 1973    1.5000  110.0000    1.2000   -76.08571085   -75.67392574   -75.74922372
 1974    1.5000  110.0000    1.3000   -76.18285388   -75.77575537   -75.85109220
 1975    1.5000  110.0000    1.4000   -76.24629515   -75.84418805   -75.91954262
 1976    1.5000  110.0000    1.5000   -76.28612854   -75.88942818   -75.96478736
 1977    1.5000  110.0000    1.6000   -76.30935585   -75.91860369   -75.99399212
 1978    1.5000  110.0000    1.7000   -76.32089078   -75.93678253   -76.01230565
 1979    1.5000  110.0000    1.7500   -76.32340475   -75.94293707   -76.01860743
 1980    1.5000  110.0000    1.8000   -76.32421599   -75.94763884   -76.02353632
 1981    1.5000  110.0000    1.8500   -76.32360725   -75.95119326   -76.02743003
 1982    1.5000  110.0000    1.9000   -76.32181891   -75.95387104   -76.03058529
 1983    1.5000  110.0000    2.0000   -76.31548912   -75.95748060   -76.03567473
 1984    1.5000  110.0000    2.1500   -76.30135561   -75.96094152   -76.04285498
 1985    1.5000  110.0000    2.3000   -76.28419906   -75.96419235   -76.05122198
 1986    1.5000  110.0000    2.4000   -76.27203625   -75.96659172   -76.05729988
 1987    1.5000  110.0000    2.6000   -76.24757835   -75.97158963   -76.06943677
 1988    1.5000  110.0000    2.8000   -76.22440747   -75.97592841   -76.08039450
 1989    1.5000  110.0000    3.0000   -76.20353702   -75.97889756   -76.08960084
 1990    1.5000  110.0000    3.3000   -76.17758118   -75.98050562   -76.10020781
 1991    1.5000  110.0000    3.6000   -76.15824313   -75.97892367   -76.10757731
 1992    1.5000  110.0000    4.0000   -76.14137585   -75.97374305   -76.11381319
 1993    1.5000  110.0000    4.5000   -76.13031439   -75.96689195   -76.11797908
 1994    1.5000  110.0000    5.0000   -76.12535266   -75.96285374   -76.11992603
 1995    1.5000  110.0000    6.0000   -76.12224380   -75.96054974   -76.12111362
 1996    1.5000  110.0000    7.0000   -76.12162262   -75.96019075   -76.12124824
 1997    1.5000  110.0000    8.0000   -76.12147782   -75.96009762   -76.12122571
 1998    1.5000  110.0000   10.0000   -76.12141933   -75.96004145   -76.12118256
 1999    1.5000  110.0000   12.0000   -76.12140844   -75.96002749   -76.12116936
 2000    1.5000  110.0000   14.0000   -76.12134944   -75.95997340   -76.12107597
 2001    1.5000  110.0000   16.0000   -76.12134841   -75.95997217   -76.12107478
    0    0.0000    0.0000    0.0000     0.00000000     0.00000000     0.00000000
 2002    1.5000  120.0000    1.2000   -76.08607659   -75.69046119   -75.74867723
 2003    1.5000  120.0000    1.3000   -76.18268891   -75.79190640   -75.85013542
 2004    1.5000  120.0000    1.4000   -76.24555536   -75.85989832   -75.91814328
 2005    1.5000  120.0000    1.5000   -76.28478688   -75.90466486   -75.96293709
 2006    1.5000  120.0000    1.6000   -76.30739977   -75.93336434   -75.99170907
 2007    1.5000  120.0000    1.7000   -76.31831959   -75.95110680   -76.00964129
 2008    1.5000  120.0000    1.7500   -76.32052899   -75.95707518   -76.01578507
 2009    1.5000  120.0000    1.8000   -76.32103912   -75.96162045   -76.02058638
 2010    1.5000  120.0000    1.8500   -76.32013428   -75.96506291   -76.02439003
 2011    1.5000  120.0000    1.9000   -76.31805581   -75.96767964   -76.02749962
 2012    1.5000  120.0000    2.0000   -76.31116813   -75.97134849   -76.03264609
 2013    1.5000  120.0000    2.1500   -76.29626817   -75.97535874   -76.04023587
 2014    1.5000  120.0000    2.3000   -76.27844738   -75.97948724   -76.04915288
 2015    1.5000  120.0000    2.4000   -76.26590517   -75.98246879   -76.05558070
 2016    1.5000  120.0000    2.6000   -76.24086446   -75.98829996   -76.06831290
 2017    1.5000  120.0000    2.8000   -76.21737695   -75.99288851   -76.07970084
 2018    1.5000  120.0000    3.0000   -76.19649725   -75.99553193   -76.08919975
 2019    1.5000  120.0000    3.3000   -76.17106188   -75.99561188   -76.10007858
 2020    1.5000  120.0000    3.6000   -76.15283162   -75.99167022   -76.10759698
 2021    1.5000  120.0000    4.0000   -76.13775216   -75.98270745   -76.11389766
 2022    1.5000  120.0000    4.5000   -76.12848051   -75.97157210   -76.11805955
 2023    1.5000  120.0000    5.0000   -76.12452311   -75.96483668   -76.11997913
 2024    1.5000  120.0000    6.0000   -76.12209696   -75.96082603   -76.12112723
 2025    1.5000  120.0000    7.0000   -76.12159988   -75.96022494   -76.12125024
 2026    1.5000  120.0000    8.0000   -76.12147592   -75.96010003   -76.12122591
 2027    1.5000  120.0000   10.0000   -76.12142054   -75.96004047   -76.12118267
 2028    1.5000  120.0000   12.0000   -76.12140924   -75.96002701   -76.12116949
 2029    1.5000  120.0000   14.0000   -76.12134951   -75.95997339   -76.12107601
 2030    1.5000  120.0000   16.0000   -76.12134843   -75.95997216   -76.12107480
    0    0.0000    0.0000    0.0000     0.00000000     0.00000000     0.00000000
 2031    1.5000  130.0000    1.2000   -76.08238651   -75.70192990   -75.74421331
 2032    1.5000  130.0000    1.3000   -76.17856052   -75.80308392   -75.84537540
 2033    1.5000  130.0000    1.4000   -76.24094614   -75.87076211   -75.91307767
 2034    1.5000  130.0000    1.5000   -76.27966905   -75.91522025   -75.95758443
 2035    1.5000  130.0000    1.6000   -76.30175846   -75.94365578   -75.98612271
 2036    1.5000  130.0000    1.7000   -76.31215050   -75.96123449   -76.00392149
 2037    1.5000  130.0000    1.7500   -76.31409723   -75.96718144   -76.01005507
 2038    1.5000  130.0000    1.8000   -76.31434693   -75.97175987   -76.01489510
 2039    1.5000  130.0000    1.8500   -76.31318497   -75.97530128   -76.01879513
 2040    1.5000  130.0000    1.9000   -76.31085377   -75.97809228   -76.02206575
 2041    1.5000  130.0000    2.0000   -76.30347787   -75.98235455   -76.02772481
 2042    1.5000  130.0000    2.1500   -76.28790223   -75.98776741   -76.03639863
 2043    1.5000  130.0000    2.3000   -76.26949169   -75.99349398   -76.04637008
 2044    1.5000  130.0000    2.4000   -76.25661323   -75.99743298   -76.05338111
 2045    1.5000  130.0000    2.6000   -76.23107186   -76.00465423   -76.06698982
 2046    1.5000  130.0000    2.8000   -76.20737346   -76.00987261   -76.07894661
 2047    1.5000  130.0000    3.0000   -76.18664769   -76.01242260   -76.08881186
 2048    1.5000  130.0000    3.3000   -76.16221059   -76.01107328   -76.09998619
 2049    1.5000  130.0000    3.6000   -76.14575171   -76.00458498   -76.10766595
 2050    1.5000  130.0000    4.0000   -76.13327772   -75.99160520   -76.11402097
 2051    1.5000  130.0000    4.5000   -76.12634609   -75.97619806   -76.11816309
 2052    1.5000  130.0000    5.0000   -76.12359237   -75.96681700   -76.12004429
 2053    1.5000  130.0000    6.0000   -76.12193815   -75.96110026   -76.12114258
 2054    1.5000  130.0000    7.0000   -76.12157565   -75.96025747   -76.12125197
 2055    1.5000  130.0000    8.0000   -76.12147367   -75.96010122   -76.12122550
 2056    1.5000  130.0000   10.0000   -76.12142169   -75.96003907   -76.12118257
 2057    1.5000  130.0000   12.0000   -76.12140998   -75.96002634   -76.12116951
 2058    1.5000  130.0000   14.0000   -76.12134958   -75.95997336   -76.12107604
 2059    1.5000  130.0000   16.0000   -76.12134846   -75.95997215   -76.12107481
    0    0.0000    0.0000    0.0000     0.00000000     0.00000000     0.00000000
 2060    1.5000  140.0000    1.2000   -76.07614621   -75.70924433   -75.73733404
 2061    1.5000  140.0000    1.3000   -76.17195896   -75.81019129   -75.83828890
 2062    1.5000  140.0000    1.4000   -76.23394045   -75.87766590   -75.90579020
 2063    1.5000  140.0000    1.5000   -76.27222819   -75.92195470   -75.95013377
 2064    1.5000  140.0000    1.6000   -76.29386163   -75.95030480   -75.97858988
 2065    1.5000  140.0000    1.7000   -76.30378569   -75.96795385   -75.99644808
 2066    1.5000  140.0000    1.7500   -76.30549624   -75.97402377   -76.00268826
 2067    1.5000  140.0000    1.8000   -76.30550943   -75.97880160   -76.00770137
 2068    1.5000  140.0000    1.8500   -76.30411148   -75.98263089   -76.01184735
 2069    1.5000  140.0000    1.9000   -76.30154557   -75.98580710   -76.01544105
 2070    1.5000  140.0000    2.0000   -76.29370691   -75.99112931   -76.02195840
 2071    1.5000  140.0000    2.1500   -76.27746404   -75.99861889   -76.03214665
 2072    1.5000  140.0000    2.3000   -76.25843512   -76.00645593   -76.04343033
 2073    1.5000  140.0000    2.4000   -76.24518137   -76.01161885   -76.05112519
 2074    1.5000  140.0000    2.6000   -76.21902901   -76.02067924   -76.06570764
 2075    1.5000  140.0000    2.8000   -76.19501091   -76.02691127   -76.07826400
 2076    1.5000  140.0000    3.0000   -76.17441747   -76.02963473   -76.08850029
 2077    1.5000  140.0000    3.3000   -76.15133744   -76.02690407   -76.09994442
 2078    1.5000  140.0000    3.6000   -76.13735384   -76.01745077   -76.10778159
 2079    1.5000  140.0000    4.0000   -76.12831254   -76.00005966   -76.11417219
 2080    1.5000  140.0000    4.5000   -76.12411993   -75.98046750   -76.11828059
 2081    1.5000  140.0000    5.0000   -76.12265402   -75.96864377   -76.12011647
 2082    1.5000  140.0000    6.0000   -76.12178329   -75.96135291   -76.12115979
 2083    1.5000  140.0000    7.0000   -76.12155238   -75.96028651   -76.12125376
 2084    1.5000  140.0000    8.0000   -76.12147132   -75.96010135   -76.12122461
 2085    1.5000  140.0000   10.0000   -76.12142271   -75.96003743   -76.12118228
 2086    1.5000  140.0000   12.0000   -76.12141064   -75.96002557   -76.12116945
 2087    1.5000  140.0000   14.0000   -76.12134967   -75.95997333   -76.12107608
 2088    1.5000  140.0000   16.0000   -76.12134849   -75.95997213   -76.12107482
    0    0.0000    0.0000    0.0000     0.00000000     0.00000000     0.00000000
 2089    1.5000  150.0000    1.2000   -76.06895342   -75.71339863   -75.72964060
 2090    1.5000  150.0000    1.3000   -76.16447500   -75.81420755   -75.83045497
 2091    1.5000  150.0000    1.4000   -76.22612341   -75.88156271   -75.89783160
 2092    1.5000  150.0000    1.5000   -76.26404447   -75.92578882   -75.94209965
 2093    1.5000  150.0000    1.6000   -76.28528447   -75.95418587   -75.97057716
 2094    1.5000  150.0000    1.7000   -76.29479389   -75.97207696   -75.98862351
 2095    1.5000  150.0000    1.7500   -76.29629051   -75.97837562   -75.99504851
 2096    1.5000  150.0000    1.8000   -76.29608600   -75.98347367   -76.00031884
 2097    1.5000  150.0000    1.8500   -76.29446699   -75.98772617   -76.00480343
 2098    1.5000  150.0000    1.9000   -76.29167694   -75.99143355   -76.00881589
 2099    1.5000  150.0000    2.0000   -76.28338154   -75.99810979   -76.01635712
 2100    1.5000  150.0000    2.1500   -76.26643652   -76.00801680   -76.02817035
 2101    1.5000  150.0000    2.3000   -76.24668649   -76.01819013   -76.04076184
 2102    1.5000  150.0000    2.4000   -76.23295064   -76.02471944   -76.04911454
 2103    1.5000  150.0000    2.6000   -76.20587792   -76.03598809   -76.06460645
 2104    1.5000  150.0000    2.8000   -76.18113729   -76.04372201   -76.07771011
 2105    1.5000  150.0000    3.0000   -76.16033281   -76.04707137   -76.08827891
 2106    1.5000  150.0000    3.3000   -76.13874331   -76.04300122   -76.09998602
 2107    1.5000  150.0000    3.6000   -76.12815149   -76.02991567   -76.10792150
 2108    1.5000  150.0000    4.0000   -76.12333639   -76.00764403   -76.11432892
 2109    1.5000  150.0000    4.5000   -76.12203430   -75.98412280   -76.11839785
 2110    1.5000  150.0000    5.0000   -76.12180238   -75.97019554   -76.12018810
 2111    1.5000  150.0000    6.0000   -76.12164720   -75.96156785   -76.12117786
 2112    1.5000  150.0000    7.0000   -76.12153248   -75.96031086   -76.12125588
 2113    1.5000  150.0000    8.0000   -76.12146926   -75.96010086   -76.12122361
 2114    1.5000  150.0000   10.0000   -76.12142354   -75.96003580   -76.12118192
 2115    1.5000  150.0000   12.0000   -76.12141119   -75.96002482   -76.12116935
 2116    1.5000  150.0000   14.0000   -76.12134975   -75.95997330   -76.12107611
 2117    1.5000  150.0000   16.0000   -76.12134852   -75.95997212   -76.12107483
    0    0.0000    0.0000    0.0000     0.00000000     0.00000000     0.00000000
 2118    1.5000  160.0000    1.2000   -76.06237860   -75.71539884   -75.72270746
 2119    1.5000  160.0000    1.3000   -76.15768172   -75.81612348   -75.82343232
 2120    1.5000  160.0000    1.4000   -76.21907519   -75.88342107   -75.89073843
 2121    1.5000  160.0000    1.5000   -76.25670934   -75.92764957   -75.93498555
 2122    1.5000  160.0000    1.6000   -76.27763330   -75.95616348   -75.96353739
 2123    1.5000  160.0000    1.7000   -76.28679932   -75.97437057   -75.98182203
 2124    1.5000  160.0000    1.7500   -76.28811426   -75.98093669   -75.98845202
 2125    1.5000  160.0000    1.8000   -76.28772155   -75.98639306   -75.99399758
 2126    1.5000  160.0000    1.8500   -76.28590773   -75.99110364   -75.99883049
 2127    1.5000  160.0000    1.9000   -76.28291599   -75.99536877   -76.00325904
 2128    1.5000  160.0000    2.0000   -76.27419618   -76.00340363   -76.01176077
 2129    1.5000  160.0000    2.1500   -76.25654865   -76.01561250   -76.02498627
 2130    1.5000  160.0000    2.3000   -76.23600436   -76.02799243   -76.03866104
 2131    1.5000  160.0000    2.4000   -76.22168030   -76.03586774   -76.04754637
 2132    1.5000  160.0000    2.6000   -76.19328361   -76.04957385   -76.06376494
 2133    1.5000  160.0000    2.8000   -76.16709477   -76.05945582   -76.07730389
 2134    1.5000  160.0000    3.0000   -76.14515627   -76.06433879   -76.08813579
 2135    1.5000  160.0000    3.3000   -76.12485780   -76.05919345   -76.10004612
 2136    1.5000  160.0000    3.6000   -76.11899862   -76.04127792   -76.10805483
 2137    1.5000  160.0000    4.0000   -76.11896414   -76.01381229   -76.11446415
 2138    1.5000  160.0000    4.5000   -76.12032505   -75.98693504   -76.11849832
 2139    1.5000  160.0000    5.0000   -76.12112361   -75.97137588   -76.12024960
 2140    1.5000  160.0000    6.0000   -76.12154191   -75.96173169   -76.12119429
 2141    1.5000  160.0000    7.0000   -76.12151769   -75.96032949   -76.12125822
 2142    1.5000  160.0000    8.0000   -76.12146780   -75.96010024   -76.12122283
 2143    1.5000  160.0000   10.0000   -76.12142415   -75.96003442   -76.12118158
 2144    1.5000  160.0000   12.0000   -76.12135339   -75.95997653   -76.12107977
 2145    1.5000  160.0000   14.0000   -76.12134982   -75.95997327   -76.12107613
 2146    1.5000  160.0000   16.0000   -76.12134854   -75.95997211   -76.12107484
    0    0.0000    0.0000    0.0000     0.00000000     0.00000000     0.00000000
 2147    1.5000  170.0000    1.2000   -76.05778933   -75.71615547   -75.71790364
 2148    1.5000  170.0000    1.3000   -76.15295495   -75.81683600   -75.81857905
 2149    1.5000  170.0000    1.4000   -76.21418587   -75.88411223   -75.88585133
 2150    1.5000  170.0000    1.5000   -76.25163432   -75.92836633   -75.93010215
 2151    1.5000  170.0000    1.6000   -76.27234906   -75.95699345   -75.95872857
 2152    1.5000  170.0000    1.7000   -76.28128162   -75.97546635   -75.97720899
 2153    1.5000  170.0000    1.7500   -76.28247044   -75.98224906   -75.98400106
 2154    1.5000  170.0000    1.8000   -76.28194516   -75.98799042   -75.98975851
 2155    1.5000  170.0000    1.8500   -76.27999195   -75.99305948   -75.99485421
 2156    1.5000  170.0000    1.9000   -76.27685348   -75.99775215   -75.99958763
 2157    1.5000  170.0000    2.0000   -76.26781528   -76.00680217   -76.00876735
 2158    1.5000  170.0000    2.1500   -76.24961259   -76.02068819   -76.02294010
 2159    1.5000  170.0000    2.3000   -76.22838612   -76.03470545   -76.03732102
 2160    1.5000  170.0000    2.4000   -76.21351200   -76.04363957   -76.04654938
 2161    1.5000  170.0000    2.6000   -76.18368247   -76.05953395   -76.06323428
 2162    1.5000  170.0000    2.8000   -76.15538857   -76.07201651   -76.07705350
 2163    1.5000  170.0000    3.0000   -76.13055052   -76.08008564   -76.08805483
 2164    1.5000  170.0000    3.3000   -76.11039634   -76.07496898   -76.10009288
 2165    1.5000  170.0000    3.6000   -76.11150049   -76.05004550   -76.10814136
 2166    1.5000  170.0000    4.0000   -76.11593309   -76.01789526   -76.11457979
 2167    1.5000  170.0000    4.5000   -76.11921800   -75.98870312   -76.11858897
 2168    1.5000  170.0000    5.0000   -76.12068697   -75.97211382   -76.12030798
 2169    1.5000  170.0000    6.0000   -76.12145338   -75.96180446   -76.12119551
 2170    1.5000  170.0000    7.0000   -76.12149265   -75.96032052   -76.12125112
 2171    1.5000  170.0000    8.0000   -76.12149054   -75.96012895   -76.12125086
 2172    1.5000  170.0000   10.0000   -76.12132336   -75.95996446   -76.12108633
 2173    1.5000  170.0000   12.0000   -76.12131843   -75.95996515   -76.12107874
 2174    1.5000  170.0000   14.0000   -76.12131665   -75.95996453   -76.12107567
 2175    1.5000  170.0000   16.0000   -76.12131323   -75.95995837   -76.12107320
    0    0.0000    0.0000    0.0000     0.00000000     0.00000000     0.00000000
 2176    1.5000  179.9900    1.2000   -76.05614258   -75.71632586   -75.71618535
 2177    1.5000  179.9900    1.3000   -76.15126109   -75.81699296   -75.81684509
 2178    1.5000  179.9900    1.4000   -76.21243605   -75.88426470   -75.88410792
 2179    1.5000  179.9900    1.5000   -76.24982003   -75.92853246   -75.92836354
 2180    1.5000  179.9900    1.6000   -76.27046131   -75.95720563   -75.95702058
 2181    1.5000  179.9900    1.7000   -76.27931035   -75.97578252   -75.97557691
 2182    1.5000  179.9900    1.7500   -76.28045358   -75.98264879   -75.98243066
 2183    1.5000  179.9900    1.8000   -76.27988000   -75.98849933   -75.98826796
 2184    1.5000  179.9900    1.8500   -76.27787557   -75.99370442   -75.99346127
 2185    1.5000  179.9900    1.9000   -76.27468265   -75.99855814   -75.99830678
 2186    1.5000  179.9900    2.0000   -76.26552327   -76.00798557   -76.00773024
 2187    1.5000  179.9900    2.1500   -76.24710539   -76.02248960   -76.02223503
 2188    1.5000  179.9900    2.3000   -76.22560014   -76.03712259   -76.03686020
 2189    1.5000  179.9900    2.4000   -76.21048964   -76.04647229   -76.04620649
 2190    1.5000  179.9900    2.6000   -76.17998266   -76.06331419   -76.06305202
 2191    1.5000  179.9900    2.8000   -76.15045136   -76.07721986   -76.07696821
 2192    1.5000  179.9900    3.0000   -76.12277465   -76.08826753   -76.08802810
 2193    1.5000  179.9900    3.3000   -76.10033388   -76.08551583   -76.10010970
 2194    1.5000  179.9900    3.6000   -76.10840857   -76.05357663   -76.10818663
 2195    1.5000  179.9900    4.0000   -76.11482983   -76.01934596   -76.11461292
 2196    1.5000  179.9900    4.5000   -76.11882726   -75.98931184   -76.11861320
 2197    1.5000  179.9900    5.0000   -76.12053704   -75.97236487   -76.12032269
 2198    1.5000  179.9900    6.0000   -76.12143095   -75.96183869   -76.12119950
 2199    1.5000  179.9900    7.0000   -76.12148515   -75.96031727   -76.12124755
 2200    1.5000  179.9900    8.0000   -76.12148000   -75.96011296   -76.12125453
 2201    1.5000  179.9900   10.0000   -76.12131582   -75.95995602   -76.12108789
 2202    1.5000  179.9900   12.0000   -76.12131786   -75.95996428   -76.12107981
 2203    1.5000  179.9900   14.0000   -76.12131616   -75.95996328   -76.12107662
 2204    1.5000  179.9900   16.0000   -76.12130777   -75.95994744   -76.12107244
    0    0.0000    0.0000    0.0000     0.00000000     0.00000000     0.00000000
 2205    1.6000    0.0100    1.2000   -40.00000000   -40.00000000   -40.00000000
 2206    1.6000    0.0100    1.3000   -40.00000000   -40.00000000   -40.00000000
 2207    1.6000    0.0100    1.4000   -40.00000000   -40.00000000   -40.00000000
 2208    1.6000    0.0100    1.5000   -40.00000000   -40.00000000   -40.00000000
 2209    1.6000    0.0100    1.6000   -40.00000000   -40.00000000   -40.00000000
 2210    1.6000    0.0100    1.7000   -40.00000000   -40.00000000   -40.00000000
 2211    1.6000    0.0100    1.7500   -40.00000000   -40.00000000   -40.00000000
 2212    1.6000    0.0100    1.8000   -40.00000000   -40.00000000   -40.00000000
 2213    1.6000    0.0100    1.8500   -40.00000000   -40.00000000   -40.00000000
 2214    1.6000    0.0100    1.9000   -40.00000000   -40.00000000   -40.00000000
 2215    1.6000    0.0100    2.0000   -40.00000000   -40.00000000   -40.00000000
 2216    1.6000    0.0100    2.1500   -40.00000000   -40.00000000   -40.00000000
 2217    1.6000    0.0100    2.3000   -75.80225007   -75.63548673   -75.63520190
 2218    1.6000    0.0100    2.4000   -75.90317102   -75.75741299   -75.75712860
 2219    1.6000    0.0100    2.6000   -76.01354338   -75.90765676   -75.90737462
 2220    1.6000    0.0100    2.8000   -76.06044133   -75.99138874   -75.99111161
 2221    1.6000    0.0100    3.0000   -76.07709576   -76.04176178   -76.04149399
 2222    1.6000    0.0100    3.3000   -76.08569829   -76.07642153   -76.08545258
 2223    1.6000    0.0100    3.6000   -76.11034568   -76.06365236   -76.11012268
 2224    1.6000    0.0100    4.0000   -76.12846021   -76.04258763   -76.12824748
 2225    1.6000    0.0100    4.5000   -76.13928097   -76.01967498   -76.13906874
 2226    1.6000    0.0100    5.0000   -76.14387009   -76.00421076   -76.14364727
 2227    1.6000    0.0100    6.0000   -76.14632829   -75.99147981   -76.14607330
 2228    1.6000    0.0100    7.0000   -76.14656121   -75.98885815   -76.14629071
 2229    1.6000    0.0100    8.0000   -76.14648370   -75.98831396   -76.14621125
 2230    1.6000    0.0100   10.0000   -76.14640136   -75.98814561   -76.14612838
 2231    1.6000    0.0100   12.0000   -76.14638224   -75.98812370   -76.14610941
 2232    1.6000    0.0100   14.0000   -76.14637697   -75.98811824   -76.14610420
 2233    1.6000    0.0100   16.0000   -76.14637516   -75.98811640   -76.14610241
    0    0.0000    0.0000    0.0000     0.00000000     0.00000000     0.00000000
 2234    1.6000   10.0000    1.2000   -40.00000000   -40.00000000   -40.00000000
 2235    1.6000   10.0000    1.3000   -40.00000000   -40.00000000   -40.00000000
 2236    1.6000   10.0000    1.4000   -40.00000000   -40.00000000   -40.00000000
 2237    1.6000   10.0000    1.5000   -40.00000000   -40.00000000   -40.00000000
 2238    1.6000   10.0000    1.6000   -40.00000000   -40.00000000   -40.00000000
 2239    1.6000   10.0000    1.7000   -40.00000000   -40.00000000   -40.00000000
 2240    1.6000   10.0000    1.7500   -40.00000000   -40.00000000   -40.00000000
 2241    1.6000   10.0000    1.8000   -40.00000000   -40.00000000   -40.00000000
 2242    1.6000   10.0000    1.8500   -40.00000000   -40.00000000   -40.00000000
 2243    1.6000   10.0000    1.9000   -40.00000000   -40.00000000   -40.00000000
 2244    1.6000   10.0000    2.0000   -40.00000000   -40.00000000   -40.00000000
 2245    1.6000   10.0000    2.1500   -40.00000000   -40.00000000   -40.00000000
 2246    1.6000   10.0000    2.3000   -75.89185208   -75.71966006   -75.72313432
 2247    1.6000   10.0000    2.4000   -75.96180357   -75.81010824   -75.81388897
 2248    1.6000   10.0000    2.6000   -76.04208846   -75.92873451   -75.93342333
 2249    1.6000   10.0000    2.8000   -76.07752191   -75.99803220   -76.00432399
 2250    1.6000   10.0000    3.0000   -76.09140163   -76.03914245   -76.04873690
 2251    1.6000   10.0000    3.3000   -76.10207299   -76.06396759   -76.08876459
 2252    1.6000   10.0000    3.6000   -76.11660597   -76.05836263   -76.11179702
 2253    1.6000   10.0000    4.0000   -76.13095951   -76.03968035   -76.12897031
 2254    1.6000   10.0000    4.5000   -76.14023522   -76.01800947   -76.13931986
 2255    1.6000   10.0000    5.0000   -76.14424972   -76.00329856   -76.14372333
 2256    1.6000   10.0000    6.0000   -76.14638460   -75.99127677   -76.14607145
 2257    1.6000   10.0000    7.0000   -76.14656561   -75.98881874   -76.14628512
 2258    1.6000   10.0000    8.0000   -76.14648264   -75.98830599   -76.14620866
 2259    1.6000   10.0000   10.0000   -76.14640084   -75.98814502   -76.14612793
 2260    1.6000   10.0000   12.0000   -76.14638211   -75.98812361   -76.14610932
 2261    1.6000   10.0000   14.0000   -76.14637692   -75.98811820   -76.14610416
 2262    1.6000   10.0000   16.0000   -76.14637515   -75.98811639   -76.14610240
    0    0.0000    0.0000    0.0000     0.00000000     0.00000000     0.00000000
 2263    1.6000   20.0000    1.2000   -40.00000000   -40.00000000   -40.00000000
 2264    1.6000   20.0000    1.3000   -40.00000000   -40.00000000   -40.00000000
 2265    1.6000   20.0000    1.4000   -40.00000000   -40.00000000   -40.00000000
 2266    1.6000   20.0000    1.5000   -40.00000000   -40.00000000   -40.00000000
 2267    1.6000   20.0000    1.6000   -40.00000000   -40.00000000   -40.00000000
 2268    1.6000   20.0000    1.7000   -40.00000000   -40.00000000   -40.00000000
 2269    1.6000   20.0000    1.7500   -40.00000000   -40.00000000   -40.00000000
 2270    1.6000   20.0000    1.8000   -40.00000000   -40.00000000   -40.00000000
 2271    1.6000   20.0000    1.8500   -40.00000000   -40.00000000   -40.00000000
 2272    1.6000   20.0000    1.9000   -40.00000000   -40.00000000   -40.00000000
 2273    1.6000   20.0000    2.0000   -75.88130283   -75.63245404   -75.64583601
 2274    1.6000   20.0000    2.1500   -75.97363614   -75.75492842   -75.76897166
 2275    1.6000   20.0000    2.3000   -76.03642004   -75.84771604   -75.86294041
 2276    1.6000   20.0000    2.4000   -76.06500265   -75.89538041   -75.91167617
 2277    1.6000   20.0000    2.6000   -76.09940160   -75.96449121   -75.98375076
 2278    1.6000   20.0000    2.8000   -76.11462069   -76.00821494   -76.03194885
 2279    1.6000   20.0000    3.0000   -76.12040745   -76.03424746   -76.06481051
 2280    1.6000   20.0000    3.3000   -76.12465112   -76.04947301   -76.09658806
 2281    1.6000   20.0000    3.6000   -76.13014232   -76.04637528   -76.11589898
 2282    1.6000   20.0000    4.0000   -76.13728176   -76.03181661   -76.13078549
 2283    1.6000   20.0000    4.5000   -76.14277191   -76.01339228   -76.13995767
 2284    1.6000   20.0000    5.0000   -76.14527863   -76.00079843   -76.14391934
 2285    1.6000   20.0000    6.0000   -76.14653872   -75.99073077   -76.14606531
 2286    1.6000   20.0000    7.0000   -76.14657834   -75.98871387   -76.14627004
 2287    1.6000   20.0000    8.0000   -76.14647997   -75.98828476   -76.14620169
 2288    1.6000   20.0000   10.0000   -76.14639945   -75.98814346   -76.14612675
 2289    1.6000   20.0000   12.0000   -76.14638176   -75.98812335   -76.14610908
 2290    1.6000   20.0000   14.0000   -76.14637680   -75.98811811   -76.14610407
 2291    1.6000   20.0000   16.0000   -76.14637510   -75.98811635   -76.14610236
    0    0.0000    0.0000    0.0000     0.00000000     0.00000000     0.00000000
 2292    1.6000   30.0000    1.2000   -75.72802155   -75.37277813   -75.41568312
 2293    1.6000   30.0000    1.3000   -75.81217894   -75.46154154   -75.50166147
 2294    1.6000   30.0000    1.4000   -75.87285121   -75.52813958   -75.56579795
 2295    1.6000   30.0000    1.5000   -75.92111580   -75.58389689   -75.61943529
 2296    1.6000   30.0000    1.6000   -75.96295643   -75.63505692   -75.66884834
 2297    1.6000   30.0000    1.7000   -76.00072693   -75.68418440   -75.71665453
 2298    1.6000   30.0000    1.7500   -76.01821367   -75.70814873   -75.74013888
 2299    1.6000   30.0000    1.8000   -76.03470243   -75.73163893   -75.76328128
 2300    1.6000   30.0000    1.8500   -76.05011926   -75.75455159   -75.78598559
 2301    1.6000   30.0000    1.9000   -76.06439589   -75.77677112   -75.80813969
 2302    1.6000   30.0000    2.0000   -76.08934690   -75.81870532   -75.85034828
 2303    1.6000   30.0000    2.1500   -76.11769822   -75.87418652   -75.90712599
 2304    1.6000   30.0000    2.3000   -76.13614371   -75.91987946   -75.95502754
 2305    1.6000   30.0000    2.4000   -76.14389337   -75.94497182   -75.98203867
 2306    1.6000   30.0000    2.6000   -76.15141712   -75.98358871   -76.02552671
 2307    1.6000   30.0000    2.8000   -76.15225625   -76.00924113   -76.05754773
 2308    1.6000   30.0000    3.0000   -76.15005924   -76.02464134   -76.08097630
 2309    1.6000   30.0000    3.3000   -76.14650050   -76.03357732   -76.10519966
 2310    1.6000   30.0000    3.6000   -76.14494111   -76.03133958   -76.12066704
 2311    1.6000   30.0000    4.0000   -76.14516731   -76.02081141   -76.13297650
 2312    1.6000   30.0000    4.5000   -76.14615360   -76.00682885   -76.14074223
 2313    1.6000   30.0000    5.0000   -76.14668386   -75.99732654   -76.14416031
 2314    1.6000   30.0000    6.0000   -76.14675192   -75.99000162   -76.14605407
 2315    1.6000   30.0000    7.0000   -76.14659705   -75.98857553   -76.14624939
 2316    1.6000   30.0000    8.0000   -76.14647659   -75.98825665   -76.14619212
 2317    1.6000   30.0000   10.0000   -76.14639759   -75.98814140   -76.14612520
 2318    1.6000   30.0000   12.0000   -76.14638124   -75.98812296   -76.14610871
 2319    1.6000   30.0000   14.0000   -76.14637662   -75.98811796   -76.14610393
 2320    1.6000   30.0000   16.0000   -76.14637503   -75.98811630   -76.14610231
    0    0.0000    0.0000    0.0000     0.00000000     0.00000000     0.00000000
 2321    1.6000   45.0000    1.2000   -75.91401772   -75.50706074   -75.59902302
 2322    1.6000   45.0000    1.3000   -76.01511669   -75.61574120   -75.70318387
 2323    1.6000   45.0000    1.4000   -76.08503548   -75.69398994   -75.77725517
 2324    1.6000   45.0000    1.5000   -76.13345984   -75.75159158   -75.83110750
 2325    1.6000   45.0000    1.6000   -76.16685561   -75.79513898   -75.87142528
 2326    1.6000   45.0000    1.7000   -76.18957201   -75.82910831   -75.90280378
 2327    1.6000   45.0000    1.7500   -76.19788899   -75.84349756   -75.91618206
 2328    1.6000   45.0000    1.8000   -76.20456508   -75.85655240   -75.92843972
 2329    1.6000   45.0000    1.8500   -76.20983145   -75.86849994   -75.93982204
 2330    1.6000   45.0000    1.9000   -76.21388315   -75.87952467   -75.95052469
 2331    1.6000   45.0000    2.0000   -76.21898235   -75.89935334   -75.97044728
 2332    1.6000   45.0000    2.1500   -76.22099015   -75.92482945   -75.99771347
 2333    1.6000   45.0000    2.3000   -76.21844389   -75.94618485   -76.02226207
 2334    1.6000   45.0000    2.4000   -76.21510961   -75.95833419   -76.03702782
 2335    1.6000   45.0000    2.6000   -76.20622271   -75.97787476   -76.06248721
 2336    1.6000   45.0000    2.8000   -76.19614969   -75.99161134   -76.08272005
 2337    1.6000   45.0000    3.0000   -76.18630902   -76.00042284   -76.09843869
 2338    1.6000   45.0000    3.3000   -76.17365131   -76.00651657   -76.11541985
 2339    1.6000   45.0000    3.6000   -76.16429939   -76.00679963   -76.12668834
 2340    1.6000   45.0000    4.0000   -76.15641364   -76.00267697   -76.13591286
 2341    1.6000   45.0000    4.5000   -76.15132457   -75.99634525   -76.14188301
 2342    1.6000   45.0000    5.0000   -76.14892970   -75.99211024   -76.14458848
 2343    1.6000   45.0000    6.0000   -76.14716465   -75.98905265   -76.14615678
 2344    1.6000   45.0000    7.0000   -76.14667472   -75.98842756   -76.14630975
 2345    1.6000   45.0000    8.0000   -76.14651773   -75.98825967   -76.14626628
 2346    1.6000   45.0000   10.0000   -76.14644255   -75.98817990   -76.14620971
 2347    1.6000   45.0000   12.0000   -76.14638035   -75.98812226   -76.14610803
 2348    1.6000   45.0000   14.0000   -76.14637630   -75.98811772   -76.14610367
 2349    1.6000   45.0000   16.0000   -76.14637491   -75.98811620   -76.14610221
    0    0.0000    0.0000    0.0000     0.00000000     0.00000000     0.00000000
 2350    1.6000   60.0000    1.2000   -76.00650400   -75.54047155   -75.68699718
 2351    1.6000   60.0000    1.3000   -76.10776247   -75.64949427   -75.79191718
 2352    1.6000   60.0000    1.4000   -76.17604272   -75.72702224   -75.86455420
 2353    1.6000   60.0000    1.5000   -76.22125227   -75.78247390   -75.91496228
 2354    1.6000   60.0000    1.6000   -76.25021517   -75.82246290   -75.95015402
 2355    1.6000   60.0000    1.7000   -76.26769236   -75.85168812   -75.97512871
 2356    1.6000   60.0000    1.7500   -76.27321273   -75.86335033   -75.98496222
 2357    1.6000   60.0000    1.8000   -76.27703260   -75.87349047   -75.99352252
 2358    1.6000   60.0000    1.8500   -76.27942159   -75.88237893   -76.00111378
 2359    1.6000   60.0000    1.9000   -76.28060767   -75.89024199   -76.00799150
 2360    1.6000   60.0000    2.0000   -76.28011707   -75.90361471   -76.02039413
 2361    1.6000   60.0000    2.1500   -76.27435919   -75.91971421   -76.03738826
 2362    1.6000   60.0000    2.3000   -76.26499409   -75.93292967   -76.05340177
 2363    1.6000   60.0000    2.4000   -76.25765343   -75.94064709   -76.06346591
 2364    1.6000   60.0000    2.6000   -76.24190329   -75.95390884   -76.08154905
 2365    1.6000   60.0000    2.8000   -76.22617707   -75.96443911   -76.09648435
 2366    1.6000   60.0000    3.0000   -76.21152001   -75.97244301   -76.10837412
 2367    1.6000   60.0000    3.3000   -76.19265681   -75.98045795   -76.12147014
 2368    1.6000   60.0000    3.6000   -76.17802981   -75.98488221   -76.13030753
 2369    1.6000   60.0000    4.0000   -76.16462512   -75.98737909   -76.13765682
 2370    1.6000   60.0000    4.5000   -76.15517604   -75.98815552   -76.14251279
 2371    1.6000   60.0000    5.0000   -76.15057336   -75.98830579   -76.14476961
 2372    1.6000   60.0000    6.0000   -76.14740365   -75.98836379   -76.14613481
 2373    1.6000   60.0000    7.0000   -76.14669321   -75.98830328   -76.14628704
 2374    1.6000   60.0000    8.0000   -76.14651327   -75.98823754   -76.14625735
 2375    1.6000   60.0000   10.0000   -76.14644130   -75.98818042   -76.14620899
 2376    1.6000   60.0000   12.0000   -76.14637953   -75.98812162   -76.14610737
 2377    1.6000   60.0000   14.0000   -76.14637601   -75.98811751   -76.14610344
 2378    1.6000   60.0000   16.0000   -76.14637479   -75.98811612   -76.14610211
    0    0.0000    0.0000    0.0000     0.00000000     0.00000000     0.00000000
 2379    1.6000   70.0000    1.2000   -76.04568006   -75.57815116   -75.72324775
 2380    1.6000   70.0000    1.3000   -76.14598315   -75.68103426   -75.82745309
 2381    1.6000   70.0000    1.4000   -76.21294790   -75.75128960   -75.89883233
 2382    1.6000   70.0000    1.5000   -76.25656500   -75.79906708   -75.94750800
 2383    1.6000   70.0000    1.6000   -76.28377706   -75.81784651   -75.98056297
 2384    1.6000   70.0000    1.7000   -76.29931747   -75.85385196   -76.00306461
 2385    1.6000   70.0000    1.7500   -76.30386225   -75.86256929   -76.01155760
 2386    1.6000   70.0000    1.8000   -76.30670291   -75.87050732   -76.01872237
 2387    1.6000   70.0000    1.8500   -76.30811485   -75.87778438   -76.02487636
 2388    1.6000   70.0000    1.9000   -76.30833097   -75.88428895   -76.03029159
 2389    1.6000   70.0000    2.0000   -76.30592955   -75.89510415   -76.03977564
 2390    1.6000   70.0000    2.1500   -76.29742006   -75.90737587   -76.05272721
 2391    1.6000   70.0000    2.3000   -76.28550055   -75.91742737   -76.06537628
 2392    1.6000   70.0000    2.4000   -76.27657466   -75.92390283   -76.07359212
 2393    1.6000   70.0000    2.6000   -76.25792377   -75.93675068   -76.08879370
 2394    1.6000   70.0000    2.8000   -76.23963251   -75.94831217   -76.10167369
 2395    1.6000   70.0000    3.0000   -76.22270694   -75.95787254   -76.11208663
 2396    1.6000   70.0000    3.3000   -76.20092299   -75.96856699   -76.12369908
 2397    1.6000   70.0000    3.6000   -76.18389735   -75.97575283   -76.13162432
 2398    1.6000   70.0000    4.0000   -76.16807702   -75.98159776   -76.13828421
 2399    1.6000   70.0000    4.5000   -76.15676259   -75.98535495   -76.14273682
 2400    1.6000   70.0000    5.0000   -76.15123099   -75.98708843   -76.14483236
 2401    1.6000   70.0000    6.0000   -76.14748989   -75.98815375   -76.14612552
 2402    1.6000   70.0000    7.0000   -76.14669715   -75.98826537   -76.14627826
 2403    1.6000   70.0000    8.0000   -76.14651093   -75.98823152   -76.14625432
 2404    1.6000   70.0000   10.0000   -76.14644119   -75.98818119   -76.14620888
 2405    1.6000   70.0000   12.0000   -76.14643039   -75.98816641   -76.14619513
 2406    1.6000   70.0000   14.0000   -76.14637585   -75.98811741   -76.14610332
 2407    1.6000   70.0000   16.0000   -76.14637473   -75.98811609   -76.14610207
    0    0.0000    0.0000    0.0000     0.00000000     0.00000000     0.00000000
 2408    1.6000   80.0000    1.2000   -76.07355210   -75.62029100   -75.74852859
 2409    1.6000   80.0000    1.3000   -76.17291960   -75.72302477   -75.85196852
 2410    1.6000   80.0000    1.4000   -76.23877660   -75.79280923   -75.92228998
 2411    1.6000   80.0000    1.5000   -76.28115976   -75.83980704   -75.96964942
 2412    1.6000   80.0000    1.6000   -76.30701965   -75.87109364   -76.00115883
 2413    1.6000   80.0000    1.7000   -76.32122205   -75.89174767   -76.02198394
 2414    1.6000   80.0000    1.7500   -76.32507161   -75.89917344   -76.02953321
 2415    1.6000   80.0000    1.8000   -76.32721268   -75.90516646   -76.03571414
 2416    1.6000   80.0000    1.8500   -76.32792402   -75.91001313   -76.04085123
 2417    1.6000   80.0000    1.9000   -76.32744175   -75.91395270   -76.04522609
 2418    1.6000   80.0000    2.0000   -76.32366844   -75.91986905   -76.05261235
 2419    1.6000   80.0000    2.1500   -76.31318881   -75.92587853   -76.06263317
 2420    1.6000   80.0000    2.3000   -76.29940976   -75.93060073   -76.07288546
 2421    1.6000   80.0000    2.4000   -76.28931495   -75.93378461   -76.07981592
 2422    1.6000   80.0000    2.6000   -76.26850965   -75.94132840   -76.09307968
 2423    1.6000   80.0000    2.8000   -76.24830860   -75.94996837   -76.10464350
 2424    1.6000   80.0000    3.0000   -76.22971406   -75.95809281   -76.11415392
 2425    1.6000   80.0000    3.3000   -76.20585345   -75.96788932   -76.12490525
 2426    1.6000   80.0000    3.6000   -76.18722019   -75.97486965   -76.13232715
 2427    1.6000   80.0000    4.0000   -76.16989805   -75.98087174   -76.13861899
 2428    1.6000   80.0000    4.5000   -76.15752597   -75.98495344   -76.14285899
 2429    1.6000   80.0000    5.0000   -76.15151602   -75.98690024   -76.14486932
 2430    1.6000   80.0000    6.0000   -76.14751506   -75.98811581   -76.14612251
 2431    1.6000   80.0000    7.0000   -76.14669451   -75.98825719   -76.14627449
 2432    1.6000   80.0000    8.0000   -76.14650904   -75.98823067   -76.14625316
 2433    1.6000   80.0000   10.0000   -76.14644154   -75.98818206   -76.14620902
 2434    1.6000   80.0000   12.0000   -76.14643101   -75.98816737   -76.14619561
 2435    1.6000   80.0000   14.0000   -76.14637575   -75.98811735   -76.14610325
 2436    1.6000   80.0000   16.0000   -76.14637469   -75.98811607   -76.14610204
    0    0.0000    0.0000    0.0000     0.00000000     0.00000000     0.00000000
 2437    1.6000   90.0000    1.2000   -76.09243694   -75.65478611   -75.76537474
 2438    1.6000   90.0000    1.3000   -76.19098621   -75.75718996   -75.86814742
 2439    1.6000   90.0000    1.4000   -76.25592799   -75.82641052   -75.93762938
 2440    1.6000   90.0000    1.5000   -76.29732631   -75.87262072   -75.98399664
 2441    1.6000   90.0000    1.6000   -76.32215591   -75.90290878   -76.01437688
 2442    1.6000   90.0000    1.7000   -76.33530757   -75.92228889   -76.03387514
 2443    1.6000   90.0000    1.7500   -76.33862797   -75.92905416   -76.04075558
 2444    1.6000   90.0000    1.8000   -76.34024061   -75.93435443   -76.04624287
 2445    1.6000   90.0000    1.8500   -76.34042598   -75.93848648   -76.05066513
 2446    1.6000   90.0000    1.9000   -76.33942173   -75.94170273   -76.05430932
 2447    1.6000   90.0000    2.0000   -76.33462078   -75.94620957   -76.06022194
 2448    1.6000   90.0000    2.1500   -76.32264798   -75.95040125   -76.06822428
 2449    1.6000   90.0000    2.3000   -76.30744801   -75.95360728   -76.07695408
 2450    1.6000   90.0000    2.4000   -76.29647919   -75.95594187   -76.08306581
 2451    1.6000   90.0000    2.6000   -76.27408695   -75.96120452   -76.09516577
 2452    1.6000   90.0000    2.8000   -76.25252313   -75.96670609   -76.10600692
 2453    1.6000   90.0000    3.0000   -76.23279073   -75.97176494   -76.11506422
 2454    1.6000   90.0000    3.3000   -76.20762654   -75.97776680   -76.12542379
 2455    1.6000   90.0000    3.6000   -76.18811942   -75.98176931   -76.13263465
 2456    1.6000   90.0000    4.0000   -76.17015560   -75.98480212   -76.13877666
 2457    1.6000   90.0000    4.5000   -76.15750016   -75.98664749   -76.14292721
 2458    1.6000   90.0000    5.0000   -76.15144662   -75.98756666   -76.14489736
 2459    1.6000   90.0000    6.0000   -76.14748352   -75.98821055   -76.14612611
 2460    1.6000   90.0000    7.0000   -76.14668569   -75.98827023   -76.14627433
 2461    1.6000   90.0000    8.0000   -76.14650748   -75.98823297   -76.14625321
 2462    1.6000   90.0000   10.0000   -76.14644227   -75.98818279   -76.14620935
 2463    1.6000   90.0000   12.0000   -76.14643163   -75.98816796   -76.14619596
 2464    1.6000   90.0000   14.0000   -76.14637570   -75.98811733   -76.14610322
 2465    1.6000   90.0000   16.0000   -76.14637467   -75.98811606   -76.14610203
    0    0.0000    0.0000    0.0000     0.00000000     0.00000000     0.00000000
 2466    1.6000  100.0000    1.2000   -76.10372864   -75.68231176   -75.77507410
 2467    1.6000  100.0000    1.3000   -76.20158647   -75.78435144   -75.87730459
 2468    1.6000  100.0000    1.4000   -76.26577210   -75.85305410   -75.94614000
 2469    1.6000  100.0000    1.5000   -76.30636997   -75.89860741   -75.99177300
 2470    1.6000  100.0000    1.6000   -76.33037204   -75.92811604   -76.02134548
 2471    1.6000  100.0000    1.7000   -76.34268395   -75.94661618   -76.03997560
 2472    1.6000  100.0000    1.7500   -76.34558413   -75.95291340   -76.04640486
 2473    1.6000  100.0000    1.8000   -76.34677844   -75.95773451   -76.05143338
 2474    1.6000  100.0000    1.8500   -76.34654883   -75.96138355   -76.05539347
 2475    1.6000  100.0000    1.9000   -76.34513438   -75.96412098   -76.05857700
 2476    1.6000  100.0000    2.0000   -76.33953246   -75.96772071   -76.06359809
 2477    1.6000  100.0000    2.1500   -76.32642639   -75.97081529   -76.07041514
 2478    1.6000  100.0000    2.3000   -76.31020122   -75.97341488   -76.07831250
 2479    1.6000  100.0000    2.4000   -76.29859736   -75.97536244   -76.08408900
 2480    1.6000  100.0000    2.6000   -76.27508542   -75.97978675   -76.09570688
 2481    1.6000  100.0000    2.8000   -76.25261011   -75.98418314   -76.10629581
 2482    1.6000  100.0000    3.0000   -76.23219527   -75.98783933   -76.11524036
 2483    1.6000  100.0000    3.3000   -76.20642753   -75.99130584   -76.12554276
 2484    1.6000  100.0000    3.6000   -76.18673830   -75.99244133   -76.13273304
 2485    1.6000  100.0000    4.0000   -76.16895821   -75.99164849   -76.13885516
 2486    1.6000  100.0000    4.5000   -76.15675658   -75.98984820   -76.14298052
 2487    1.6000  100.0000    5.0000   -76.15106206   -75.98885822   -76.14492926
 2488    1.6000  100.0000    6.0000   -76.14740252   -75.98839696   -76.14613499
 2489    1.6000  100.0000    7.0000   -76.14667110   -75.98829616   -76.14627603
 2490    1.6000  100.0000    8.0000   -76.14650597   -75.98823661   -76.14625380
 2491    1.6000  100.0000   10.0000   -76.14644328   -75.98818321   -76.14620973
 2492    1.6000  100.0000   12.0000   -76.14643238   -75.98816832   -76.14619629
 2493    1.6000  100.0000   14.0000   -76.14637570   -75.98811732   -76.14610323
 2494    1.6000  100.0000   16.0000   -76.14637467   -75.98811605   -76.14610203
    0    0.0000    0.0000    0.0000     0.00000000     0.00000000     0.00000000
 2495    1.6000  105.0000    1.2000   -76.10688576   -75.69368228   -75.77758315
 2496    1.6000  105.0000    1.3000   -76.20444199   -75.79555211   -75.87958917
 2497    1.6000  105.0000    1.4000   -76.26829993   -75.86402786   -75.94816562
 2498    1.6000  105.0000    1.5000   -76.30855317   -75.90930825   -75.99351407
 2499    1.6000  105.0000    1.6000   -76.33220117   -75.93850783   -76.02278485
 2500    1.6000  105.0000    1.7000   -76.34415608   -75.95667562   -76.04110516
 2501    1.6000  105.0000    1.7500   -76.34687854   -75.96280397   -76.04738012
 2502    1.6000  105.0000    1.8000   -76.34789656   -75.96745829   -76.05225727
 2503    1.6000  105.0000    1.8500   -76.34749279   -75.97094581   -76.05607112
 2504    1.6000  105.0000    1.9000   -76.34590688   -75.97353158   -76.05911622
 2505    1.6000  105.0000    2.0000   -76.33997262   -75.97687060   -76.06389367
 2506    1.6000  105.0000    2.1500   -76.32640164   -75.97972670   -76.07045227
 2507    1.6000  105.0000    2.3000   -76.30976025   -75.98226909   -76.07821256
 2508    1.6000  105.0000    2.4000   -76.29790962   -75.98423335   -76.08395409
 2509    1.6000  105.0000    2.6000   -76.27398803   -75.98863469   -76.09557519
 2510    1.6000  105.0000    2.8000   -76.25121637   -75.99279075   -76.10618673
 2511    1.6000  105.0000    3.0000   -76.23060579   -75.99598850   -76.11516432
 2512    1.6000  105.0000    3.3000   -76.20477367   -75.99849001   -76.12552529
 2513    1.6000  105.0000    3.6000   -76.18524327   -75.99835378   -76.13274903
 2514    1.6000  105.0000    4.0000   -76.16785820   -75.99565371   -76.13888778
 2515    1.6000  105.0000    4.5000   -76.15614701   -75.99181548   -76.14301026
 2516    1.6000  105.0000    5.0000   -76.15076863   -75.98966601   -76.14494916
 2517    1.6000  105.0000    6.0000   -76.14734645   -75.98851269   -76.14614079
 2518    1.6000  105.0000    7.0000   -76.14666189   -75.98831177   -76.14627712
 2519    1.6000  105.0000    8.0000   -76.14650518   -75.98823850   -76.14625414
 2520    1.6000  105.0000   10.0000   -76.14644384   -75.98818324   -76.14620989
 2521    1.6000  105.0000   12.0000   -76.14643277   -75.98816839   -76.14619642
 2522    1.6000  105.0000   14.0000   -76.14637571   -75.98811732   -76.14610324
 2523    1.6000  105.0000   16.0000   -76.14637467   -75.98811605   -76.14610203
    0    0.0000    0.0000    0.0000     0.00000000     0.00000000     0.00000000
 2524    1.6000  110.0000    1.2000   -76.10857582   -75.70357702   -75.77871238
 2525    1.6000  110.0000    1.3000   -76.20585678   -75.80528429   -75.88052337
 2526    1.6000  110.0000    1.4000   -76.26941614   -75.87355815   -75.94887951
 2527    1.6000  110.0000    1.5000   -76.30935585   -75.91860369   -75.99399212
 2528    1.6000  110.0000    1.6000   -76.33268255   -75.94754679   -76.02302168
 2529    1.6000  110.0000    1.7000   -76.34431453   -75.96545212   -76.04110648
 2530    1.6000  110.0000    1.7500   -76.34687682   -75.97145620   -76.04727052
 2531    1.6000  110.0000    1.8000   -76.34773612   -75.97599037   -76.05204425
 2532    1.6000  110.0000    1.8500   -76.34717589   -75.97936839   -76.05576462
 2533    1.6000  110.0000    1.9000   -76.34543638   -75.98185883   -76.05872889
 2534    1.6000  110.0000    2.0000   -76.33920556   -75.98506635   -76.06339198
 2535    1.6000  110.0000    2.1500   -76.32522346   -75.98789950   -76.06990213
 2536    1.6000  110.0000    2.3000   -76.30821997   -75.99058531   -76.07770606
 2537    1.6000  110.0000    2.4000   -76.29615843   -75.99267592   -76.08350210
 2538    1.6000  110.0000    2.6000   -76.27189773   -75.99723393   -76.09525175
 2539    1.6000  110.0000    2.8000   -76.24891100   -76.00132362   -76.10597352
 2540    1.6000  110.0000    3.0000   -76.22820427   -76.00417717   -76.11502786
 2541    1.6000  110.0000    3.3000   -76.20245096   -76.00581091   -76.12548604
 2542    1.6000  110.0000    3.6000   -76.18324277   -76.00445678   -76.13276147
 2543    1.6000  110.0000    4.0000   -76.16645328   -75.99986534   -76.13892429
 2544    1.6000  110.0000    4.5000   -76.15539987   -75.99393380   -76.14304491
 2545    1.6000  110.0000    5.0000   -76.15041888   -75.99054524   -76.14497236
 2546    1.6000  110.0000    6.0000   -76.14728195   -75.98863785   -76.14614721
 2547    1.6000  110.0000    7.0000   -76.14665159   -75.98832824   -76.14627823
 2548    1.6000  110.0000    8.0000   -76.14650431   -75.98824027   -76.14625441
 2549    1.6000  110.0000   10.0000   -76.14644443   -75.98818314   -76.14621002
 2550    1.6000  110.0000   12.0000   -76.14643316   -75.98816839   -76.14619653
 2551    1.6000  110.0000   14.0000   -76.14637574   -75.98811731   -76.14610325
 2552    1.6000  110.0000   16.0000   -76.14637468   -75.98811605   -76.14610204
    0    0.0000    0.0000    0.0000     0.00000000     0.00000000     0.00000000
 2553    1.6000  120.0000    1.2000   -76.10817132   -75.71928796   -75.77741977
 2554    1.6000  120.0000    1.3000   -76.20497318   -75.82072438   -75.87892137
 2555    1.6000  120.0000    1.4000   -76.26801004   -75.88867435   -75.94693978
 2556    1.6000  120.0000    1.5000   -76.30739977   -75.93336434   -75.99170907
 2557    1.6000  120.0000    1.6000   -76.33016291   -75.96194870   -76.02041539
 2558    1.6000  120.0000    1.7000   -76.34122915   -75.97953094   -76.03822933
 2559    1.6000  120.0000    1.7500   -76.34351080   -75.98539968   -76.04428963
 2560    1.6000  120.0000    1.8000   -76.34409282   -75.98983078   -76.04898851
 2561    1.6000  120.0000    1.8500   -76.34325962   -75.99314367   -76.05266936
 2562    1.6000  120.0000    1.9000   -76.34125260   -75.99561520   -76.05563470
 2563    1.6000  120.0000    2.0000   -76.33450738   -75.99894914   -76.06043365
 2564    1.6000  120.0000    2.1500   -76.31981932   -76.00238799   -76.06742541
 2565    1.6000  120.0000    2.3000   -76.30220609   -76.00596179   -76.07580010
 2566    1.6000  120.0000    2.4000   -76.28979876   -76.00862530   -76.08193947
 2567    1.6000  120.0000    2.6000   -76.26501645   -76.01397466   -76.09425416
 2568    1.6000  120.0000    2.8000   -76.24176688   -76.01825703   -76.10537378
 2569    1.6000  120.0000    3.0000   -76.22109751   -76.02072863   -76.11469313
 2570    1.6000  120.0000    3.3000   -76.19591112   -76.02076031   -76.12540041
 2571    1.6000  120.0000    3.6000   -76.17783488   -76.01698829   -76.13280678
 2572    1.6000  120.0000    4.0000   -76.16283832   -76.00857176   -76.13902282
 2573    1.6000  120.0000    4.5000   -76.15356912   -75.99839409   -76.14313262
 2574    1.6000  120.0000    5.0000   -76.14958941   -75.99241927   -76.14502915
 2575    1.6000  120.0000    6.0000   -76.14713454   -75.98890225   -76.14616146
 2576    1.6000  120.0000    7.0000   -76.14662858   -75.98836173   -76.14628026
 2577    1.6000  120.0000    8.0000   -76.14650232   -75.98824304   -76.14625460
 2578    1.6000  120.0000   10.0000   -76.14644561   -75.98818249   -76.14621013
 2579    1.6000  120.0000   12.0000   -76.14643394   -75.98816817   -76.14619666
 2580    1.6000  120.0000   14.0000   -76.14637580   -75.98811730   -76.14610329
 2581    1.6000  120.0000   16.0000   -76.14637471   -75.98811605   -76.14610205
    0    0.0000    0.0000    0.0000     0.00000000     0.00000000     0.00000000
 2582    1.6000  130.0000    1.2000   -76.10383935   -75.73021070   -75.77247425
 2583    1.6000  130.0000    1.3000   -76.20024224   -75.83144675   -75.87375837
 2584    1.6000  130.0000    1.4000   -76.26283806   -75.89917757   -75.94155415
 2585    1.6000  130.0000    1.5000   -76.30175846   -75.94365578   -75.98612271
 2586    1.6000  130.0000    1.6000   -76.32403641   -75.97207299   -76.01468441
 2587    1.6000  130.0000    1.7000   -76.33461208   -75.98958496   -76.03245469
 2588    1.6000  130.0000    1.7500   -76.33664933   -75.99547615   -76.03854850
 2589    1.6000  130.0000    1.8000   -76.33698897   -75.99998113   -76.04332822
 2590    1.6000  130.0000    1.8500   -76.33591646   -76.00342946   -76.04714552
 2591    1.6000  130.0000    1.9000   -76.33367424   -76.00610630   -76.05030636
 2592    1.6000  130.0000    2.0000   -76.32647487   -76.01007741   -76.05567315
 2593    1.6000  130.0000    2.1500   -76.31115955   -76.01493976   -76.06379025
 2594    1.6000  130.0000    2.3000   -76.29300185   -76.02009561   -76.07321875
 2595    1.6000  130.0000    2.4000   -76.28028733   -76.02369525   -76.07992521
 2596    1.6000  130.0000    2.6000   -76.25506060   -76.03037992   -76.09307501
 2597    1.6000  130.0000    2.8000   -76.23165408   -76.03523283   -76.10472491
 2598    1.6000  130.0000    3.0000   -76.21118843   -76.03755404   -76.11438057
 2599    1.6000  130.0000    3.3000   -76.18705594   -76.03608556   -76.12535601
 2600    1.6000  130.0000    3.6000   -76.17077378   -76.02972658   -76.13290360
 2601    1.6000  130.0000    4.0000   -76.15837936   -76.01726978   -76.13916111
 2602    1.6000  130.0000    4.5000   -76.15143912   -76.00284153   -76.14324380
 2603    1.6000  130.0000    5.0000   -76.14865894   -75.99430285   -76.14509810
 2604    1.6000  130.0000    6.0000   -76.14697529   -75.98916569   -76.14617764
 2605    1.6000  130.0000    7.0000   -76.14660415   -75.98839366   -76.14628213
 2606    1.6000  130.0000    8.0000   -76.14649997   -75.98824452   -76.14625417
 2607    1.6000  130.0000   10.0000   -76.14644674   -75.98818138   -76.14621002
 2608    1.6000  130.0000   12.0000   -76.14643467   -75.98816772   -76.14619669
 2609    1.6000  130.0000   14.0000   -76.14637589   -75.98811728   -76.14610333
 2610    1.6000  130.0000   16.0000   -76.14637474   -75.98811604   -76.14610207
    0    0.0000    0.0000    0.0000     0.00000000     0.00000000     0.00000000
 2611    1.6000  140.0000    1.2000   -76.09705714   -75.73720991   -75.76531577
 2612    1.6000  140.0000    1.3000   -76.19312697   -75.83831078   -75.86645298
 2613    1.6000  140.0000    1.4000   -76.25534753   -75.90591440   -75.93411369
 2614    1.6000  140.0000    1.5000   -76.29386163   -75.95030480   -75.97858988
 2615    1.6000  140.0000    1.6000   -76.31571183   -75.97872024   -76.00714410
 2616    1.6000  140.0000    1.7000   -76.32584666   -75.99638386   -76.02504884
 2617    1.6000  140.0000    1.7500   -76.32766093   -76.00243582   -76.03128581
 2618    1.6000  140.0000    1.8000   -76.32777707   -76.00717413   -76.03627255
 2619    1.6000  140.0000    1.8500   -76.32648133   -76.01093944   -76.04036544
 2620    1.6000  140.0000    1.9000   -76.32401696   -76.01402378   -76.04387523
 2621    1.6000  140.0000    2.0000   -76.31637933   -76.01907899   -76.05013401
 2622    1.6000  140.0000    2.1500   -76.30043181   -76.02600968   -76.05977688
 2623    1.6000  140.0000    2.3000   -76.28169024   -76.03324204   -76.07049737
 2624    1.6000  140.0000    2.4000   -76.26862411   -76.03803858   -76.07786607
 2625    1.6000  140.0000    2.6000   -76.24283692   -76.04650216   -76.09194232
 2626    1.6000  140.0000    2.8000   -76.21916719   -76.05230226   -76.10415081
 2627    1.6000  140.0000    3.0000   -76.19889412   -76.05472936   -76.11414656
 2628    1.6000  140.0000    3.3000   -76.17619309   -76.05179480   -76.12535612
 2629    1.6000  140.0000    3.6000   -76.16241071   -76.04243706   -76.13304875
 2630    1.6000  140.0000    4.0000   -76.15343474   -76.02556511   -76.13932824
 2631    1.6000  140.0000    4.5000   -76.14921776   -76.00697072   -76.14336952
 2632    1.6000  140.0000    5.0000   -76.14772086   -75.99604919   -76.14517440
 2633    1.6000  140.0000    6.0000   -76.14682025   -75.98940922   -76.14619604
 2634    1.6000  140.0000    7.0000   -76.14658078   -75.98842220   -76.14628416
 2635    1.6000  140.0000    8.0000   -76.14649753   -75.98824483   -76.14625327
 2636    1.6000  140.0000   10.0000   -76.14644774   -75.98817998   -76.14620975
 2637    1.6000  140.0000   12.0000   -76.14637938   -75.98812075   -76.14610703
 2638    1.6000  140.0000   14.0000   -76.14637598   -75.98811726   -76.14610337
 2639    1.6000  140.0000   16.0000   -76.14637477   -75.98811602   -76.14610208
    0    0.0000    0.0000    0.0000     0.00000000     0.00000000     0.00000000
 2640    1.6000  150.0000    1.2000   -76.08941473   -75.74122489   -75.75749114
 2641    1.6000  150.0000    1.3000   -76.18521173   -75.84224286   -75.85853238
 2642    1.6000  150.0000    1.4000   -76.24711806   -75.90979083   -75.92611934
 2643    1.6000  150.0000    1.5000   -76.28528447   -75.95418587   -75.97057716
 2644    1.6000  150.0000    1.6000   -76.30675963   -75.98272075   -75.99921499
 2645    1.6000  150.0000    1.7000   -76.31649689   -76.00069815   -76.01737178
 2646    1.6000  150.0000    1.7500   -76.31810531   -76.00701195   -76.02382269
 2647    1.6000  150.0000    1.8000   -76.31801158   -76.01209905   -76.02909294
 2648    1.6000  150.0000    1.8500   -76.31650237   -76.01631024   -76.03354614
 2649    1.6000  150.0000    1.9000   -76.31382121   -76.01994214   -76.03749166
 2650    1.6000  150.0000    2.0000   -76.30574094   -76.02635995   -76.04478707
 2651    1.6000  150.0000    2.1500   -76.28911075   -76.03568240   -76.05604112
 2652    1.6000  150.0000    2.3000   -76.26966840   -76.04521447   -76.06803722
 2653    1.6000  150.0000    2.4000   -76.25613526   -76.05135322   -76.07603955
 2654    1.6000  150.0000    2.6000   -76.22946536   -76.06197191   -76.09097864
 2655    1.6000  150.0000    2.8000   -76.20512856   -76.06920738   -76.10369636
 2656    1.6000  150.0000    3.0000   -76.18472217   -76.07217592   -76.11399652
 2657    1.6000  150.0000    3.3000   -76.16362680   -76.06778193   -76.12544175
 2658    1.6000  150.0000    3.6000   -76.15326239   -76.05475911   -76.13321694
 2659    1.6000  150.0000    4.0000   -76.14848199   -76.03302397   -76.13950051
 2660    1.6000  150.0000    4.5000   -76.14713649   -76.01052105   -76.14349499
 2661    1.6000  150.0000    5.0000   -76.14686943   -75.99753850   -76.14525036
 2662    1.6000  150.0000    6.0000   -76.14668421   -75.98961700   -76.14621552
 2663    1.6000  150.0000    7.0000   -76.14656081   -75.98844611   -76.14628651
 2664    1.6000  150.0000    8.0000   -76.14649538   -75.98824441   -76.14625223
 2665    1.6000  150.0000   10.0000   -76.14644855   -75.98817852   -76.14620940
 2666    1.6000  150.0000   12.0000   -76.14637961   -75.98812064   -76.14610711
 2667    1.6000  150.0000   14.0000   -76.14637607   -75.98811722   -76.14610340
 2668    1.6000  150.0000   16.0000   -76.14637480   -75.98811601   -76.14610209
    0    0.0000    0.0000    0.0000     0.00000000     0.00000000     0.00000000
 2669    1.6000  160.0000    1.2000   -76.08249412   -75.74320305   -75.75052316
 2670    1.6000  160.0000    1.3000   -76.17808303   -75.84417667   -75.85150543
 2671    1.6000  160.0000    1.4000   -76.23974426   -75.91171320   -75.91905832
 2672    1.6000  160.0000    1.5000   -76.27763330   -75.95616348   -75.96353739
 2673    1.6000  160.0000    1.6000   -76.29880127   -75.98487342   -75.99229806
 2674    1.6000  160.0000    1.7000   -76.30820247   -76.00322648   -76.01074063
 2675    1.6000  160.0000    1.7500   -76.30963255   -76.00983465   -76.01741942
 2676    1.6000  160.0000    1.8000   -76.30935374   -76.01530313   -76.02298390
 2677    1.6000  160.0000    1.8500   -76.30765260   -76.01998984   -76.02779965
 2678    1.6000  160.0000    1.9000   -76.30477240   -76.02418899   -76.03216788
 2679    1.6000  160.0000    2.0000   -76.29627167   -76.03196553   -76.04042213
 2680    1.6000  160.0000    2.1500   -76.27894248   -76.04356342   -76.05306056
 2681    1.6000  160.0000    2.3000   -76.25870821   -76.05527882   -76.06610585
 2682    1.6000  160.0000    2.4000   -76.24458833   -76.06275190   -76.07461899
 2683    1.6000  160.0000    2.6000   -76.21660231   -76.07578541   -76.09024607
 2684    1.6000  160.0000    2.8000   -76.19084884   -76.08512799   -76.10336904
 2685    1.6000  160.0000    3.0000   -76.16939876   -76.08953557   -76.11391085
 2686    1.6000  160.0000    3.3000   -76.14980225   -76.08385728   -76.12553926
 2687    1.6000  160.0000    3.6000   -76.14418903   -76.06598369   -76.13337519
 2688    1.6000  160.0000    4.0000   -76.14413330   -76.03909880   -76.13964942
 2689    1.6000  160.0000    4.5000   -76.14543057   -76.01326030   -76.14360258
 2690    1.6000  160.0000    5.0000   -76.14619080   -75.99867478   -76.14531579
 2691    1.6000  160.0000    6.0000   -76.14657908   -75.98977576   -76.14623327
 2692    1.6000  160.0000    7.0000   -76.14654596   -75.98846436   -76.14628902
 2693    1.6000  160.0000    8.0000   -76.14649383   -75.98824377   -76.14625140
 2694    1.6000  160.0000   10.0000   -76.14644915   -75.98817726   -76.14620905
 2695    1.6000  160.0000   12.0000   -76.14637980   -75.98812054   -76.14610716
 2696    1.6000  160.0000   14.0000   -76.14637614   -75.98811719   -76.14610343
 2697    1.6000  160.0000   16.0000   -76.14637483   -75.98811600   -76.14610210
    0    0.0000    0.0000    0.0000     0.00000000     0.00000000     0.00000000
 2698    1.6000  170.0000    1.2000   -76.07768445   -75.74398595   -75.74572882
 2699    1.6000  170.0000    1.3000   -76.17314169   -75.84494064   -75.84667938
 2700    1.6000  170.0000    1.4000   -76.23464285   -75.91248375   -75.91421981
 2701    1.6000  170.0000    1.5000   -76.27234906   -75.95699345   -75.95872857
 2702    1.6000  170.0000    1.6000   -76.29331006   -75.98585553   -75.98759433
 2703    1.6000  170.0000    1.7000   -76.30247883   -76.00451541   -76.00626470
 2704    1.6000  170.0000    1.7500   -76.30378318   -76.01135820   -76.01311875
 2705    1.6000  170.0000    1.8000   -76.30337203   -76.01712703   -76.01890608
 2706    1.6000  170.0000    1.8500   -76.30153151   -76.02218274   -76.02399091
 2707    1.6000  170.0000    1.9000   -76.29850418   -76.02681532   -76.02866627
 2708    1.6000  170.0000    2.0000   -76.28968273   -76.03560400   -76.03759001
 2709    1.6000  170.0000    2.1500   -76.27179141   -76.04886356   -76.05114951
 2710    1.6000  170.0000    2.3000   -76.25086313   -76.06221177   -76.06487553
 2711    1.6000  170.0000    2.4000   -76.23618185   -76.07074743   -76.07371659
 2712    1.6000  170.0000    2.6000   -76.20673021   -76.08599162   -76.08978472
 2713    1.6000  170.0000    2.8000   -76.17882966   -76.09797065   -76.10316926
 2714    1.6000  170.0000    3.0000   -76.15449295   -76.10554821   -76.11386746
 2715    1.6000  170.0000    3.3000   -76.13550293   -76.09943874   -76.12561156
 2716    1.6000  170.0000    3.6000   -76.13679447   -76.07461789   -76.13348337
 2717    1.6000  170.0000    4.0000   -76.14112928   -76.04312802   -76.13977791
 2718    1.6000  170.0000    4.5000   -76.14433109   -76.01499350   -76.14370013
 2719    1.6000  170.0000    5.0000   -76.14575950   -75.99939159   -76.14537930
 2720    1.6000  170.0000    6.0000   -76.14649689   -75.98985138   -76.14623916
 2721    1.6000  170.0000    7.0000   -76.14652810   -75.98846209   -76.14628355
 2722    1.6000  170.0000    8.0000   -76.14652498   -75.98828044   -76.14628131
 2723    1.6000  170.0000   10.0000   -76.14636390   -75.98811893   -76.14612836
 2724    1.6000  170.0000   12.0000   -76.14635963   -75.98811870   -76.14611844
 2725    1.6000  170.0000   14.0000   -76.14635788   -75.98811793   -76.14611528
 2726    1.6000  170.0000   16.0000   -76.14635425   -75.98811171   -76.14611271
    0    0.0000    0.0000    0.0000     0.00000000     0.00000000     0.00000000
 2727    1.6000  179.9900    1.2000   -76.07596230   -75.74417329   -75.74402029
 2728    1.6000  179.9900    1.3000   -76.17137237   -75.84512205   -75.84496058
 2729    1.6000  179.9900    1.4000   -76.23281933   -75.91267096   -75.91249856
 2730    1.6000  179.9900    1.5000   -76.27046131   -75.95720563   -75.95702058
 2731    1.6000  179.9900    1.6000   -76.29134865   -75.98612776   -75.98592780
 2732    1.6000  179.9900    1.7000   -76.30043361   -76.00490583   -76.00468446
 2733    1.6000  179.9900    1.7500   -76.30169208   -76.01183922   -76.01160527
 2734    1.6000  179.9900    1.8000   -76.30123231   -76.01772266   -76.01747590
 2735    1.6000  179.9900    1.8500   -76.29934013   -76.02291812   -76.02266018
 2736    1.6000  179.9900    1.9000   -76.29625773   -76.02771348   -76.02744757
 2737    1.6000  179.9900    2.0000   -76.28731308   -76.03687819   -76.03661072
 2738    1.6000  179.9900    2.1500   -76.26920168   -76.05075164   -76.05049175
 2739    1.6000  179.9900    2.3000   -76.24798660   -76.06471753   -76.06445257
 2740    1.6000  179.9900    2.4000   -76.23306073   -76.07367432   -76.07340626
 2741    1.6000  179.9900    2.6000   -76.20290323   -76.08989082   -76.08962631
 2742    1.6000  179.9900    2.8000   -76.17370030   -76.10335570   -76.10310148
 2743    1.6000  179.9900    3.0000   -76.14633824   -76.11409598   -76.11385387
 2744    1.6000  179.9900    3.3000   -76.12586399   -76.10954232   -76.12563668
 2745    1.6000  179.9900    3.6000   -76.13375218   -76.07807892   -76.13352829
 2746    1.6000  179.9900    4.0000   -76.14003255   -76.04455828   -76.13981420
 2747    1.6000  179.9900    4.5000   -76.14394083   -76.01558828   -76.14372585
 2748    1.6000  179.9900    5.0000   -76.14560955   -75.99963390   -76.14539488
 2749    1.6000  179.9900    6.0000   -76.14647458   -75.98988463   -76.14624345
 2750    1.6000  179.9900    7.0000   -76.14652081   -75.98845882   -76.14627994
 2751    1.6000  179.9900    8.0000   -76.14651447   -75.98826369   -76.14628591
 2752    1.6000  179.9900   10.0000   -76.14635696   -75.98811031   -76.14612762
 2753    1.6000  179.9900   12.0000   -76.14635906   -75.98811776   -76.14611959
 2754    1.6000  179.9900   14.0000   -76.14635621   -75.98811528   -76.14611492
 2755    1.6000  179.9900   16.0000   -76.14634891   -75.98810384   -76.14611088
    0    0.0000    0.0000    0.0000     0.00000000     0.00000000     0.00000000
 2756    1.7000    0.0100    1.2000   -40.00000000   -40.00000000   -40.00000000
 2757    1.7000    0.0100    1.3000   -40.00000000   -40.00000000   -40.00000000
 2758    1.7000    0.0100    1.4000   -40.00000000   -40.00000000   -40.00000000
 2759    1.7000    0.0100    1.5000   -40.00000000   -40.00000000   -40.00000000
 2760    1.7000    0.0100    1.6000   -40.00000000   -40.00000000   -40.00000000
 2761    1.7000    0.0100    1.7000   -40.00000000   -40.00000000   -40.00000000
 2762    1.7000    0.0100    1.7500   -40.00000000   -40.00000000   -40.00000000
 2763    1.7000    0.0100    1.8000   -40.00000000   -40.00000000   -40.00000000
 2764    1.7000    0.0100    1.8500   -40.00000000   -40.00000000   -40.00000000
 2765    1.7000    0.0100    1.9000   -40.00000000   -40.00000000   -40.00000000
 2766    1.7000    0.0100    2.0000   -40.00000000   -40.00000000   -40.00000000
 2767    1.7000    0.0100    2.1500   -40.00000000   -40.00000000   -40.00000000
 2768    1.7000    0.0100    2.3000   -40.00000000   -40.00000000   -40.00000000
 2769    1.7000    0.0100    2.4000   -75.82024510   -75.67397187   -75.67367604
 2770    1.7000    0.0100    2.6000   -75.98812582   -75.87731420   -75.87702240
 2771    1.7000    0.0100    2.8000   -76.06105964   -75.98351219   -75.98322540
 2772    1.7000    0.0100    3.0000   -76.09036635   -76.04396393   -76.04368425
 2773    1.7000    0.0100    3.3000   -76.09774237   -76.09391836   -76.09365712
 2774    1.7000    0.0100    3.6000   -76.12071163   -76.08739956   -76.12047293
 2775    1.7000    0.0100    4.0000   -76.14007185   -76.06634022   -76.13984808
 2776    1.7000    0.0100    4.5000   -76.15172088   -76.04173707   -76.15150407
 2777    1.7000    0.0100    5.0000   -76.15677886   -76.02425080   -76.15655491
 2778    1.7000    0.0100    6.0000   -76.15959351   -76.00892613   -76.15934058
 2779    1.7000    0.0100    7.0000   -76.15988297   -76.00558216   -76.15961737
 2780    1.7000    0.0100    8.0000   -76.15980777   -76.00489440   -76.15954067
 2781    1.7000    0.0100   10.0000   -76.15971801   -76.00468744   -76.15945019
 2782    1.7000    0.0100   12.0000   -76.15969701   -76.00466213   -76.15942924
 2783    1.7000    0.0100   14.0000   -76.15969127   -76.00465595   -76.15942355
 2784    1.7000    0.0100   16.0000   -76.15968931   -76.00465388   -76.15942160
    0    0.0000    0.0000    0.0000     0.00000000     0.00000000     0.00000000
 2785    1.7000   10.0000    1.2000   -40.00000000   -40.00000000   -40.00000000
 2786    1.7000   10.0000    1.3000   -40.00000000   -40.00000000   -40.00000000
 2787    1.7000   10.0000    1.4000   -40.00000000   -40.00000000   -40.00000000
 2788    1.7000   10.0000    1.5000   -40.00000000   -40.00000000   -40.00000000
 2789    1.7000   10.0000    1.6000   -40.00000000   -40.00000000   -40.00000000
 2790    1.7000   10.0000    1.7000   -40.00000000   -40.00000000   -40.00000000
 2791    1.7000   10.0000    1.7500   -40.00000000   -40.00000000   -40.00000000
 2792    1.7000   10.0000    1.8000   -40.00000000   -40.00000000   -40.00000000
 2793    1.7000   10.0000    1.8500   -40.00000000   -40.00000000   -40.00000000
 2794    1.7000   10.0000    1.9000   -40.00000000   -40.00000000   -40.00000000
 2795    1.7000   10.0000    2.0000   -40.00000000   -40.00000000   -40.00000000
 2796    1.7000   10.0000    2.1500   -40.00000000   -40.00000000   -40.00000000
 2797    1.7000   10.0000    2.3000   -40.00000000   -40.00000000   -40.00000000
 2798    1.7000   10.0000    2.4000   -75.91661328   -75.76482127   -75.76786009
 2799    1.7000   10.0000    2.6000   -76.03048311   -75.91353941   -75.91720637
 2800    1.7000   10.0000    2.8000   -76.08291221   -75.99762185   -76.00236329
 2801    1.7000   10.0000    3.0000   -76.10469486   -76.04679854   -76.05359674
 2802    1.7000   10.0000    3.3000   -76.11567658   -76.08157772   -76.09787641
 2803    1.7000   10.0000    3.6000   -76.12817254   -76.08136536   -76.12252069
 2804    1.7000   10.0000    4.0000   -76.14285872   -76.06311871   -76.14072278
 2805    1.7000   10.0000    4.5000   -76.15276643   -76.03982554   -76.15181786
 2806    1.7000   10.0000    5.0000   -76.15719521   -76.02315647   -76.15665747
 2807    1.7000   10.0000    6.0000   -76.15965537   -76.00866504   -76.15934211
 2808    1.7000   10.0000    7.0000   -76.15988771   -76.00553064   -76.15961157
 2809    1.7000   10.0000    8.0000   -76.15980640   -76.00488381   -76.15953772
 2810    1.7000   10.0000   10.0000   -76.15971738   -76.00468665   -76.15944963
 2811    1.7000   10.0000   12.0000   -76.15969686   -76.00466200   -76.15942913
 2812    1.7000   10.0000   14.0000   -76.15969123   -76.00465590   -76.15942351
 2813    1.7000   10.0000   16.0000   -76.15968929   -76.00465386   -76.15942159
    0    0.0000    0.0000    0.0000     0.00000000     0.00000000     0.00000000
 2814    1.7000   20.0000    1.2000   -75.59822820   -75.28350957   -75.30295194
 2815    1.7000   20.0000    1.3000   -40.00000000   -40.00000000   -40.00000000
 2816    1.7000   20.0000    1.4000   -40.00000000   -40.00000000   -40.00000000
 2817    1.7000   20.0000    1.5000   -40.00000000   -40.00000000   -40.00000000
 2818    1.7000   20.0000    1.6000   -40.00000000   -40.00000000   -40.00000000
 2819    1.7000   20.0000    1.7000   -40.00000000   -40.00000000   -40.00000000
 2820    1.7000   20.0000    1.7500   -40.00000000   -40.00000000   -40.00000000
 2821    1.7000   20.0000    1.8000   -40.00000000   -40.00000000   -40.00000000
 2822    1.7000   20.0000    1.8500   -40.00000000   -40.00000000   -40.00000000
 2823    1.7000   20.0000    1.9000   -40.00000000   -40.00000000   -40.00000000
 2824    1.7000   20.0000    2.0000   -75.86310249   -75.62119064   -75.63307068
 2825    1.7000   20.0000    2.1500   -75.95821194   -75.74439414   -75.75659647
 2826    1.7000   20.0000    2.3000   -76.02918925   -75.84318517   -75.85614228
 2827    1.7000   20.0000    2.4000   -76.06331338   -75.89513907   -75.90885222
 2828    1.7000   20.0000    2.6000   -76.10657834   -75.97133101   -75.98723078
 2829    1.7000   20.0000    2.8000   -76.12708547   -76.01998456   -76.03925394
 2830    1.7000   20.0000    3.0000   -76.13505125   -76.04971302   -76.07419490
 2831    1.7000   20.0000    3.3000   -76.13875893   -76.06947343   -76.10741249
 2832    1.7000   20.0000    3.6000   -76.14295742   -76.06884614   -76.12740329
 2833    1.7000   20.0000    4.0000   -76.14974169   -76.05448125   -76.14288988
 2834    1.7000   20.0000    4.5000   -76.15551868   -76.03453692   -76.15260984
 2835    1.7000   20.0000    5.0000   -76.15831471   -76.02016251   -76.15691966
 2836    1.7000   20.0000    6.0000   -76.15982357   -76.00796779   -76.15934459
 2837    1.7000   20.0000    7.0000   -76.15990116   -76.00539425   -76.15959586
 2838    1.7000   20.0000    8.0000   -76.15980287   -76.00485582   -76.15952971
 2839    1.7000   20.0000   10.0000   -76.15971572   -76.00468454   -76.15944815
 2840    1.7000   20.0000   12.0000   -76.15969645   -76.00466164   -76.15942883
 2841    1.7000   20.0000   14.0000   -76.15969108   -76.00465577   -76.15942339
 2842    1.7000   20.0000   16.0000   -76.15968923   -76.00465381   -76.15942154
    0    0.0000    0.0000    0.0000     0.00000000     0.00000000     0.00000000
 2843    1.7000   30.0000    1.2000   -75.78662530   -75.44699942   -75.49019671
 2844    1.7000   30.0000    1.3000   -75.87001499   -75.53387137   -75.57383568
 2845    1.7000   30.0000    1.4000   -75.92632197   -75.59502182   -75.63211337
 2846    1.7000   30.0000    1.5000   -75.96740340   -75.64255362   -75.67714133
 2847    1.7000   30.0000    1.6000   -76.00072693   -75.68418440   -75.71665453
 2848    1.7000   30.0000    1.7000   -76.03024375   -75.72406145   -75.75483792
 2849    1.7000   30.0000    1.7500   -76.04409842   -75.74388816   -75.77399351
 2850    1.7000   30.0000    1.8000   -76.05741118   -75.76368822   -75.79324933
 2851    1.7000   30.0000    1.8500   -76.07014831   -75.78339646   -75.81254813
 2852    1.7000   30.0000    1.9000   -76.08224605   -75.80289938   -75.83178126
 2853    1.7000   30.0000    2.0000   -76.10422191   -75.84077734   -75.86950150
 2854    1.7000   30.0000    2.1500   -76.13078624   -75.89295052   -75.92230308
 2855    1.7000   30.0000    2.3000   -76.14932973   -75.93745837   -75.96834424
 2856    1.7000   30.0000    2.4000   -76.15758966   -75.96241794   -75.99476382
 2857    1.7000   30.0000    2.6000   -76.16622775   -76.00151775   -76.03777506
 2858    1.7000   30.0000    2.8000   -76.16753038   -76.02797458   -76.06956640
 2859    1.7000   30.0000    3.0000   -76.16532940   -76.04448182   -76.09302661
 2860    1.7000   30.0000    3.3000   -76.16079396   -76.05486090   -76.11726238
 2861    1.7000   30.0000    3.6000   -76.15831305   -76.05333078   -76.13286041
 2862    1.7000   30.0000    4.0000   -76.15808166   -76.04245673   -76.14545567
 2863    1.7000   30.0000    4.5000   -76.15912961   -76.02704090   -76.15357759
 2864    1.7000   30.0000    5.0000   -76.15982518   -76.01602173   -76.15724349
 2865    1.7000   30.0000    6.0000   -76.16005370   -76.00704606   -76.15934418
 2866    1.7000   30.0000    7.0000   -76.15992026   -76.00521615   -76.15957424
 2867    1.7000   30.0000    8.0000   -76.15979826   -76.00481909   -76.15951862
 2868    1.7000   30.0000   10.0000   -76.15971349   -76.00468172   -76.15944619
 2869    1.7000   30.0000   12.0000   -76.15969584   -76.00466109   -76.15942837
 2870    1.7000   30.0000   14.0000   -76.15969087   -76.00465558   -76.15942322
 2871    1.7000   30.0000   16.0000   -76.15968915   -76.00465373   -76.15942147
    0    0.0000    0.0000    0.0000     0.00000000     0.00000000     0.00000000
 2872    1.7000   45.0000    1.2000   -75.94230086   -75.54929075   -75.64054012
 2873    1.7000   45.0000    1.3000   -76.04244710   -75.65635633   -75.74261641
 2874    1.7000   45.0000    1.4000   -76.11098393   -75.73255768   -75.81417561
 2875    1.7000   45.0000    1.5000   -76.15780638   -75.78788279   -75.86528523
 2876    1.7000   45.0000    1.6000   -76.18957201   -75.82910831   -75.90280378
 2877    1.7000   45.0000    1.7000   -76.21077451   -75.86085264   -75.93145173
 2878    1.7000   45.0000    1.7500   -76.21840889   -75.87419509   -75.94351541
 2879    1.7000   45.0000    1.8000   -76.22446049   -75.88625593   -75.95450103
 2880    1.7000   45.0000    1.8500   -76.22916280   -75.89726889   -75.96465912
 2881    1.7000   45.0000    1.9000   -76.23271047   -75.90742105   -75.97419058
 2882    1.7000   45.0000    2.0000   -76.23697038   -75.92569798   -75.99195292
 2883    1.7000   45.0000    2.1500   -76.23806673   -75.94933339   -76.01651535
 2884    1.7000   45.0000    2.3000   -76.23489815   -75.96938031   -76.03904521
 2885    1.7000   45.0000    2.4000   -76.23124619   -75.98091241   -76.05280781
 2886    1.7000   45.0000    2.6000   -76.22183079   -75.99968131   -76.07689345
 2887    1.7000   45.0000    2.8000   -76.21127090   -76.01304404   -76.09632715
 2888    1.7000   45.0000    3.0000   -76.20095046   -76.02167526   -76.11159585
 2889    1.7000   45.0000    3.3000   -76.18764199   -76.02756695   -76.12827930
 2890    1.7000   45.0000    3.6000   -76.17782737   -76.02750462   -76.13949596
 2891    1.7000   45.0000    4.0000   -76.16966209   -76.02260479   -76.14881519
 2892    1.7000   45.0000    4.5000   -76.16453558   -76.01505726   -76.15495174
 2893    1.7000   45.0000    5.0000   -76.16219012   -76.00980184   -76.15778216
 2894    1.7000   45.0000    6.0000   -76.16048217   -76.00582761   -76.15945868
 2895    1.7000   45.0000    7.0000   -76.15999871   -76.00500899   -76.15963266
 2896    1.7000   45.0000    8.0000   -76.15983930   -76.00480509   -76.15959016
 2897    1.7000   45.0000   10.0000   -76.15976026   -76.00471543   -76.15953043
 2898    1.7000   45.0000   12.0000   -76.15969479   -76.00466015   -76.15942754
 2899    1.7000   45.0000   14.0000   -76.15969049   -76.00465525   -76.15942291
 2900    1.7000   45.0000   16.0000   -76.15968901   -76.00465361   -76.15942135
    0    0.0000    0.0000    0.0000     0.00000000     0.00000000     0.00000000
 2901    1.7000   60.0000    1.2000   -76.02597071   -75.57418821   -75.71733397
 2902    1.7000   60.0000    1.3000   -76.12680138   -75.68228046   -75.82103583
 2903    1.7000   60.0000    1.4000   -76.19457721   -75.75866590   -75.89235129
 2904    1.7000   60.0000    1.5000   -76.23925370   -75.81290647   -75.94137122
 2905    1.7000   60.0000    1.6000   -76.26769236   -75.85168812   -75.97512871
 2906    1.7000   60.0000    1.7000   -76.28467754   -75.87974192   -75.99863137
 2907    1.7000   60.0000    1.7500   -76.28996759   -75.89083985   -76.00771626
 2908    1.7000   60.0000    1.8000   -76.29356902   -75.90043336   -76.01552180
 2909    1.7000   60.0000    1.8500   -76.29575149   -75.90879541   -76.02235570
 2910    1.7000   60.0000    1.9000   -76.29674347   -75.91615545   -76.02847914
 2911    1.7000   60.0000    2.0000   -76.29589976   -75.92859463   -76.03941680
 2912    1.7000   60.0000    2.1500   -76.28969349   -75.94349739   -76.05448579
 2913    1.7000   60.0000    2.3000   -76.27996173   -75.95576576   -76.06907212
 2914    1.7000   60.0000    2.4000   -76.27241305   -75.96298030   -76.07845499
 2915    1.7000   60.0000    2.6000   -76.25631249   -75.97546462   -76.09565565
 2916    1.7000   60.0000    2.8000   -76.24030296   -75.98541352   -76.11011234
 2917    1.7000   60.0000    3.0000   -76.22541555   -75.99293283   -76.12174379
 2918    1.7000   60.0000    3.3000   -76.20629057   -76.00028966   -76.13466602
 2919    1.7000   60.0000    3.6000   -76.19149426   -76.00408123   -76.14345712
 2920    1.7000   60.0000    4.0000   -76.17798057   -76.00576082   -76.15082507
 2921    1.7000   60.0000    4.5000   -76.16849904   -76.00568812   -76.15573624
 2922    1.7000   60.0000    5.0000   -76.16389843   -76.00531051   -76.15803970
 2923    1.7000   60.0000    6.0000   -76.16073108   -76.00498683   -76.15944835
 2924    1.7000   60.0000    7.0000   -76.16001624   -76.00485582   -76.15960919
 2925    1.7000   60.0000    8.0000   -76.15983336   -76.00477723   -76.15957957
 2926    1.7000   60.0000   10.0000   -76.15975879   -76.00471603   -76.15952942
 2927    1.7000   60.0000   12.0000   -76.15969383   -76.00465931   -76.15942675
 2928    1.7000   60.0000   14.0000   -76.15969015   -76.00465496   -76.15942263
 2929    1.7000   60.0000   16.0000   -76.15968887   -76.00465350   -76.15942124
    0    0.0000    0.0000    0.0000     0.00000000     0.00000000     0.00000000
 2930    1.7000   70.0000    1.2000   -76.06234236   -75.60501667   -75.74954430
 2931    1.7000   70.0000    1.3000   -76.16241170   -75.70699815   -75.85289576
 2932    1.7000   70.0000    1.4000   -76.22910222   -75.77624187   -75.92335157
 2933    1.7000   70.0000    1.5000   -76.27242869   -75.82285731   -75.97104603
 2934    1.7000   70.0000    1.6000   -76.29931747   -75.85385196   -76.00306461
 2935    1.7000   70.0000    1.7000   -76.31465024   -75.87283863   -76.02447141
 2936    1.7000   70.0000    1.7500   -76.31906183   -75.88356615   -76.03239428
 2937    1.7000   70.0000    1.8000   -76.32177392   -75.89267620   -76.03897513
 2938    1.7000   70.0000    1.8500   -76.32306158   -75.90043697   -76.04453414
 2939    1.7000   70.0000    1.9000   -76.32315764   -75.90709452   -76.04934847
 2940    1.7000   70.0000    2.0000   -76.32053773   -75.91788344   -76.05764533
 2941    1.7000   70.0000    2.1500   -76.31175730   -75.93001636   -76.06901750
 2942    1.7000   70.0000    2.3000   -76.29961786   -75.93983992   -76.08052062
 2943    1.7000   70.0000    2.4000   -76.29057097   -75.94594972   -76.08821197
 2944    1.7000   70.0000    2.6000   -76.27172964   -75.95771416   -76.10276619
 2945    1.7000   70.0000    2.8000   -76.25329906   -75.96832162   -76.11531222
 2946    1.7000   70.0000    3.0000   -76.23627178   -75.97717568   -76.12554697
 2947    1.7000   70.0000    3.3000   -76.21438651   -75.98710797   -76.13703163
 2948    1.7000   70.0000    3.6000   -76.19730277   -75.99373086   -76.14490854
 2949    1.7000   70.0000    4.0000   -76.18144567   -75.99901271   -76.15155626
 2950    1.7000   70.0000    4.5000   -76.17011435   -76.00231235   -76.15602068
 2951    1.7000   70.0000    5.0000   -76.16457424   -76.00380867   -76.15813289
 2952    1.7000   70.0000    6.0000   -76.16081969   -76.00472310   -76.15944419
 2953    1.7000   70.0000    7.0000   -76.16001947   -76.00480849   -76.15960030
 2954    1.7000   70.0000    8.0000   -76.15983033   -76.00476962   -76.15957599
 2955    1.7000   70.0000   10.0000   -76.15975851   -76.00471699   -76.15952917
 2956    1.7000   70.0000   12.0000   -76.15969333   -76.00465892   -76.15942635
 2957    1.7000   70.0000   14.0000   -76.15968997   -76.00465483   -76.15942249
 2958    1.7000   70.0000   16.0000   -76.15968880   -76.00465345   -76.15942119
    0    0.0000    0.0000    0.0000     0.00000000     0.00000000     0.00000000
 2959    1.7000   80.0000    1.2000   -76.08829420   -75.64397693   -75.77197048
 2960    1.7000   80.0000    1.3000   -76.18755722   -75.74602995   -75.87482215
 2961    1.7000   80.0000    1.4000   -76.25328093   -75.81506479   -75.94449793
 2962    1.7000   80.0000    1.5000   -76.29551667   -75.86125160   -75.99115774
 2963    1.7000   80.0000    1.6000   -76.32122205   -75.89174767   -76.02198394
 2964    1.7000   80.0000    1.7000   -76.33528148   -75.91142138   -76.04191596
 2965    1.7000   80.0000    1.7500   -76.33906247   -75.91838732   -76.04902931
 2966    1.7000   80.0000    1.8000   -76.34113811   -75.92391998   -76.05475725
 2967    1.7000   80.0000    1.8500   -76.34178750   -75.92831057   -76.05942606
 2968    1.7000   80.0000    1.9000   -76.34124709   -75.93180313   -76.06332117
 2969    1.7000   80.0000    2.0000   -76.33736950   -75.93687048   -76.06974139
 2970    1.7000   80.0000    2.1500   -76.32676236   -75.94176223   -76.07844997
 2971    1.7000   80.0000    2.3000   -76.31288788   -75.94563232   -76.08775502
 2972    1.7000   80.0000    2.4000   -76.30274569   -75.94853751   -76.09426179
 2973    1.7000   80.0000    2.6000   -76.28187781   -75.95647975   -76.10701631
 2974    1.7000   80.0000    2.8000   -76.26164710   -75.96574357   -76.11832177
 2975    1.7000   80.0000    3.0000   -76.24304425   -75.97419727   -76.12769071
 2976    1.7000   80.0000    3.3000   -76.21919170   -75.98420022   -76.13832931
 2977    1.7000   80.0000    3.6000   -76.20057297   -75.99126969   -76.14569473
 2978    1.7000   80.0000    4.0000   -76.18326283   -75.99733872   -76.15195175
 2979    1.7000   80.0000    4.5000   -76.17088823   -76.00146313   -76.15617829
 2980    1.7000   80.0000    5.0000   -76.16486662   -76.00342845   -76.15818791
 2981    1.7000   80.0000    6.0000   -76.16084549   -76.00465392   -76.15944447
 2982    1.7000   80.0000    7.0000   -76.16001629   -76.00479566   -76.15959668
 2983    1.7000   80.0000    8.0000   -76.15982803   -76.00476829   -76.15957460
 2984    1.7000   80.0000   10.0000   -76.15975873   -76.00471813   -76.15952920
 2985    1.7000   80.0000   12.0000   -76.15969299   -76.00465868   -76.15942609
 2986    1.7000   80.0000   14.0000   -76.15968985   -76.00465475   -76.15942241
 2987    1.7000   80.0000   16.0000   -76.15968875   -76.00465342   -76.15942115
    0    0.0000    0.0000    0.0000     0.00000000     0.00000000     0.00000000
 2988    1.7000   90.0000    1.2000   -76.10571868   -75.67630071   -75.78671742
 2989    1.7000   90.0000    1.3000   -76.20425994   -75.77824376   -75.88910471
 2990    1.7000   90.0000    1.4000   -76.26917066   -75.84695268   -75.95815181
 2991    1.7000   90.0000    1.5000   -76.31052561   -75.89260408   -76.00403453
 2992    1.7000   90.0000    1.6000   -76.33530757   -75.92228889   -76.03387514
 2993    1.7000   90.0000    1.7000   -76.34841215   -75.94102480   -76.05276939
 2994    1.7000   90.0000    1.7500   -76.35171114   -75.94745479   -76.05932103
 2995    1.7000   90.0000    1.8000   -76.35330385   -75.95241261   -76.06446115
 2996    1.7000   90.0000    1.8500   -76.35347125   -75.95619715   -76.06851875
 2997    1.7000   90.0000    1.9000   -76.35245123   -75.95906345   -76.07178336
 2998    1.7000   90.0000    2.0000   -76.34762578   -75.96287642   -76.07691436
 2999    1.7000   90.0000    2.1500   -76.33562982   -75.96610108   -76.08383797
 3000    1.7000   90.0000    2.3000   -76.32043859   -75.96857164   -76.09172574
 3001    1.7000   90.0000    2.4000   -76.30948255   -75.97054686   -76.09747165
 3002    1.7000   90.0000    2.6000   -76.28713211   -75.97543614   -76.10912951
 3003    1.7000   90.0000    2.8000   -76.26562463   -75.98091898   -76.11974019
 3004    1.7000   90.0000    3.0000   -76.24595358   -75.98613390   -76.12866449
 3005    1.7000   90.0000    3.3000   -76.22087480   -75.99248714   -76.13890779
 3006    1.7000   90.0000    3.6000   -76.20143205   -75.99689437   -76.14605163
 3007    1.7000   90.0000    4.0000   -76.18351326   -76.00045983   -76.15214373
 3008    1.7000   90.0000    4.5000   -76.17086575   -76.00278945   -76.15626599
 3009    1.7000   90.0000    5.0000   -76.16479978   -76.00394889   -76.15822602
 3010    1.7000   90.0000    6.0000   -76.16081385   -76.00472905   -76.15945011
 3011    1.7000   90.0000    7.0000   -76.16000712   -76.00480648   -76.15959671
 3012    1.7000   90.0000    8.0000   -76.15982617   -76.00477065   -76.15957455
 3013    1.7000   90.0000   10.0000   -76.15975937   -76.00471923   -76.15952949
 3014    1.7000   90.0000   12.0000   -76.15969280   -76.00465856   -76.15942596
 3015    1.7000   90.0000   14.0000   -76.15968978   -76.00465472   -76.15942237
 3016    1.7000   90.0000   16.0000   -76.15968873   -76.00465340   -76.15942113
    0    0.0000    0.0000    0.0000     0.00000000     0.00000000     0.00000000
 3017    1.7000  100.0000    1.2000   -76.11585327   -75.70222467   -75.79488165
 3018    1.7000  100.0000    1.3000   -76.21377892   -75.80397424   -75.89688549
 3019    1.7000  100.0000    1.4000   -76.27801322   -75.87234446   -75.96545144
 3020    1.7000  100.0000    1.5000   -76.31864889   -75.91752379   -76.01076987
 3021    1.7000  100.0000    1.6000   -76.34268395   -75.94661618   -76.03997560
 3022    1.7000  100.0000    1.7000   -76.35502740   -75.96465543   -76.05817652
 3023    1.7000  100.0000    1.7500   -76.35794436   -75.97070551   -76.06436360
 3024    1.7000  100.0000    1.8000   -76.35915606   -75.97526905   -76.06913064
 3025    1.7000  100.0000    1.8500   -76.35894482   -75.97865049   -76.07280966
 3026    1.7000  100.0000    1.9000   -76.35754989   -75.98111213   -76.07569396
 3027    1.7000  100.0000    2.0000   -76.35199086   -75.98414484   -76.08007774
 3028    1.7000  100.0000    2.1500   -76.33895894   -75.98640815   -76.08595483
 3029    1.7000  100.0000    2.3000   -76.32281775   -75.98830883   -76.09311920
 3030    1.7000  100.0000    2.4000   -76.31127332   -75.98990232   -76.09855296
 3031    1.7000  100.0000    2.6000   -76.28788394   -75.99388674   -76.10974108
 3032    1.7000  100.0000    2.8000   -76.26553452   -75.99811921   -76.12009774
 3033    1.7000  100.0000    3.0000   -76.24523784   -76.00176096   -76.12890045
 3034    1.7000  100.0000    3.3000   -76.21961594   -76.00539605   -76.13907116
 3035    1.7000  100.0000    3.6000   -76.20002720   -76.00687628   -76.14618203
 3036    1.7000  100.0000    4.0000   -76.18231361   -76.00672034   -76.15224259
 3037    1.7000  100.0000    4.5000   -76.17012472   -76.00567443   -76.15633049
 3038    1.7000  100.0000    5.0000   -76.16441649   -76.00511643   -76.15826378
 3039    1.7000  100.0000    6.0000   -76.16073258   -76.00490085   -76.15946020
 3040    1.7000  100.0000    7.0000   -76.15999225   -76.00483120   -76.15959850
 3041    1.7000  100.0000    8.0000   -76.15982449   -76.00477460   -76.15957511
 3042    1.7000  100.0000   10.0000   -76.15970355   -76.00467110   -76.15943765
 3043    1.7000  100.0000   12.0000   -76.15969277   -76.00465851   -76.15942595
 3044    1.7000  100.0000   14.0000   -76.15968977   -76.00465470   -76.15942236
 3045    1.7000  100.0000   16.0000   -76.15968872   -76.00465339   -76.15942113
    0    0.0000    0.0000    0.0000     0.00000000     0.00000000     0.00000000
 3046    1.7000  105.0000    1.2000   -76.11851988   -75.71296919   -75.79680094
 3047    1.7000  105.0000    1.3000   -76.21617582   -75.81461722   -75.89864659
 3048    1.7000  105.0000    1.4000   -76.28011597   -75.88283461   -75.96702284
 3049    1.7000  105.0000    1.5000   -76.32044112   -75.92781676   -76.01212815
 3050    1.7000  105.0000    1.6000   -76.34415608   -75.95667562   -76.04110516
 3051    1.7000  105.0000    1.7000   -76.35617580   -75.97445717   -76.05907021
 3052    1.7000  105.0000    1.7500   -76.35893125   -75.98037398   -76.06513966
 3053    1.7000  105.0000    1.8000   -76.35998255   -75.98480465   -76.06979151
 3054    1.7000  105.0000    1.8500   -76.35961264   -75.98805720   -76.07335947
 3055    1.7000  105.0000    1.9000   -76.35806138   -75.99039634   -76.07613882
 3056    1.7000  105.0000    2.0000   -76.35219880   -75.99321880   -76.08033877
 3057    1.7000  105.0000    2.1500   -76.33874149   -75.99529418   -76.08601951
 3058    1.7000  105.0000    2.3000   -76.32221917   -75.99716081   -76.09307394
 3059    1.7000  105.0000    2.4000   -76.31044925   -75.99877402   -76.09847806
 3060    1.7000  105.0000    2.6000   -76.28668795   -76.00271376   -76.10966315
 3061    1.7000  105.0000    2.8000   -76.26406902   -76.00665264   -76.12002923
 3062    1.7000  105.0000    3.0000   -76.24360124   -76.00979578   -76.12885663
 3063    1.7000  105.0000    3.3000   -76.21794221   -76.01240409   -76.13907477
 3064    1.7000  105.0000    3.6000   -76.19852703   -76.01257049   -76.14621172
 3065    1.7000  105.0000    4.0000   -76.18121550   -76.01050370   -76.15228323
 3066    1.7000  105.0000    4.5000   -76.16951706   -76.00750044   -76.15636448
 3067    1.7000  105.0000    5.0000   -76.16412370   -76.00586532   -76.15828588
 3068    1.7000  105.0000    6.0000   -76.16067637   -76.00501006   -76.15946641
 3069    1.7000  105.0000    7.0000   -76.15998290   -76.00484635   -76.15959961
 3070    1.7000  105.0000    8.0000   -76.15982364   -76.00477668   -76.15957543
 3071    1.7000  105.0000   10.0000   -76.15976082   -76.00472023   -76.15953001
 3072    1.7000  105.0000   12.0000   -76.15969280   -76.00465849   -76.15942596
 3073    1.7000  105.0000   14.0000   -76.15968979   -76.00465470   -76.15942237
 3074    1.7000  105.0000   16.0000   -76.15968872   -76.00465339   -76.15942114
    0    0.0000    0.0000    0.0000     0.00000000     0.00000000     0.00000000
 3075    1.7000  110.0000    1.2000   -76.11976805   -75.72233533   -75.79744554
 3076    1.7000  110.0000    1.3000   -76.21717756   -75.82388677   -75.89915498
 3077    1.7000  110.0000    1.4000   -76.28084894   -75.89196805   -75.96737252
 3078    1.7000  110.0000    1.5000   -76.32089078   -75.93678253   -76.01230565
 3079    1.7000  110.0000    1.6000   -76.34431453   -75.96545212   -76.04110648
 3080    1.7000  110.0000    1.7000   -76.35604100   -75.98303938   -76.05890211
 3081    1.7000  110.0000    1.7500   -76.35865054   -75.98886026   -76.06489333
 3082    1.7000  110.0000    1.8000   -76.35955726   -75.99320049   -76.06947390
 3083    1.7000  110.0000    1.8500   -76.35904477   -75.99637089   -76.07297952
 3084    1.7000  110.0000    1.9000   -76.35735338   -75.99864055   -76.07570769
 3085    1.7000  110.0000    2.0000   -76.35122016   -76.00137362   -76.07984495
 3086    1.7000  110.0000    2.1500   -76.33738755   -76.00346619   -76.08552843
 3087    1.7000  110.0000    2.3000   -76.32053513   -76.00549219   -76.09264627
 3088    1.7000  110.0000    2.4000   -76.30857371   -76.00723007   -76.09810440
 3089    1.7000  110.0000    2.6000   -76.28450771   -76.01130186   -76.10940449
 3090    1.7000  110.0000    2.8000   -76.26170292   -76.01513696   -76.11986360
 3091    1.7000  110.0000    3.0000   -76.24115919   -76.01789326   -76.12875493
 3092    1.7000  110.0000    3.3000   -76.21560568   -76.01958714   -76.13905779
 3093    1.7000  110.0000    3.6000   -76.19652583   -76.01849939   -76.14623792
 3094    1.7000  110.0000    4.0000   -76.17981465   -76.01452810   -76.15232750
 3095    1.7000  110.0000    4.5000   -76.16877238   -76.00948808   -76.15640310
 3096    1.7000  110.0000    5.0000   -76.16377471   -76.00668757   -76.15831110
 3097    1.7000  110.0000    6.0000   -76.16061173   -76.00512896   -76.15947318
 3098    1.7000  110.0000    7.0000   -76.15997249   -76.00486240   -76.15960072
 3099    1.7000  110.0000    8.0000   -76.15982273   -76.00477862   -76.15957569
 3100    1.7000  110.0000   10.0000   -76.15976141   -76.00472031   -76.15953015
 3101    1.7000  110.0000   12.0000   -76.15969285   -76.00465847   -76.15942599
 3102    1.7000  110.0000   14.0000   -76.15968981   -76.00465469   -76.15942239
 3103    1.7000  110.0000   16.0000   -76.15968873   -76.00465339   -76.15942114
    0    0.0000    0.0000    0.0000     0.00000000     0.00000000     0.00000000
 3104    1.7000  120.0000    1.2000   -76.11860131   -75.73727783   -75.79546232
 3105    1.7000  120.0000    1.3000   -76.21557960   -75.83866539   -75.89696073
 3106    1.7000  120.0000    1.4000   -76.27877794   -75.90653424   -75.96494408
 3107    1.7000  120.0000    1.5000   -76.31831959   -75.95110680   -76.00964129
 3108    1.7000  120.0000    1.6000   -76.34122915   -75.97953094   -76.03822933
 3109    1.7000  120.0000    1.7000   -76.35243837   -75.99690124   -76.05586518
 3110    1.7000  120.0000    1.7500   -76.35479131   -76.00264133   -76.06180772
 3111    1.7000  120.0000    1.8000   -76.35544435   -76.00692709   -76.06636728
 3112    1.7000  120.0000    1.8500   -76.35468213   -76.01007700   -76.06988458
 3113    1.7000  120.0000    1.9000   -76.35274609   -76.01236747   -76.07266261
 3114    1.7000  120.0000    2.0000   -76.34614264   -76.01528931   -76.07701638
 3115    1.7000  120.0000    2.1500   -76.33166598   -76.01803478   -76.08325600
 3116    1.7000  120.0000    2.3000   -76.31426024   -76.02094785   -76.09095898
 3117    1.7000  120.0000    2.4000   -76.30198782   -76.02324077   -76.09674754
 3118    1.7000  120.0000    2.6000   -76.27746400   -76.02804646   -76.10856743
 3119    1.7000  120.0000    2.8000   -76.25445225   -76.03200423   -76.11938038
 3120    1.7000  120.0000    3.0000   -76.23399243   -76.03430901   -76.12850114
 3121    1.7000  120.0000    3.3000   -76.20905465   -76.03431987   -76.13902336
 3122    1.7000  120.0000    3.6000   -76.19112917   -76.03075784   -76.14631343
 3123    1.7000  120.0000    4.0000   -76.17621398   -76.02293392   -76.15244223
 3124    1.7000  120.0000    4.5000   -76.16694797   -76.01371815   -76.15649888
 3125    1.7000  120.0000    5.0000   -76.16294693   -76.00845420   -76.15837185
 3126    1.7000  120.0000    6.0000   -76.16046408   -76.00538148   -76.15948814
 3127    1.7000  120.0000    7.0000   -76.15994932   -76.00489520   -76.15960285
 3128    1.7000  120.0000    8.0000   -76.15982065   -76.00478176   -76.15957588
 3129    1.7000  120.0000   10.0000   -76.15976257   -76.00472001   -76.15953026
 3130    1.7000  120.0000   12.0000   -76.15969304   -76.00465843   -76.15942608
 3131    1.7000  120.0000   14.0000   -76.15968989   -76.00465468   -76.15942242
 3132    1.7000  120.0000   16.0000   -76.15968876   -76.00465339   -76.15942115
    0    0.0000    0.0000    0.0000     0.00000000     0.00000000     0.00000000
 3133    1.7000  130.0000    1.2000   -76.11363056   -75.74776767   -75.79013822
 3134    1.7000  130.0000    1.3000   -76.21024610   -75.84904030   -75.89149562
 3135    1.7000  130.0000    1.4000   -76.27304067   -75.91678041   -75.95933850
 3136    1.7000  130.0000    1.5000   -76.31215050   -75.96123449   -76.00392149
 3137    1.7000  130.0000    1.6000   -76.33461208   -75.98958496   -76.03245469
 3138    1.7000  130.0000    1.7000   -76.34536756   -76.00697461   -76.05013710
 3139    1.7000  130.0000    1.7500   -76.34749436   -76.01277854   -76.05615739
 3140    1.7000  130.0000    1.8000   -76.34792323   -76.01717609   -76.06084064
 3141    1.7000  130.0000    1.8500   -76.34693984   -76.02049459   -76.06453269
 3142    1.7000  130.0000    1.9000   -76.34478654   -76.02301803   -76.06754035
 3143    1.7000  130.0000    2.0000   -76.33776409   -76.02661185   -76.07251602
 3144    1.7000  130.0000    2.1500   -76.32271065   -76.03078572   -76.07991545
 3145    1.7000  130.0000    2.3000   -76.30480816   -76.03524703   -76.08865854
 3146    1.7000  130.0000    2.4000   -76.29225926   -76.03844228   -76.09498788
 3147    1.7000  130.0000    2.6000   -76.26735058   -76.04450616   -76.10758082
 3148    1.7000  130.0000    2.8000   -76.24423859   -76.04895641   -76.11886963
 3149    1.7000  130.0000    3.0000   -76.22403397   -76.05104117   -76.12828569
 3150    1.7000  130.0000    3.3000   -76.20020440   -76.04947244   -76.13903884
 3151    1.7000  130.0000    3.6000   -76.18409516   -76.04327966   -76.14644496
 3152    1.7000  130.0000    4.0000   -76.17177602   -76.03139939   -76.15259887
 3153    1.7000  130.0000    4.5000   -76.16482524   -76.01797598   -76.15661893
 3154    1.7000  130.0000    5.0000   -76.16201802   -76.01024205   -76.15844499
 3155    1.7000  130.0000    6.0000   -76.16030475   -76.00563430   -76.15950527
 3156    1.7000  130.0000    7.0000   -76.15992481   -76.00492654   -76.15960493
 3157    1.7000  130.0000    8.0000   -76.15981825   -76.00478354   -76.15957547
 3158    1.7000  130.0000   10.0000   -76.15976370   -76.00471920   -76.15953017
 3159    1.7000  130.0000   12.0000   -76.15969328   -76.00465835   -76.15942618
 3160    1.7000  130.0000   14.0000   -76.15968998   -76.00465467   -76.15942247
 3161    1.7000  130.0000   16.0000   -76.15968880   -76.00465338   -76.15942117
    0    0.0000    0.0000    0.0000     0.00000000     0.00000000     0.00000000
 3162    1.7000  140.0000    1.2000   -76.10630105   -75.75461561   -75.78284402
 3163    1.7000  140.0000    1.3000   -76.20260907   -75.85582064   -75.88411279
 3164    1.7000  140.0000    1.4000   -76.26505501   -75.92350801   -75.95188606
 3165    1.7000  140.0000    1.5000   -76.30378569   -75.96795385   -75.99644808
 3166    1.7000  140.0000    1.6000   -76.32584666   -75.99638386   -76.02504884
 3167    1.7000  140.0000    1.7000   -76.33618807   -76.01400301   -76.04294272
 3168    1.7000  140.0000    1.7500   -76.33810518   -76.02000252   -76.04914184
 3169    1.7000  140.0000    1.8000   -76.33832378   -76.02466390   -76.05406309
 3170    1.7000  140.0000    1.8500   -76.33713030   -76.02832383   -76.05805972
 3171    1.7000  140.0000    1.9000   -76.33476784   -76.03127182   -76.06143884
 3172    1.7000  140.0000    2.0000   -76.32733263   -76.03595976   -76.06733159
 3173    1.7000  140.0000    2.1500   -76.31168458   -76.04216814   -76.07625072
 3174    1.7000  140.0000    2.3000   -76.29323583   -76.04864543   -76.08624585
 3175    1.7000  140.0000    2.4000   -76.28036137   -76.05299457   -76.09320215
 3176    1.7000  140.0000    2.6000   -76.25494799   -76.06074934   -76.10665101
 3177    1.7000  140.0000    2.8000   -76.23163431   -76.06605864   -76.11844021
 3178    1.7000  140.0000    3.0000   -76.21168601   -76.06816615   -76.12815356
 3179    1.7000  140.0000    3.3000   -76.18936096   -76.06503397   -76.13909563
 3180    1.7000  140.0000    3.6000   -76.17577499   -76.05580678   -76.14662702
 3181    1.7000  140.0000    4.0000   -76.16685690   -76.03951109   -76.15278560
 3182    1.7000  140.0000    4.5000   -76.16261083   -76.02195451   -76.15675404
 3183    1.7000  140.0000    5.0000   -76.16108101   -76.01190775   -76.15852571
 3184    1.7000  140.0000    6.0000   -76.16014962   -76.00586868   -76.15952484
 3185    1.7000  140.0000    7.0000   -76.15990139   -76.00495454   -76.15960720
 3186    1.7000  140.0000    8.0000   -76.15981577   -76.00478405   -76.15957458
 3187    1.7000  140.0000   10.0000   -76.15976470   -76.00471803   -76.15952992
 3188    1.7000  140.0000   12.0000   -76.15969355   -76.00465825   -76.15942627
 3189    1.7000  140.0000   14.0000   -76.15969007   -76.00465464   -76.15942251
 3190    1.7000  140.0000   16.0000   -76.15968883   -76.00465337   -76.15942119
    0    0.0000    0.0000    0.0000     0.00000000     0.00000000     0.00000000
 3191    1.7000  150.0000    1.2000   -76.09819402   -75.75869300   -75.77505613
 3192    1.7000  150.0000    1.3000   -76.19424520   -75.85986711   -75.87627146
 3193    1.7000  150.0000    1.4000   -76.25639366   -75.92755852   -75.94402173
 3194    1.7000  150.0000    1.5000   -76.29479389   -75.97207696   -75.98862351
 3195    1.7000  150.0000    1.6000   -76.31649689   -76.00069815   -76.01737178
 3196    1.7000  150.0000    1.7000   -76.32645720   -76.01869980   -76.03557887
 3197    1.7000  150.0000    1.7500   -76.32817648   -76.02499098   -76.04201971
 3198    1.7000  150.0000    1.8000   -76.32819320   -76.03002543   -76.04724868
 3199    1.7000  150.0000    1.8500   -76.32679405   -76.03414886   -76.05162391
 3200    1.7000  150.0000    1.9000   -76.32422241   -76.03765195   -76.05544823
 3201    1.7000  150.0000    2.0000   -76.31635931   -76.04369175   -76.06237546
 3202    1.7000  150.0000    2.1500   -76.30005024   -76.05223255   -76.07286469
 3203    1.7000  150.0000    2.3000   -76.28092406   -76.06094191   -76.08407904
 3204    1.7000  150.0000    2.4000   -76.26760044   -76.06659127   -76.09163085
 3205    1.7000  150.0000    2.6000   -76.24134915   -76.07641867   -76.10587388
 3206    1.7000  150.0000    2.8000   -76.21743235   -76.08307274   -76.11811860
 3207    1.7000  150.0000    3.0000   -76.19743609   -76.08561850   -76.12809749
 3208    1.7000  150.0000    3.3000   -76.17683574   -76.08089397   -76.13923662
 3209    1.7000  150.0000    3.6000   -76.16668788   -76.06796543   -76.14682980
 3210    1.7000  150.0000    4.0000   -76.16193172   -76.04682686   -76.15297678
 3211    1.7000  150.0000    4.5000   -76.16053528   -76.02539098   -76.15688855
 3212    1.7000  150.0000    5.0000   -76.16023003   -76.01333364   -76.15860596
 3213    1.7000  150.0000    6.0000   -76.16001340   -76.00606904   -76.15954541
 3214    1.7000  150.0000    7.0000   -76.15988133   -76.00497792   -76.15960972
 3215    1.7000  150.0000    8.0000   -76.15981359   -76.00478373   -76.15957354
 3216    1.7000  150.0000   10.0000   -76.15976552   -76.00471678   -76.15952957
 3217    1.7000  150.0000   12.0000   -76.15969379   -76.00465812   -76.15942634
 3218    1.7000  150.0000   14.0000   -76.15969016   -76.00465461   -76.15942254
 3219    1.7000  150.0000   16.0000   -76.15968887   -76.00465336   -76.15942120
    0    0.0000    0.0000    0.0000     0.00000000     0.00000000     0.00000000
 3220    1.7000  160.0000    1.2000   -76.09090606   -75.76084997   -75.76821707
 3221    1.7000  160.0000    1.3000   -76.18675712   -75.86201686   -75.86940146
 3222    1.7000  160.0000    1.4000   -76.24866853   -75.92974276   -75.93715391
 3223    1.7000  160.0000    1.5000   -76.28679932   -75.97437057   -75.98182203
 3224    1.7000  160.0000    1.6000   -76.30820247   -76.00322648   -76.01074063
 3225    1.7000  160.0000    1.7000   -76.31783343   -76.02166066   -76.02928103
 3226    1.7000  160.0000    1.7500   -76.31937748   -76.02827030   -76.03596924
 3227    1.7000  160.0000    1.8000   -76.31921212   -76.03370441   -76.04150657
 3228    1.7000  160.0000    1.8500   -76.31762381   -76.03831314   -76.04625105
 3229    1.7000  160.0000    1.9000   -76.31485553   -76.04238505   -76.05049846
 3230    1.7000  160.0000    2.0000   -76.30657587   -76.04976062   -76.05836131
 3231    1.7000  160.0000    2.1500   -76.28957165   -76.06051602   -76.07017740
 3232    1.7000  160.0000    2.3000   -76.26965709   -76.07135754   -76.08238439
 3233    1.7000  160.0000    2.4000   -76.25575002   -76.07831493   -76.09041353
 3234    1.7000  160.0000    2.6000   -76.22819639   -76.09051025   -76.10528845
 3235    1.7000  160.0000    2.8000   -76.20290516   -76.09920734   -76.11789651
 3236    1.7000  160.0000    3.0000   -76.18197135   -76.10307273   -76.12808723
 3237    1.7000  160.0000    3.3000   -76.16308689   -76.09683881   -76.13938123
 3238    1.7000  160.0000    3.6000   -76.15769783   -76.07903661   -76.14701534
 3239    1.7000  160.0000    4.0000   -76.15760971   -76.05279652   -76.15314188
 3240    1.7000  160.0000    4.5000   -76.15883338   -76.02805101   -76.15700374
 3241    1.7000  160.0000    5.0000   -76.15955134   -76.01442461   -76.15867497
 3242    1.7000  160.0000    6.0000   -76.15990797   -76.00622226   -76.15956395
 3243    1.7000  160.0000    7.0000   -76.15986633   -76.00499565   -76.15961226
 3244    1.7000  160.0000    8.0000   -76.15981201   -76.00478313   -76.15957269
 3245    1.7000  160.0000   10.0000   -76.15970558   -76.00466920   -76.15943806
 3246    1.7000  160.0000   12.0000   -76.15969399   -76.00465802   -76.15942639
 3247    1.7000  160.0000   14.0000   -76.15969023   -76.00465458   -76.15942257
 3248    1.7000  160.0000   16.0000   -76.15968889   -76.00465335   -76.15942121
    0    0.0000    0.0000    0.0000     0.00000000     0.00000000     0.00000000
 3249    1.7000  170.0000    1.2000   -76.08585582   -75.76181038   -75.76355309
 3250    1.7000  170.0000    1.3000   -76.18157693   -75.86298107   -75.86472153
 3251    1.7000  170.0000    1.4000   -76.24333185   -75.93074337   -75.93248346
 3252    1.7000  170.0000    1.5000   -76.28128162   -75.97546635   -75.97720899
 3253    1.7000  170.0000    1.6000   -76.30247883   -76.00451541   -76.00626470
 3254    1.7000  170.0000    1.7000   -76.31187796   -76.02329550   -76.02506160
 3255    1.7000  170.0000    1.7500   -76.31329632   -76.03015540   -76.03193537
 3256    1.7000  170.0000    1.8000   -76.31299845   -76.03590154   -76.03770214
 3257    1.7000  170.0000    1.8500   -76.31127023   -76.04088337   -76.04271538
 3258    1.7000  170.0000    1.9000   -76.30835382   -76.04538583   -76.04726341
 3259    1.7000  170.0000    2.0000   -76.29975011   -76.05375318   -76.05577033
 3260    1.7000  170.0000    2.1500   -76.28217479   -76.06612977   -76.06845842
 3261    1.7000  170.0000    2.3000   -76.26155301   -76.07858186   -76.08130504
 3262    1.7000  170.0000    2.4000   -76.24707254   -76.08659788   -76.08963959
 3263    1.7000  170.0000    2.6000   -76.21801970   -76.10101579   -76.10491985
 3264    1.7000  170.0000    2.8000   -76.19054152   -76.11237556   -76.11776387
 3265    1.7000  170.0000    3.0000   -76.16675494   -76.11936867   -76.12809318
 3266    1.7000  170.0000    3.3000   -76.14897316   -76.11220194   -76.13948743
 3267    1.7000  170.0000    3.6000   -76.15041216   -76.08753671   -76.14715476
 3268    1.7000  170.0000    4.0000   -76.15459193   -76.05677617   -76.15325324
 3269    1.7000  170.0000    4.5000   -76.15771389   -76.02973850   -76.15708152
 3270    1.7000  170.0000    5.0000   -76.15911419   -76.01510905   -76.15872175
 3271    1.7000  170.0000    6.0000   -76.15984172   -76.00631843   -76.15957703
 3272    1.7000  170.0000    7.0000   -76.15985728   -76.00500685   -76.15961428
 3273    1.7000  170.0000    8.0000   -76.15981111   -76.00478264   -76.15957218
 3274    1.7000  170.0000   10.0000   -76.15970579   -76.00466891   -76.15943803
 3275    1.7000  170.0000   12.0000   -76.15969412   -76.00465795   -76.15942642
 3276    1.7000  170.0000   14.0000   -76.15969028   -76.00465455   -76.15942258
 3277    1.7000  170.0000   16.0000   -76.15968891   -76.00465334   -76.15942122
    0    0.0000    0.0000    0.0000     0.00000000     0.00000000     0.00000000
 3278    1.7000  179.9900    1.2000   -76.08404940   -75.76207229   -75.76189861
 3279    1.7000  179.9900    1.3000   -76.17972506   -75.86324442   -75.86306198
 3280    1.7000  179.9900    1.4000   -76.24142487   -75.93102203   -75.93082961
 3281    1.7000  179.9900    1.5000   -76.27931035   -75.97578252   -75.97557691
 3282    1.7000  179.9900    1.6000   -76.30043361   -76.00490583   -76.00468446
 3283    1.7000  179.9900    1.7000   -76.30974835   -76.02381897   -76.02357860
 3284    1.7000  179.9900    1.7500   -76.31112044   -76.03077471   -76.03052192
 3285    1.7000  179.9900    1.8000   -76.31077339   -76.03663882   -76.03637276
 3286    1.7000  179.9900    1.8500   -76.30899275   -76.04176192   -76.04148495
 3287    1.7000  179.9900    1.9000   -76.30602026   -76.04642554   -76.04614151
 3288    1.7000  179.9900    2.0000   -76.29729167   -76.05516048   -76.05487641
 3289    1.7000  179.9900    2.1500   -76.27948881   -76.06813801   -76.06786697
 3290    1.7000  179.9900    2.3000   -76.25857076   -76.08120439   -76.08093346
 3291    1.7000  179.9900    2.4000   -76.24383640   -76.08964533   -76.08937284
 3292    1.7000  179.9900    2.6000   -76.21404564   -76.10506049   -76.10479297
 3293    1.7000  179.9900    2.8000   -76.18519069   -76.11797591   -76.11771920
 3294    1.7000  179.9900    3.0000   -76.15816446   -76.12834130   -76.12809700
 3295    1.7000  179.9900    3.3000   -76.13975442   -76.12186786   -76.13952501
 3296    1.7000  179.9900    3.6000   -76.14742817   -76.09092278   -76.14720131
 3297    1.7000  179.9900    4.0000   -76.15354598   -76.05817311   -76.15332529
 3298    1.7000  179.9900    4.5000   -76.15735333   -76.03032262   -76.15713763
 3299    1.7000  179.9900    5.0000   -76.15897625   -76.01535021   -76.15876080
 3300    1.7000  179.9900    6.0000   -76.15981069   -76.00633080   -76.15957928
 3301    1.7000  179.9900    7.0000   -76.15984965   -76.00499458   -76.15960520
 3302    1.7000  179.9900    8.0000   -76.15984267   -76.00480835   -76.15961067
 3303    1.7000  179.9900   10.0000   -76.15969071   -76.00465757   -76.15946001
 3304    1.7000  179.9900   12.0000   -76.15969297   -76.00466431   -76.15945208
 3305    1.7000  179.9900   14.0000   -76.15969006   -76.00466172   -76.15944729
 3306    1.7000  179.9900   16.0000   -76.15968381   -76.00465258   -76.15944497
    0    0.0000    0.0000    0.0000     0.00000000     0.00000000     0.00000000
 3307    1.7500    0.0100    1.2000   -40.00000000   -40.00000000   -40.00000000
 3308    1.7500    0.0100    1.3000   -40.00000000   -40.00000000   -40.00000000
 3309    1.7500    0.0100    1.4000   -40.00000000   -40.00000000   -40.00000000
 3310    1.7500    0.0100    1.5000   -40.00000000   -40.00000000   -40.00000000
 3311    1.7500    0.0100    1.6000   -40.00000000   -40.00000000   -40.00000000
 3312    1.7500    0.0100    1.7000   -40.00000000   -40.00000000   -40.00000000
 3313    1.7500    0.0100    1.7500   -40.00000000   -40.00000000   -40.00000000
 3314    1.7500    0.0100    1.8000   -40.00000000   -40.00000000   -40.00000000
 3315    1.7500    0.0100    1.8500   -40.00000000   -40.00000000   -40.00000000
 3316    1.7500    0.0100    1.9000   -40.00000000   -40.00000000   -40.00000000
 3317    1.7500    0.0100    2.0000   -40.00000000   -40.00000000   -40.00000000
 3318    1.7500    0.0100    2.1500   -40.00000000   -40.00000000   -40.00000000
 3319    1.7500    0.0100    2.3000   -40.00000000   -40.00000000   -40.00000000
 3320    1.7500    0.0100    2.4000   -40.00000000   -40.00000000   -40.00000000
 3321    1.7500    0.0100    2.6000   -75.96452470   -75.85277446   -75.85247628
 3322    1.7500    0.0100    2.8000   -76.05462779   -75.97409460   -75.97380196
 3323    1.7500    0.0100    3.0000   -76.09210174   -76.04111748   -76.04083172
 3324    1.7500    0.0100    3.3000   -76.10467161   -76.09479424   -76.09452503
 3325    1.7500    0.0100    3.6000   -76.12274959   -76.09598327   -76.12250172
 3326    1.7500    0.0100    4.0000   -76.14267120   -76.07512509   -76.14244043
 3327    1.7500    0.0100    4.5000   -76.15468132   -76.04973060   -76.15446174
 3328    1.7500    0.0100    5.0000   -76.15996350   -76.03122049   -76.15973773
 3329    1.7500    0.0100    6.0000   -76.16296380   -76.01449847   -76.16271096
 3330    1.7500    0.0100    7.0000   -76.16328345   -76.01073907   -76.16302114
 3331    1.7500    0.0100    8.0000   -76.16321012   -76.00996717   -76.16294669
 3332    1.7500    0.0100   10.0000   -76.16311631   -76.00973761   -76.16285227
 3333    1.7500    0.0100   12.0000   -76.16309427   -76.00971036   -76.16283028
 3334    1.7500    0.0100   14.0000   -76.16308829   -76.00970379   -76.16282434
 3335    1.7500    0.0100   16.0000   -76.16308624   -76.00970160   -76.16282232
    0    0.0000    0.0000    0.0000     0.00000000     0.00000000     0.00000000
 3336    1.7500   10.0000    1.2000   -40.00000000   -40.00000000   -40.00000000
 3337    1.7500   10.0000    1.3000   -40.00000000   -40.00000000   -40.00000000
 3338    1.7500   10.0000    1.4000   -40.00000000   -40.00000000   -40.00000000
 3339    1.7500   10.0000    1.5000   -40.00000000   -40.00000000   -40.00000000
 3340    1.7500   10.0000    1.6000   -40.00000000   -40.00000000   -40.00000000
 3341    1.7500   10.0000    1.7000   -40.00000000   -40.00000000   -40.00000000
 3342    1.7500   10.0000    1.7500   -40.00000000   -40.00000000   -40.00000000
 3343    1.7500   10.0000    1.8000   -40.00000000   -40.00000000   -40.00000000
 3344    1.7500   10.0000    1.8500   -40.00000000   -40.00000000   -40.00000000
 3345    1.7500   10.0000    1.9000   -40.00000000   -40.00000000   -40.00000000
 3346    1.7500   10.0000    2.0000   -40.00000000   -40.00000000   -40.00000000
 3347    1.7500   10.0000    2.1500   -40.00000000   -40.00000000   -40.00000000
 3348    1.7500   10.0000    2.3000   -40.00000000   -40.00000000   -40.00000000
 3349    1.7500   10.0000    2.4000   -75.88284385   -75.73244221   -75.73516786
 3350    1.7500   10.0000    2.6000   -76.01732587   -75.89979784   -75.90304159
 3351    1.7500   10.0000    2.8000   -76.08035403   -75.99298640   -75.99711399
 3352    1.7500   10.0000    3.0000   -76.10736865   -76.04678048   -76.05254743
 3353    1.7500   10.0000    3.3000   -76.11993224   -76.08624477   -76.09930799
 3354    1.7500   10.0000    3.6000   -76.13098286   -76.08947281   -76.12475816
 3355    1.7500   10.0000    4.0000   -76.14561662   -76.07173360   -76.14339313
 3356    1.7500   10.0000    4.5000   -76.15577467   -76.04768444   -76.15480756
 3357    1.7500   10.0000    5.0000   -76.16039920   -76.03002439   -76.15985444
 3358    1.7500   10.0000    6.0000   -76.16302865   -76.01420308   -76.16271446
 3359    1.7500   10.0000    7.0000   -76.16328841   -76.01068023   -76.16301526
 3360    1.7500   10.0000    8.0000   -76.16320857   -76.00995503   -76.16294352
 3361    1.7500   10.0000   10.0000   -76.16311563   -76.00973669   -76.16285165
 3362    1.7500   10.0000   12.0000   -76.16309411   -76.00971021   -76.16283016
 3363    1.7500   10.0000   14.0000   -76.16308823   -76.00970374   -76.16282430
 3364    1.7500   10.0000   16.0000   -76.16308622   -76.00970158   -76.16282230
    0    0.0000    0.0000    0.0000     0.00000000     0.00000000     0.00000000
 3365    1.7500   20.0000    1.2000   -75.64674876   -75.34173236   -75.36145257
 3366    1.7500   20.0000    1.3000   -40.00000000   -40.00000000   -40.00000000
 3367    1.7500   20.0000    1.4000   -40.00000000   -40.00000000   -40.00000000
 3368    1.7500   20.0000    1.5000   -40.00000000   -40.00000000   -40.00000000
 3369    1.7500   20.0000    1.6000   -40.00000000   -40.00000000   -40.00000000
 3370    1.7500   20.0000    1.7000   -40.00000000   -40.00000000   -40.00000000
 3371    1.7500   20.0000    1.7500   -40.00000000   -40.00000000   -40.00000000
 3372    1.7500   20.0000    1.8000   -40.00000000   -40.00000000   -40.00000000
 3373    1.7500   20.0000    1.8500   -40.00000000   -40.00000000   -40.00000000
 3374    1.7500   20.0000    1.9000   -40.00000000   -40.00000000   -40.00000000
 3375    1.7500   20.0000    2.0000   -40.00000000   -40.00000000   -40.00000000
 3376    1.7500   20.0000    2.1500   -75.94861444   -75.73826673   -75.74967298
 3377    1.7500   20.0000    2.3000   -76.02212432   -75.83845363   -75.85043013
 3378    1.7500   20.0000    2.4000   -76.05866847   -75.89211425   -75.90470935
 3379    1.7500   20.0000    2.6000   -76.10636323   -75.97158031   -75.98602952
 3380    1.7500   20.0000    2.8000   -76.12983236   -76.02262982   -76.03998358
 3381    1.7500   20.0000    3.0000   -76.13924153   -76.05409353   -76.07596554
 3382    1.7500   20.0000    3.3000   -76.14295838   -76.07601618   -76.10982294
 3383    1.7500   20.0000    3.6000   -76.14636186   -76.07679905   -76.13004636
 3384    1.7500   20.0000    4.0000   -76.15278546   -76.06268918   -76.14573364
 3385    1.7500   20.0000    4.5000   -76.15863674   -76.04202944   -76.15567768
 3386    1.7500   20.0000    5.0000   -76.16156598   -76.02675446   -76.16015216
 3387    1.7500   20.0000    6.0000   -76.16320431   -76.01341629   -76.16272195
 3388    1.7500   20.0000    7.0000   -76.16330230   -76.01052492   -76.16299932
 3389    1.7500   20.0000    8.0000   -76.16320456   -76.00992298   -76.16293492
 3390    1.7500   20.0000   10.0000   -76.16311380   -76.00973426   -76.16285001
 3391    1.7500   20.0000   12.0000   -76.16309366   -76.00970979   -76.16282983
 3392    1.7500   20.0000   14.0000   -76.16308808   -76.00970359   -76.16282417
 3393    1.7500   20.0000   16.0000   -76.16308616   -76.00970152   -76.16282225
    0    0.0000    0.0000    0.0000     0.00000000     0.00000000     0.00000000
 3394    1.7500   30.0000    1.2000   -75.81011394   -75.47905378   -75.52265148
 3395    1.7500   30.0000    1.3000   -75.89403910   -75.56592340   -75.60603912
 3396    1.7500   30.0000    1.4000   -75.94941629   -75.62561537   -75.66263160
 3397    1.7500   30.0000    1.5000   -75.98817777   -75.67031202   -75.70461583
 3398    1.7500   30.0000    1.6000   -76.01821367   -75.70814873   -75.74013888
 3399    1.7500   30.0000    1.7000   -76.04409842   -75.74388816   -75.77399351
 3400    1.7500   30.0000    1.7500   -76.05620025   -75.76170753   -75.79104573
 3401    1.7500   30.0000    1.8000   -76.06788901   -75.77962214   -75.80831862
 3402    1.7500   30.0000    1.8500   -76.07917437   -75.79760763   -75.82579549
 3403    1.7500   30.0000    1.9000   -76.09001652   -75.81557218   -75.84339104
 3404    1.7500   30.0000    2.0000   -76.11008738   -75.85096709   -75.87841883
 3405    1.7500   30.0000    2.1500   -76.13513855   -75.90079650   -75.92856027
 3406    1.7500   30.0000    2.3000   -76.15328929   -75.94416296   -75.97314124
 3407    1.7500   30.0000    2.4000   -76.16162082   -75.96878222   -75.99900423
 3408    1.7500   30.0000    2.6000   -76.17052840   -76.00762875   -76.04133603
 3409    1.7500   30.0000    2.8000   -76.17222640   -76.03438819   -76.07292179
 3410    1.7500   30.0000    3.0000   -76.16998737   -76.05125605   -76.09619504
 3411    1.7500   30.0000    3.3000   -76.16494317   -76.06225979   -76.12026523
 3412    1.7500   30.0000    3.6000   -76.16190145   -76.06111545   -76.13581652
 3413    1.7500   30.0000    4.0000   -76.16133164   -76.05013076   -76.14847403
 3414    1.7500   30.0000    4.5000   -76.16236104   -76.03402870   -76.15673730
 3415    1.7500   30.0000    5.0000   -76.16313073   -76.02224252   -76.16052001
 3416    1.7500   30.0000    6.0000   -76.16344325   -76.01238155   -76.16272781
 3417    1.7500   30.0000    7.0000   -76.16332169   -76.01032332   -76.16297731
 3418    1.7500   30.0000    8.0000   -76.16319923   -76.00988111   -76.16292298
 3419    1.7500   30.0000   10.0000   -76.16311137   -76.00973102   -76.16284783
 3420    1.7500   30.0000   12.0000   -76.16309301   -76.00970916   -76.16282932
 3421    1.7500   30.0000   14.0000   -76.16308785   -76.00970337   -76.16282398
 3422    1.7500   30.0000   16.0000   -76.16308607   -76.00970143   -76.16282217
    0    0.0000    0.0000    0.0000     0.00000000     0.00000000     0.00000000
 3423    1.7500   45.0000    1.2000   -75.95274413   -75.56711986   -75.65838440
 3424    1.7500   45.0000    1.3000   -76.05259986   -75.67358302   -75.75959809
 3425    1.7500   45.0000    1.4000   -76.12063381   -75.74896021   -75.83007766
 3426    1.7500   45.0000    1.5000   -76.16681782   -75.80331393   -75.87996237
 3427    1.7500   45.0000    1.6000   -76.19788899   -75.84349756   -75.91618206
 3428    1.7500   45.0000    1.7000   -76.21840889   -75.87419509   -75.94351541
 3429    1.7500   45.0000    1.7500   -76.22572244   -75.88702780   -75.95492941
 3430    1.7500   45.0000    1.8000   -76.23147334   -75.89859486   -75.96527585
 3431    1.7500   45.0000    1.8500   -76.23589729   -75.90913317   -75.97480894
 3432    1.7500   45.0000    1.9000   -76.23919046   -75.91883289   -75.98373321
 3433    1.7500   45.0000    2.0000   -76.24301275   -75.93628100   -76.00035038
 3434    1.7500   45.0000    2.1500   -76.24361260   -75.95888133   -76.02342738
 3435    1.7500   45.0000    2.3000   -76.24009286   -75.97814959   -76.04480368
 3436    1.7500   45.0000    2.4000   -76.23625978   -75.98929397   -76.05797537
 3437    1.7500   45.0000    2.6000   -76.22654797   -76.00754406   -76.08122348
 3438    1.7500   45.0000    2.8000   -76.21572266   -76.02062714   -76.10014445
 3439    1.7500   45.0000    3.0000   -76.20514193   -76.02911305   -76.11510468
 3440    1.7500   45.0000    3.3000   -76.19147153   -76.03487512   -76.13155383
 3441    1.7500   45.0000    3.6000   -76.18138544   -76.03464699   -76.14269174
 3442    1.7500   45.0000    4.0000   -76.17304201   -76.02938324   -76.15202372
 3443    1.7500   45.0000    4.5000   -76.16787927   -76.02124547   -76.15822827
 3444    1.7500   45.0000    5.0000   -76.16555621   -76.01547186   -76.16111760
 3445    1.7500   45.0000    6.0000   -76.16388005   -76.01100819   -76.16284942
 3446    1.7500   45.0000    7.0000   -76.16340148   -76.01008182   -76.16303494
 3447    1.7500   45.0000    8.0000   -76.16324130   -76.00985755   -76.16299321
 3448    1.7500   45.0000   10.0000   -76.16310756   -76.00972612   -76.16284445
 3449    1.7500   45.0000   12.0000   -76.16309188   -76.00970809   -76.16282841
 3450    1.7500   45.0000   14.0000   -76.16308745   -76.00970299   -76.16282365
 3451    1.7500   45.0000   16.0000   -76.16308592   -76.00970129   -76.16282204
    0    0.0000    0.0000    0.0000     0.00000000     0.00000000     0.00000000
 3452    1.7500   60.0000    1.2000   -76.03235584   -75.58784984   -75.72978514
 3453    1.7500   60.0000    1.3000   -76.13301208   -75.69554796   -75.83290664
 3454    1.7500   60.0000    1.4000   -76.20057171   -75.77143669   -75.90358338
 3455    1.7500   60.0000    1.5000   -76.24501218   -75.82513136   -75.95192139
 3456    1.7500   60.0000    1.6000   -76.27321273   -75.86335033   -75.98496222
 3457    1.7500   60.0000    1.7000   -76.28996759   -75.89083985   -76.00771626
 3458    1.7500   60.0000    1.7500   -76.29514778   -75.90165801   -76.01641534
 3459    1.7500   60.0000    1.8000   -76.29864375   -75.91097887   -76.02382804
 3460    1.7500   60.0000    1.8500   -76.30072571   -75.91907304   -76.03026374
 3461    1.7500   60.0000    1.9000   -76.30162212   -75.92617148   -76.03598633
 3462    1.7500   60.0000    2.0000   -76.30060370   -75.93811556   -76.04613250
 3463    1.7500   60.0000    2.1500   -76.29417269   -75.95236079   -76.06013325
 3464    1.7500   60.0000    2.3000   -76.28425375   -75.96408884   -76.07390844
 3465    1.7500   60.0000    2.4000   -76.27659741   -75.97101093   -76.08289959
 3466    1.7500   60.0000    2.6000   -76.26031338   -75.98304881   -76.09958756
 3467    1.7500   60.0000    2.8000   -76.24415354   -75.99267930   -76.11376054
 3468    1.7500   60.0000    3.0000   -76.22914020   -75.99994818   -76.12523353
 3469    1.7500   60.0000    3.3000   -76.20986962   -76.00698438   -76.13804084
 3470    1.7500   60.0000    3.6000   -76.19497644   -76.01047481   -76.14679230
 3471    1.7500   60.0000    4.0000   -76.18139830   -76.01176146   -76.15415807
 3472    1.7500   60.0000    4.5000   -76.17189717   -76.01126580   -76.15909090
 3473    1.7500   60.0000    5.0000   -76.16729853   -76.01061315   -76.16141584
 3474    1.7500   60.0000    6.0000   -76.16413494   -76.01008306   -76.16284601
 3475    1.7500   60.0000    7.0000   -76.16341879   -76.00991232   -76.16301132
 3476    1.7500   60.0000    8.0000   -76.16323462   -76.00982635   -76.16298184
 3477    1.7500   60.0000   10.0000   -76.16315875   -76.00976282   -76.16293080
 3478    1.7500   60.0000   12.0000   -76.16309084   -76.00970715   -76.16282755
 3479    1.7500   60.0000   14.0000   -76.16308708   -76.00970267   -76.16282334
 3480    1.7500   60.0000   16.0000   -76.16308577   -76.00970116   -76.16282192
    0    0.0000    0.0000    0.0000     0.00000000     0.00000000     0.00000000
 3481    1.7500   70.0000    1.2000   -76.06737759   -75.61559325   -75.75995406
 3482    1.7500   70.0000    1.3000   -76.16734571   -75.71718526   -75.86288152
 3483    1.7500   70.0000    1.4000   -76.23391373   -75.78600447   -75.93287418
 3484    1.7500   70.0000    1.5000   -76.27710733   -75.83215688   -75.98007111
 3485    1.7500   70.0000    1.6000   -76.30386225   -75.86256929   -76.01155760
 3486    1.7500   70.0000    1.7000   -76.31906183   -75.88356615   -76.03239428
 3487    1.7500   70.0000    1.7500   -76.32341504   -75.89355707   -76.04001712
 3488    1.7500   70.0000    1.8000   -76.32606697   -75.90230895   -76.04628747
 3489    1.7500   70.0000    1.8500   -76.32729559   -75.90981624   -76.05152736
 3490    1.7500   70.0000    1.9000   -76.32733541   -75.91626356   -76.05601599
 3491    1.7500   70.0000    2.0000   -76.32461216   -75.92670660   -76.06365905
 3492    1.7500   70.0000    2.1500   -76.31569859   -75.93843581   -76.07414007
 3493    1.7500   70.0000    2.3000   -76.30344863   -75.94790740   -76.08498636
 3494    1.7500   70.0000    2.4000   -76.29433951   -75.95377057   -76.09237675
 3495    1.7500   70.0000    2.6000   -76.27539767   -75.96501400   -76.10656086
 3496    1.7500   70.0000    2.8000   -76.25689159   -75.97517339   -76.11891587
 3497    1.7500   70.0000    3.0000   -76.23980760   -75.98368350   -76.12904748
 3498    1.7500   70.0000    3.3000   -76.21786380   -75.99323339   -76.14045580
 3499    1.7500   70.0000    3.6000   -76.20074539   -75.99956689   -76.14830146
 3500    1.7500   70.0000    4.0000   -76.18486645   -76.00455183   -76.15493773
 3501    1.7500   70.0000    4.5000   -76.17352688   -76.00760236   -76.15940542
 3502    1.7500   70.0000    5.0000   -76.16798422   -76.00896473   -76.16152485
 3503    1.7500   70.0000    6.0000   -76.16422511   -76.00979045   -76.16284471
 3504    1.7500   70.0000    7.0000   -76.16342174   -76.00985979   -76.16300247
 3505    1.7500   70.0000    8.0000   -76.16323127   -76.00981779   -76.16297802
 3506    1.7500   70.0000   10.0000   -76.16315839   -76.00976385   -76.16293050
 3507    1.7500   70.0000   12.0000   -76.16309032   -76.00970671   -76.16282713
 3508    1.7500   70.0000   14.0000   -76.16308688   -76.00970253   -76.16282319
 3509    1.7500   70.0000   16.0000   -76.16308569   -76.00970111   -76.16282186
    0    0.0000    0.0000    0.0000     0.00000000     0.00000000     0.00000000
 3510    1.7500   80.0000    1.2000   -76.09239066   -75.65293720   -75.78091617
 3511    1.7500   80.0000    1.3000   -76.19160792   -75.75466011   -75.88346569
 3512    1.7500   80.0000    1.4000   -76.25727122   -75.82332920   -75.95280833
 3513    1.7500   80.0000    1.5000   -76.29943732   -75.86911854   -75.99910757
 3514    1.7500   80.0000    1.6000   -76.32507161   -75.89917344   -76.02953321
 3515    1.7500   80.0000    1.7000   -76.33906247   -75.91838732   -76.04902931
 3516    1.7500   80.0000    1.7500   -76.34281055   -75.92511521   -76.05590860
 3517    1.7500   80.0000    1.8000   -76.34485459   -75.93040730   -76.06139125
 3518    1.7500   80.0000    1.8500   -76.34547390   -75.93455697   -76.06580430
 3519    1.7500   80.0000    1.9000   -76.34490511   -75.93781120   -76.06943491
 3520    1.7500   80.0000    2.0000   -76.34097621   -75.94242046   -76.07531424
 3521    1.7500   80.0000    2.1500   -76.33030537   -75.94670432   -76.08327186
 3522    1.7500   80.0000    2.3000   -76.31638202   -75.95012779   -76.09202871
 3523    1.7500   80.0000    2.4000   -76.30621483   -75.95294732   -76.09829229
 3524    1.7500   80.0000    2.6000   -76.28531247   -75.96124073   -76.11075897
 3525    1.7500   80.0000    2.8000   -76.26506331   -75.97076768   -76.12192104
 3526    1.7500   80.0000    3.0000   -76.24645268   -75.97930732   -76.13121228
 3527    1.7500   80.0000    3.3000   -76.22259958   -75.98932713   -76.14178925
 3528    1.7500   80.0000    3.6000   -76.20398558   -75.99638331   -76.14912376
 3529    1.7500   80.0000    4.0000   -76.18668082   -76.00243040   -76.15536150
 3530    1.7500   80.0000    4.5000   -76.17430647   -76.00653317   -76.15958019
 3531    1.7500   80.0000    5.0000   -76.16828084   -76.00848782   -76.16158891
 3532    1.7500   80.0000    6.0000   -76.16425144   -76.00970488   -76.16284673
 3533    1.7500   80.0000    7.0000   -76.16341836   -76.00984438   -76.16299894
 3534    1.7500   80.0000    8.0000   -76.16322873   -76.00981613   -76.16297652
 3535    1.7500   80.0000   10.0000   -76.16315854   -76.00976513   -76.16293052
 3536    1.7500   80.0000   12.0000   -76.16308995   -76.00970644   -76.16282685
 3537    1.7500   80.0000   14.0000   -76.16308675   -76.00970244   -76.16282310
 3538    1.7500   80.0000   16.0000   -76.16308564   -76.00970107   -76.16282182
    0    0.0000    0.0000    0.0000     0.00000000     0.00000000     0.00000000
 3539    1.7500   90.0000    1.2000   -76.10909493   -75.68415243   -75.79458731
 3540    1.7500   90.0000    1.3000   -76.20763430   -75.78586331   -75.89676844
 3541    1.7500   90.0000    1.4000   -76.27253200   -75.85431317   -75.96558319
 3542    1.7500   90.0000    1.5000   -76.31386775   -75.89967980   -76.01120615
 3543    1.7500   90.0000    1.6000   -76.33862797   -75.92905416   -76.04075558
 3544    1.7500   90.0000    1.7000   -76.35171114   -75.94745479   -76.05932103
 3545    1.7500   90.0000    1.7500   -76.35499966   -75.95370823   -76.06569215
 3546    1.7500   90.0000    1.8000   -76.35658309   -75.95848471   -76.07064031
 3547    1.7500   90.0000    1.8500   -76.35674189   -75.96208396   -76.07449496
 3548    1.7500   90.0000    1.9000   -76.35571425   -75.96476224   -76.07754649
 3549    1.7500   90.0000    2.0000   -76.35087670   -75.96819867   -76.08223298
 3550    1.7500   90.0000    2.1500   -76.33886343   -75.97088461   -76.08854311
 3551    1.7500   90.0000    2.3000   -76.32368196   -75.97295666   -76.09592735
 3552    1.7500   90.0000    2.4000   -76.31273094   -75.97473286   -76.10146209
 3553    1.7500   90.0000    2.6000   -76.29039900   -75.97943309   -76.11287076
 3554    1.7500   90.0000    2.8000   -76.26891724   -75.98492588   -76.12335577
 3555    1.7500   90.0000    3.0000   -76.24927457   -75.99023432   -76.13220944
 3556    1.7500   90.0000    3.3000   -76.22423585   -75.99676606   -76.14239241
 3557    1.7500   90.0000    3.6000   -76.20482404   -76.00135950   -76.14950207
 3558    1.7500   90.0000    4.0000   -76.18692803   -76.00515377   -76.15556895
 3559    1.7500   90.0000    4.5000   -76.17428628   -76.00768111   -76.15967697
 3560    1.7500   90.0000    5.0000   -76.16821574   -76.00893671   -76.16163183
 3561    1.7500   90.0000    6.0000   -76.16421990   -76.00976992   -76.16285336
 3562    1.7500   90.0000    7.0000   -76.16340901   -76.00985397   -76.16299908
 3563    1.7500   90.0000    8.0000   -76.16322675   -76.00981848   -76.16297644
 3564    1.7500   90.0000   10.0000   -76.16315913   -76.00976638   -76.16293080
 3565    1.7500   90.0000   12.0000   -76.16308974   -76.00970630   -76.16282671
 3566    1.7500   90.0000   14.0000   -76.16308668   -76.00970239   -76.16282305
 3567    1.7500   90.0000   16.0000   -76.16308561   -76.00970105   -76.16282181
    0    0.0000    0.0000    0.0000     0.00000000     0.00000000     0.00000000
 3568    1.7500  100.0000    1.2000   -76.11865879   -75.70927057   -75.80197580
 3569    1.7500  100.0000    1.3000   -76.21661789   -75.81086645   -75.90384963
 3570    1.7500  100.0000    1.4000   -76.28087679   -75.87906112   -75.97226334
 3571    1.7500  100.0000    1.5000   -76.32153197   -75.92404297   -76.01740502
 3572    1.7500  100.0000    1.6000   -76.34558413   -75.95291340   -76.04640486
 3573    1.7500  100.0000    1.7000   -76.35794436   -75.97070551   -76.06436360
 3574    1.7500  100.0000    1.7500   -76.36086954   -75.97662238   -76.07041404
 3575    1.7500  100.0000    1.8000   -76.36209025   -75.98104590   -76.07503241
 3576    1.7500  100.0000    1.8500   -76.36188833   -75.98428145   -76.07855103
 3577    1.7500  100.0000    1.9000   -76.36050323   -75.98659173   -76.08126364
 3578    1.7500  100.0000    2.0000   -76.35496559   -75.98931048   -76.08527818
 3579    1.7500  100.0000    2.1500   -76.34197037   -75.99110816   -76.09060254
 3580    1.7500  100.0000    2.3000   -76.32587019   -75.99261492   -76.09733582
 3581    1.7500  100.0000    2.4000   -76.31435474   -75.99401130   -76.10257033
 3582    1.7500  100.0000    2.6000   -76.29102542   -75.99776077   -76.11351551
 3583    1.7500  100.0000    2.8000   -76.26873774   -76.00191302   -76.12374525
 3584    1.7500  100.0000    3.0000   -76.24849867   -76.00555868   -76.13247292
 3585    1.7500  100.0000    3.3000   -76.22294778   -76.00929361   -76.14257606
 3586    1.7500  100.0000    3.6000   -76.20340840   -76.01095454   -76.14964713
 3587    1.7500  100.0000    4.0000   -76.18572833   -76.01110955   -76.15567716
 3588    1.7500  100.0000    4.5000   -76.17354733   -76.01041012   -76.15974668
 3589    1.7500  100.0000    5.0000   -76.16783356   -76.01004286   -76.16167232
 3590    1.7500  100.0000    6.0000   -76.16413861   -76.00993430   -76.16286401
 3591    1.7500  100.0000    7.0000   -76.16339403   -76.00987801   -76.16300093
 3592    1.7500  100.0000    8.0000   -76.16322499   -76.00982255   -76.16297698
 3593    1.7500  100.0000   10.0000   -76.16316002   -76.00976734   -76.16293116
 3594    1.7500  100.0000   12.0000   -76.16308969   -76.00970624   -76.16282668
 3595    1.7500  100.0000   14.0000   -76.16308667   -76.00970237   -76.16282305
 3596    1.7500  100.0000   16.0000   -76.16308561   -76.00970105   -76.16282180
    0    0.0000    0.0000    0.0000     0.00000000     0.00000000     0.00000000
 3597    1.7500  105.0000    1.2000   -76.12108387   -75.71970631   -75.80360426
 3598    1.7500  105.0000    1.3000   -76.21878831   -75.82123366   -75.90535180
 3599    1.7500  105.0000    1.4000   -76.28276900   -75.88931029   -75.97360946
 3600    1.7500  105.0000    1.5000   -76.32313003   -75.93413048   -76.01857300
 3601    1.7500  105.0000    1.6000   -76.34687854   -75.96280397   -76.04738012
 3602    1.7500  105.0000    1.7000   -76.35893125   -75.98037398   -76.06513966
 3603    1.7500  105.0000    1.7500   -76.36170282   -75.98617488   -76.07109120
 3604    1.7500  105.0000    1.8000   -76.36277098   -75.99048230   -76.07561242
 3605    1.7500  105.0000    1.8500   -76.36241805   -75.99360398   -76.07903788
 3606    1.7500  105.0000    1.9000   -76.36088408   -75.99580604   -76.08166274
 3607    1.7500  105.0000    2.0000   -76.35505721   -75.99833881   -76.08552456
 3608    1.7500  105.0000    2.1500   -76.34165627   -75.99997221   -76.09068617
 3609    1.7500  105.0000    2.3000   -76.32519277   -76.00145521   -76.09732277
 3610    1.7500  105.0000    2.4000   -76.31346266   -76.00287192   -76.10252983
 3611    1.7500  105.0000    2.6000   -76.28978029   -76.00656138   -76.11346700
 3612    1.7500  105.0000    2.8000   -76.26723675   -76.01039184   -76.12369856
 3613    1.7500  105.0000    3.0000   -76.24683944   -76.01351513   -76.13244595
 3614    1.7500  105.0000    3.3000   -76.22126514   -76.01619192   -76.14259041
 3615    1.7500  105.0000    3.6000   -76.20190664   -76.01652191   -76.14968367
 3616    1.7500  105.0000    4.0000   -76.18463195   -76.01477384   -76.15572176
 3617    1.7500  105.0000    4.5000   -76.17294111   -76.01216532   -76.15978273
 3618    1.7500  105.0000    5.0000   -76.16754138   -76.01076286   -76.16169548
 3619    1.7500  105.0000    6.0000   -76.16408239   -76.01004022   -76.16287042
 3620    1.7500  105.0000    7.0000   -76.16338463   -76.00989291   -76.16300205
 3621    1.7500  105.0000    8.0000   -76.16322411   -76.00982471   -76.16297730
 3622    1.7500  105.0000   10.0000   -76.16316053   -76.00976765   -76.16293133
 3623    1.7500  105.0000   12.0000   -76.16308972   -76.00970622   -76.16282670
 3624    1.7500  105.0000   14.0000   -76.16308668   -76.00970237   -76.16282306
 3625    1.7500  105.0000   16.0000   -76.16308561   -76.00970105   -76.16282181
    0    0.0000    0.0000    0.0000     0.00000000     0.00000000     0.00000000
 3626    1.7500  110.0000    1.2000   -76.12211489   -75.72882097   -75.80401633
 3627    1.7500  110.0000    1.3000   -76.21958636   -75.83028120   -75.90565599
 3628    1.7500  110.0000    1.4000   -76.28331249   -75.89825272   -75.97378488
 3629    1.7500  110.0000    1.5000   -76.32340475   -75.94293707   -76.01860743
 3630    1.7500  110.0000    1.6000   -76.34687682   -75.97145620   -76.04727052
 3631    1.7500  110.0000    1.7000   -76.35865054   -75.98886026   -76.06489333
 3632    1.7500  110.0000    1.7500   -76.36128329   -75.99458004   -76.07078308
 3633    1.7500  110.0000    1.8000   -76.36221386   -75.99881082   -76.07524913
 3634    1.7500  110.0000    1.8500   -76.36172517   -76.00186392   -76.07862798
 3635    1.7500  110.0000    1.9000   -76.36005778   -76.00400852   -76.08121757
 3636    1.7500  110.0000    2.0000   -76.35397318   -76.00647177   -76.08504253
 3637    1.7500  110.0000    2.1500   -76.34021484   -76.00814037   -76.09023403
 3638    1.7500  110.0000    2.3000   -76.32343737   -76.00978794   -76.09694314
 3639    1.7500  110.0000    2.4000   -76.31152556   -76.01132663   -76.10220303
 3640    1.7500  110.0000    2.6000   -76.28755603   -76.01513334   -76.11324568
 3641    1.7500  110.0000    2.8000   -76.26484122   -76.01883817   -76.12355974
 3642    1.7500  110.0000    3.0000   -76.24437843   -76.02155254   -76.13236367
 3643    1.7500  110.0000    3.3000   -76.21892303   -76.02328943   -76.14258539
 3644    1.7500  110.0000    3.6000   -76.19990630   -76.02234908   -76.14971719
 3645    1.7500  110.0000    4.0000   -76.18323404   -76.01869636   -76.15577005
 3646    1.7500  110.0000    4.5000   -76.17219819   -76.01408689   -76.15982338
 3647    1.7500  110.0000    5.0000   -76.16719303   -76.01155710   -76.16172171
 3648    1.7500  110.0000    6.0000   -76.16401774   -76.01015598   -76.16287735
 3649    1.7500  110.0000    7.0000   -76.16337418   -76.00990875   -76.16300318
 3650    1.7500  110.0000    8.0000   -76.16322317   -76.00982675   -76.16297757
 3651    1.7500  110.0000   10.0000   -76.16310066   -76.00971890   -76.16283860
 3652    1.7500  110.0000   12.0000   -76.16308978   -76.00970621   -76.16282673
 3653    1.7500  110.0000   14.0000   -76.16308671   -76.00970237   -76.16282307
 3654    1.7500  110.0000   16.0000   -76.16308562   -76.00970104   -76.16282181
    0    0.0000    0.0000    0.0000     0.00000000     0.00000000     0.00000000
 3655    1.7500  120.0000    1.2000   -76.12057350   -75.74342156   -75.80172516
 3656    1.7500  120.0000    1.3000   -76.21763626   -75.84476763   -75.90320094
 3657    1.7500  120.0000    1.4000   -76.28091289   -75.91257903   -75.97114589
 3658    1.7500  120.0000    1.5000   -76.32052899   -75.95707518   -76.01578507
 3659    1.7500  120.0000    1.6000   -76.34351080   -75.98539968   -76.04428963
 3660    1.7500  120.0000    1.7000   -76.35479131   -76.00264133   -76.06180772
 3661    1.7500  120.0000    1.7500   -76.35717935   -76.00830407   -76.06767586
 3662    1.7500  120.0000    1.8000   -76.35786787   -76.01250328   -76.07214769
 3663    1.7500  120.0000    1.8500   -76.35714102   -76.01555645   -76.07556378
 3664    1.7500  120.0000    1.9000   -76.35524038   -76.01773991   -76.07822625
 3665    1.7500  120.0000    2.0000   -76.34870773   -76.02041924   -76.08230941
 3666    1.7500  120.0000    2.1500   -76.33433660   -76.02275855   -76.08809368
 3667    1.7500  120.0000    2.3000   -76.31703443   -76.02528787   -76.09539266
 3668    1.7500  120.0000    2.4000   -76.30482934   -76.02736889   -76.10097299
 3669    1.7500  120.0000    2.6000   -76.28043434   -76.03187152   -76.11250526
 3670    1.7500  120.0000    2.8000   -76.25754084   -76.03565688   -76.12314527
 3671    1.7500  120.0000    3.0000   -76.23718479   -76.03787949   -76.13215705
 3672    1.7500  120.0000    3.3000   -76.21236957   -76.03789078   -76.14257990
 3673    1.7500  120.0000    3.6000   -76.19451818   -76.03444899   -76.14980976
 3674    1.7500  120.0000    4.0000   -76.17964251   -76.02693715   -76.15589381
 3675    1.7500  120.0000    4.5000   -76.17037805   -76.01819931   -76.15992350
 3676    1.7500  120.0000    5.0000   -76.16636661   -76.01327080   -76.16178451
 3677    1.7500  120.0000    6.0000   -76.16387009   -76.01040259   -76.16289269
 3678    1.7500  120.0000    7.0000   -76.16335096   -76.00994117   -76.16300538
 3679    1.7500  120.0000    8.0000   -76.16322106   -76.00983005   -76.16297776
 3680    1.7500  120.0000   10.0000   -76.16310096   -76.00971872   -76.16283873
 3681    1.7500  120.0000   12.0000   -76.16308997   -76.00970616   -76.16282681
 3682    1.7500  120.0000   14.0000   -76.16308678   -76.00970235   -76.16282311
 3683    1.7500  120.0000   16.0000   -76.16308564   -76.00970104   -76.16282182
    0    0.0000    0.0000    0.0000     0.00000000     0.00000000     0.00000000
 3684    1.7500  130.0000    1.2000   -76.11528731   -75.75376483   -75.79627287
 3685    1.7500  130.0000    1.3000   -76.21200425   -75.85503518   -75.89764381
 3686    1.7500  130.0000    1.4000   -76.27489482   -75.92275994   -75.96548780
 3687    1.7500  130.0000    1.5000   -76.31409723   -75.96718144   -76.01005507
 3688    1.7500  130.0000    1.6000   -76.33664933   -75.99547615   -76.03854850
 3689    1.7500  130.0000    1.7000   -76.34749436   -76.01277854   -76.05615739
 3690    1.7500  130.0000    1.7500   -76.34966543   -76.01852353   -76.06212493
 3691    1.7500  130.0000    1.8000   -76.35013885   -76.02285149   -76.06674026
 3692    1.7500  130.0000    1.8500   -76.34919992   -76.02608730   -76.07034952
 3693    1.7500  130.0000    1.9000   -76.34709108   -76.02851474   -76.07325792
 3694    1.7500  130.0000    2.0000   -76.34015725   -76.03187737   -76.07798673
 3695    1.7500  130.0000    2.1500   -76.32523506   -76.03563785   -76.08494329
 3696    1.7500  130.0000    2.3000   -76.30746068   -76.03968922   -76.09326923
 3697    1.7500  130.0000    2.4000   -76.29499566   -76.04264918   -76.09937209
 3698    1.7500  130.0000    2.6000   -76.27024579   -76.04836163   -76.11163669
 3699    1.7500  130.0000    2.8000   -76.24728112   -76.05259212   -76.12271793
 3700    1.7500  130.0000    3.0000   -76.22720632   -76.05455430   -76.13199958
 3701    1.7500  130.0000    3.3000   -76.20352620   -76.05294236   -76.14263018
 3702    1.7500  130.0000    3.6000   -76.18750100   -76.04684755   -76.14996156
 3703    1.7500  130.0000    4.0000   -76.17521713   -76.03527470   -76.15606102
 3704    1.7500  130.0000    4.5000   -76.16825996   -76.02235917   -76.16004847
 3705    1.7500  130.0000    5.0000   -76.16543893   -76.01501123   -76.16185991
 3706    1.7500  130.0000    6.0000   -76.16371077   -76.01065003   -76.16291033
 3707    1.7500  130.0000    7.0000   -76.16332644   -76.00997219   -76.16300758
 3708    1.7500  130.0000    8.0000   -76.16321865   -76.00983197   -76.16297736
 3709    1.7500  130.0000   10.0000   -76.16310139   -76.00971841   -76.16283885
 3710    1.7500  130.0000   12.0000   -76.16309022   -76.00970608   -76.16282691
 3711    1.7500  130.0000   14.0000   -76.16308688   -76.00970234   -76.16282315
 3712    1.7500  130.0000   16.0000   -76.16308568   -76.00970103   -76.16282184
    0    0.0000    0.0000    0.0000     0.00000000     0.00000000     0.00000000
 3713    1.7500  140.0000    1.2000   -76.10768427   -75.76063403   -75.78899326
 3714    1.7500  140.0000    1.3000   -76.20410554   -75.86186713   -75.89030243
 3715    1.7500  140.0000    1.4000   -76.26666001   -75.92957352   -75.95810776
 3716    1.7500  140.0000    1.5000   -76.30549624   -75.97402377   -76.00268826
 3717    1.7500  140.0000    1.6000   -76.32766093   -76.00243582   -76.03128581
 3718    1.7500  140.0000    1.7000   -76.33810518   -76.02000252   -76.04914184
 3719    1.7500  140.0000    1.7500   -76.34007314   -76.02595830   -76.05530404
 3720    1.7500  140.0000    1.8000   -76.34034294   -76.03056171   -76.06017238
 3721    1.7500  140.0000    1.8500   -76.33920058   -76.03414743   -76.06409781
 3722    1.7500  140.0000    1.9000   -76.33688918   -76.03700422   -76.06738640
 3723    1.7500  140.0000    2.0000   -76.32955561   -76.04145683   -76.07303871
 3724    1.7500  140.0000    2.1500   -76.31405832   -76.04722024   -76.08150173
 3725    1.7500  140.0000    2.3000   -76.29575758   -76.05324470   -76.09105016
 3726    1.7500  140.0000    2.4000   -76.28298012   -76.05733003   -76.09775631
 3727    1.7500  140.0000    2.6000   -76.25775601   -76.06467607   -76.11083110
 3728    1.7500  140.0000    2.8000   -76.23462213   -76.06971237   -76.12237620
 3729    1.7500  140.0000    3.0000   -76.21483660   -76.07164937   -76.13192865
 3730    1.7500  140.0000    3.3000   -76.19269403   -76.06841852   -76.14272374
 3731    1.7500  140.0000    3.6000   -76.17920561   -76.05927254   -76.15016523
 3732    1.7500  140.0000    4.0000   -76.17031267   -76.04328587   -76.15625910
 3733    1.7500  140.0000    4.5000   -76.16604985   -76.02625921   -76.16018879
 3734    1.7500  140.0000    5.0000   -76.16450275   -76.01663670   -76.16194297
 3735    1.7500  140.0000    6.0000   -76.16355565   -76.01087985   -76.16293047
 3736    1.7500  140.0000    7.0000   -76.16330302   -76.00999991   -76.16300998
 3737    1.7500  140.0000    8.0000   -76.16321617   -76.00983258   -76.16297649
 3738    1.7500  140.0000   10.0000   -76.16310186   -76.00971797   -76.16283891
 3739    1.7500  140.0000   12.0000   -76.16309049   -76.00970597   -76.16282700
 3740    1.7500  140.0000   14.0000   -76.16308697   -76.00970231   -76.16282320
 3741    1.7500  140.0000   16.0000   -76.16308572   -76.00970102   -76.16282186
    0    0.0000    0.0000    0.0000     0.00000000     0.00000000     0.00000000
 3742    1.7500  150.0000    1.2000   -76.09934054   -75.76485837   -75.78131950
 3743    1.7500  150.0000    1.3000   -76.19551211   -75.86608334   -75.88259375
 3744    1.7500  150.0000    1.4000   -76.25777678   -75.93382138   -75.95039975
 3745    1.7500  150.0000    1.5000   -76.29629051   -75.97837562   -75.99504851
 3746    1.7500  150.0000    1.6000   -76.31810531   -76.00701195   -76.02382269
 3747    1.7500  150.0000    1.7000   -76.32817648   -76.02499098   -76.04201971
 3748    1.7500  150.0000    1.7500   -76.32995066   -76.03124919   -76.04843426
 3749    1.7500  150.0000    1.8000   -76.33002246   -76.03623442   -76.05361960
 3750    1.7500  150.0000    1.8500   -76.32867836   -76.04028740   -76.05792840
 3751    1.7500  150.0000    1.9000   -76.32616164   -76.04369779   -76.06166259
 3752    1.7500  150.0000    2.0000   -76.31840769   -76.04948431   -76.06833812
 3753    1.7500  150.0000    2.1500   -76.30226101   -76.05753260   -76.07833680
 3754    1.7500  150.0000    2.3000   -76.28329574   -76.06574064   -76.08906553
 3755    1.7500  150.0000    2.4000   -76.27007911   -76.07109731   -76.09634228
 3756    1.7500  150.0000    2.6000   -76.24404226   -76.08046188   -76.11016763
 3757    1.7500  150.0000    2.8000   -76.22034055   -76.08678723   -76.12213480
 3758    1.7500  150.0000    3.0000   -76.20055247   -76.08910316   -76.13192884
 3759    1.7500  150.0000    3.3000   -76.18019725   -76.08421065   -76.14289524
 3760    1.7500  150.0000    3.6000   -76.17015215   -76.07134219   -76.15038815
 3761    1.7500  150.0000    4.0000   -76.16540293   -76.05052391   -76.15646118
 3762    1.7500  150.0000    4.5000   -76.16397773   -76.02963603   -76.16032826
 3763    1.7500  150.0000    5.0000   -76.16365214   -76.01803076   -76.16202540
 3764    1.7500  150.0000    6.0000   -76.16341927   -76.01107640   -76.16295148
 3765    1.7500  150.0000    7.0000   -76.16328291   -76.01002298   -76.16301257
 3766    1.7500  150.0000    8.0000   -76.16321399   -76.00983233   -76.16297547
 3767    1.7500  150.0000   10.0000   -76.16310228   -76.00971748   -76.16283891
 3768    1.7500  150.0000   12.0000   -76.16309073   -76.00970585   -76.16282707
 3769    1.7500  150.0000   14.0000   -76.16308706   -76.00970228   -76.16282323
 3770    1.7500  150.0000   16.0000   -76.16308576   -76.00970101   -76.16282187
    0    0.0000    0.0000    0.0000     0.00000000     0.00000000     0.00000000
 3771    1.7500  160.0000    1.2000   -76.09186082   -75.76722101   -75.77463714
 3772    1.7500  160.0000    1.3000   -76.18783553   -75.86845444   -75.87589228
 3773    1.7500  160.0000    1.4000   -76.24986654   -75.93624790   -75.94371802
 3774    1.7500  160.0000    1.5000   -76.28811426   -75.98093669   -75.98845202
 3775    1.7500  160.0000    1.6000   -76.30963255   -76.00983465   -76.01741942
 3776    1.7500  160.0000    1.7000   -76.31937748   -76.02827030   -76.03596924
 3777    1.7500  160.0000    1.7500   -76.32097789   -76.03485460   -76.04263663
 3778    1.7500  160.0000    1.8000   -76.32086892   -76.04024448   -76.04813380
 3779    1.7500  160.0000    1.8500   -76.31933687   -76.04478224   -76.05281007
 3780    1.7500  160.0000    1.9000   -76.31662459   -76.04875571   -76.05696128
 3781    1.7500  160.0000    2.0000   -76.30845591   -76.05585350   -76.06454995
 3782    1.7500  160.0000    2.1500   -76.29161626   -76.06606884   -76.07583274
 3783    1.7500  160.0000    2.3000   -76.27186487   -76.07637045   -76.08751638
 3784    1.7500  160.0000    2.4000   -76.25806708   -76.08301541   -76.09524906
 3785    1.7500  160.0000    2.6000   -76.23073737   -76.09471348   -76.10967117
 3786    1.7500  160.0000    2.8000   -76.20568694   -76.10303958   -76.12197584
 3787    1.7500  160.0000    3.0000   -76.18502066   -76.10660513   -76.13196339
 3788    1.7500  160.0000    3.3000   -76.16649192   -76.10008290   -76.14306702
 3789    1.7500  160.0000    3.6000   -76.16120593   -76.08233159   -76.15058922
 3790    1.7500  160.0000    4.0000   -76.16109548   -76.05643691   -76.15663547
 3791    1.7500  160.0000    4.5000   -76.16227822   -76.03225438   -76.16044754
 3792    1.7500  160.0000    5.0000   -76.16297343   -76.01909883   -76.16209617
 3793    1.7500  160.0000    6.0000   -76.16331357   -76.01122671   -76.16297027
 3794    1.7500  160.0000    7.0000   -76.16326782   -76.01004042   -76.16301510
 3795    1.7500  160.0000    8.0000   -76.16321241   -76.00983175   -76.16297463
 3796    1.7500  160.0000   10.0000   -76.16310262   -76.00971704   -76.16283889
 3797    1.7500  160.0000   12.0000   -76.16309094   -76.00970575   -76.16282712
 3798    1.7500  160.0000   14.0000   -76.16308714   -76.00970225   -76.16282326
 3799    1.7500  160.0000   16.0000   -76.16308578   -76.00970100   -76.16282188
    0    0.0000    0.0000    0.0000     0.00000000     0.00000000     0.00000000
 3800    1.7500  170.0000    1.2000   -76.08668205   -75.76835942   -75.77010626
 3801    1.7500  170.0000    1.3000   -76.18252776   -75.86960494   -75.87135159
 3802    1.7500  170.0000    1.4000   -76.24440310   -75.93744821   -75.93919679
 3803    1.7500  170.0000    1.5000   -76.28247044   -75.98224906   -75.98400106
 3804    1.7500  170.0000    1.6000   -76.30378318   -76.01135820   -76.01311875
 3805    1.7500  170.0000    1.7000   -76.31329632   -76.03015540   -76.03193537
 3806    1.7500  170.0000    1.7500   -76.31477081   -76.03699597   -76.03879196
 3807    1.7500  170.0000    1.8000   -76.31452898   -76.04269850   -76.04451655
 3808    1.7500  170.0000    1.8500   -76.31285644   -76.04760737   -76.04945743
 3809    1.7500  170.0000    1.9000   -76.30999522   -76.05200510   -76.05390144
 3810    1.7500  170.0000    2.0000   -76.30150035   -76.06007412   -76.06211201
 3811    1.7500  170.0000    2.1500   -76.28408448   -76.07187871   -76.07423235
 3812    1.7500  170.0000    2.3000   -76.26361847   -76.08377175   -76.08652889
 3813    1.7500  170.0000    2.4000   -76.24924099   -76.09146964   -76.09455276
 3814    1.7500  170.0000    2.6000   -76.22039490   -76.10539127   -76.10935822
 3815    1.7500  170.0000    2.8000   -76.19313903   -76.11638821   -76.12188319
 3816    1.7500  170.0000    3.0000   -76.16964660   -76.12304811   -76.13199841
 3817    1.7500  170.0000    3.3000   -76.15247884   -76.11533018   -76.14319240
 3818    1.7500  170.0000    3.6000   -76.15396372   -76.09075909   -76.15073201
 3819    1.7500  170.0000    4.0000   -76.15808878   -76.06038134   -76.15675310
 3820    1.7500  170.0000    4.5000   -76.16116009   -76.03391732   -76.16052804
 3821    1.7500  170.0000    5.0000   -76.16253611   -76.01976950   -76.16214406
 3822    1.7500  170.0000    6.0000   -76.16324704   -76.01132105   -76.16298343
 3823    1.7500  170.0000    7.0000   -76.16325867   -76.01005139   -76.16301708
 3824    1.7500  170.0000    8.0000   -76.16321151   -76.00983126   -76.16297412
 3825    1.7500  170.0000   10.0000   -76.16310283   -76.00971674   -76.16283886
 3826    1.7500  170.0000   12.0000   -76.16309107   -76.00970567   -76.16282715
 3827    1.7500  170.0000   14.0000   -76.16308718   -76.00970223   -76.16282327
 3828    1.7500  170.0000   16.0000   -76.16308580   -76.00970100   -76.16282189
    0    0.0000    0.0000    0.0000     0.00000000     0.00000000     0.00000000
 3829    1.7500  179.9900    1.2000   -76.08482997   -75.76869021   -75.76850374
 3830    1.7500  179.9900    1.3000   -76.18063038   -75.86994112   -75.86974684
 3831    1.7500  179.9900    1.4000   -76.24245063   -75.93780438   -75.93759934
 3832    1.7500  179.9900    1.5000   -76.28045358   -75.98264879   -75.98243066
 3833    1.7500  179.9900    1.6000   -76.30169208   -76.01183922   -76.01160527
 3834    1.7500  179.9900    1.7000   -76.31112044   -76.03077471   -76.03052192
 3835    1.7500  179.9900    1.7500   -76.31254832   -76.03771287   -76.03744887
 3836    1.7500  179.9900    1.8000   -76.31225690   -76.04353345   -76.04325656
 3837    1.7500  179.9900    1.8500   -76.31053138   -76.04858188   -76.04829336
 3838    1.7500  179.9900    1.9000   -76.30761343   -76.05313836   -76.05284269
 3839    1.7500  179.9900    2.0000   -76.29899201   -76.06156701   -76.06127181
 3840    1.7500  179.9900    2.1500   -76.28134488   -76.07396188   -76.07368144
 3841    1.7500  179.9900    2.3000   -76.26057709   -76.08646509   -76.08618825
 3842    1.7500  179.9900    2.4000   -76.24594057   -76.09458894   -76.09431209
 3843    1.7500  179.9900    2.6000   -76.21633884   -76.10952026   -76.10925012
 3844    1.7500  179.9900    2.8000   -76.18766484   -76.12211066   -76.12185222
 3845    1.7500  179.9900    3.0000   -76.16081429   -76.13225796   -76.13201244
 3846    1.7500  179.9900    3.3000   -76.14346789   -76.12478007   -76.14323795
 3847    1.7500  179.9900    3.6000   -76.15102347   -76.09411349   -76.15079596
 3848    1.7500  179.9900    4.0000   -76.15705196   -76.06176915   -76.15682952
 3849    1.7500  179.9900    4.5000   -76.16080357   -76.03449547   -76.16058720
 3850    1.7500  179.9900    5.0000   -76.16240165   -76.02000662   -76.16218630
 3851    1.7500  179.9900    6.0000   -76.16321995   -76.01133390   -76.16298827
 3852    1.7500  179.9900    7.0000   -76.16325561   -76.01004126   -76.16300928
 3853    1.7500  179.9900    8.0000   -76.16324847   -76.00985833   -76.16301462
 3854    1.7500  179.9900   10.0000   -76.16309891   -76.00970858   -76.16286749
 3855    1.7500  179.9900   12.0000   -76.16310083   -76.00971403   -76.16285965
 3856    1.7500  179.9900   14.0000   -76.16309832   -76.00971241   -76.16285481
 3857    1.7500  179.9900   16.0000   -76.16309205   -76.00970344   -76.16285237
    0    0.0000    0.0000    0.0000     0.00000000     0.00000000     0.00000000
 3858    1.8000    0.0100    1.2000   -40.00000000   -40.00000000   -40.00000000
 3859    1.8000    0.0100    1.3000   -40.00000000   -40.00000000   -40.00000000
 3860    1.8000    0.0100    1.4000   -40.00000000   -40.00000000   -40.00000000
 3861    1.8000    0.0100    1.5000   -40.00000000   -40.00000000   -40.00000000
 3862    1.8000    0.0100    1.6000   -40.00000000   -40.00000000   -40.00000000
 3863    1.8000    0.0100    1.7000   -40.00000000   -40.00000000   -40.00000000
 3864    1.8000    0.0100    1.7500   -40.00000000   -40.00000000   -40.00000000
 3865    1.8000    0.0100    1.8000   -40.00000000   -40.00000000   -40.00000000
 3866    1.8000    0.0100    1.8500   -40.00000000   -40.00000000   -40.00000000
 3867    1.8000    0.0100    1.9000   -40.00000000   -40.00000000   -40.00000000
 3868    1.8000    0.0100    2.0000   -40.00000000   -40.00000000   -40.00000000
 3869    1.8000    0.0100    2.1500   -40.00000000   -40.00000000   -40.00000000
 3870    1.8000    0.0100    2.3000   -40.00000000   -40.00000000   -40.00000000
 3871    1.8000    0.0100    2.4000   -40.00000000   -40.00000000   -40.00000000
 3872    1.8000    0.0100    2.6000   -75.93254244   -75.82088007   -75.82057491
 3873    1.8000    0.0100    2.8000   -76.04351737   -75.96090123   -75.96060187
 3874    1.8000    0.0100    3.0000   -76.09073845   -76.03589968   -76.03560738
 3875    1.8000    0.0100    3.3000   -76.10947361   -76.09396910   -76.09369197
 3876    1.8000    0.0100    3.6000   -76.12318712   -76.10280224   -76.12292830
 3877    1.8000    0.0100    4.0000   -76.14362061   -76.08230692   -76.14338177
 3878    1.8000    0.0100    4.5000   -76.15594151   -76.05616489   -76.15571855
 3879    1.8000    0.0100    5.0000   -76.16143505   -76.03662470   -76.16120704
 3880    1.8000    0.0100    6.0000   -76.16462455   -76.01843852   -76.16437134
 3881    1.8000    0.0100    7.0000   -76.16497687   -76.01422727   -76.16471765
 3882    1.8000    0.0100    8.0000   -76.16490607   -76.01336047   -76.16464614
 3883    1.8000    0.0100   10.0000   -76.16480802   -76.01310593   -76.16454770
 3884    1.8000    0.0100   12.0000   -76.16478485   -76.01307657   -76.16452463
 3885    1.8000    0.0100   14.0000   -76.16477860   -76.01306959   -76.16451843
 3886    1.8000    0.0100   16.0000   -76.16477647   -76.01306727   -76.16451633
    0    0.0000    0.0000    0.0000     0.00000000     0.00000000     0.00000000
 3887    1.8000   10.0000    1.2000   -40.00000000   -40.00000000   -40.00000000
 3888    1.8000   10.0000    1.3000   -40.00000000   -40.00000000   -40.00000000
 3889    1.8000   10.0000    1.4000   -40.00000000   -40.00000000   -40.00000000
 3890    1.8000   10.0000    1.5000   -40.00000000   -40.00000000   -40.00000000
 3891    1.8000   10.0000    1.6000   -40.00000000   -40.00000000   -40.00000000
 3892    1.8000   10.0000    1.7000   -40.00000000   -40.00000000   -40.00000000
 3893    1.8000   10.0000    1.7500   -40.00000000   -40.00000000   -40.00000000
 3894    1.8000   10.0000    1.8000   -40.00000000   -40.00000000   -40.00000000
 3895    1.8000   10.0000    1.8500   -40.00000000   -40.00000000   -40.00000000
 3896    1.8000   10.0000    1.9000   -40.00000000   -40.00000000   -40.00000000
 3897    1.8000   10.0000    2.0000   -40.00000000   -40.00000000   -40.00000000
 3898    1.8000   10.0000    2.1500   -40.00000000   -40.00000000   -40.00000000
 3899    1.8000   10.0000    2.3000   -40.00000000   -40.00000000   -40.00000000
 3900    1.8000   10.0000    2.4000   -75.84123077   -75.69313876   -75.69558636
 3901    1.8000   10.0000    2.6000   -75.99918054   -75.88190742   -75.88477712
 3902    1.8000   10.0000    2.8000   -76.07443599   -75.98564600   -75.98924322
 3903    1.8000   10.0000    3.0000   -76.10762786   -76.04465275   -76.04956485
 3904    1.8000   10.0000    3.3000   -76.12285353   -76.08866782   -76.09913894
 3905    1.8000   10.0000    3.6000   -76.13235448   -76.09571333   -76.12541124
 3906    1.8000   10.0000    4.0000   -76.14673543   -76.07873585   -76.14441209
 3907    1.8000   10.0000    4.5000   -76.15708334   -76.05397553   -76.15609616
 3908    1.8000   10.0000    5.0000   -76.16189124   -76.03531880   -76.16133834
 3909    1.8000   10.0000    6.0000   -76.16469260   -76.01810476   -76.16437703
 3910    1.8000   10.0000    7.0000   -76.16498210   -76.01416015   -76.16471175
 3911    1.8000   10.0000    8.0000   -76.16490433   -76.01334657   -76.16464272
 3912    1.8000   10.0000   10.0000   -76.16480726   -76.01310487   -76.16454701
 3913    1.8000   10.0000   12.0000   -76.16478467   -76.01307640   -76.16452450
 3914    1.8000   10.0000   14.0000   -76.16477854   -76.01306953   -76.16451838
 3915    1.8000   10.0000   16.0000   -76.16477645   -76.01306725   -76.16451631
    0    0.0000    0.0000    0.0000     0.00000000     0.00000000     0.00000000
 3916    1.8000   20.0000    1.2000   -75.68797434   -75.39331930   -75.41341935
 3917    1.8000   20.0000    1.3000   -75.72997157   -75.43417505   -75.45220667
 3918    1.8000   20.0000    1.4000   -40.00000000   -40.00000000   -40.00000000
 3919    1.8000   20.0000    1.5000   -40.00000000   -40.00000000   -40.00000000
 3920    1.8000   20.0000    1.6000   -40.00000000   -40.00000000   -40.00000000
 3921    1.8000   20.0000    1.7000   -40.00000000   -40.00000000   -40.00000000
 3922    1.8000   20.0000    1.7500   -40.00000000   -40.00000000   -40.00000000
 3923    1.8000   20.0000    1.8000   -40.00000000   -40.00000000   -40.00000000
 3924    1.8000   20.0000    1.8500   -40.00000000   -40.00000000   -40.00000000
 3925    1.8000   20.0000    1.9000   -40.00000000   -40.00000000   -40.00000000
 3926    1.8000   20.0000    2.0000   -40.00000000   -40.00000000   -40.00000000
 3927    1.8000   20.0000    2.1500   -75.93895187   -75.73272712   -75.74342016
 3928    1.8000   20.0000    2.3000   -76.01361393   -75.83290651   -75.84399874
 3929    1.8000   20.0000    2.4000   -76.05216520   -75.88782837   -75.89941292
 3930    1.8000   20.0000    2.6000   -76.10410091   -75.97025610   -75.98339343
 3931    1.8000   20.0000    2.8000   -76.13067954   -76.02363646   -76.03926361
 3932    1.8000   20.0000    3.0000   -76.14175580   -76.05676461   -76.07629042
 3933    1.8000   20.0000    3.3000   -76.14572491   -76.08073218   -76.11073680
 3934    1.8000   20.0000    3.6000   -76.14826893   -76.08300928   -76.13111231
 3935    1.8000   20.0000    4.0000   -76.15418871   -76.06927235   -76.14691885
 3936    1.8000   20.0000    4.5000   -76.16005483   -76.04793185   -76.15704328
 3937    1.8000   20.0000    5.0000   -76.16310568   -76.03175172   -76.16167271
 3938    1.8000   20.0000    6.0000   -76.16487625   -76.01721812   -76.16439006
 3939    1.8000   20.0000    7.0000   -76.16499654   -76.01398190   -76.16469565
 3940    1.8000   20.0000    8.0000   -76.16489977   -76.01330991   -76.16463344
 3941    1.8000   20.0000   10.0000   -76.16480526   -76.01310208   -76.16454520
 3942    1.8000   20.0000   12.0000   -76.16478418   -76.01307591   -76.16452412
 3943    1.8000   20.0000   14.0000   -76.16477838   -76.01306936   -76.16451825
 3944    1.8000   20.0000   16.0000   -76.16477639   -76.01306718   -76.16451625
    0    0.0000    0.0000    0.0000     0.00000000     0.00000000     0.00000000
 3945    1.8000   30.0000    1.2000   -75.83022785   -75.50820238   -75.55238266
 3946    1.8000   30.0000    1.3000   -75.91506031   -75.59547244   -75.63590598
 3947    1.8000   30.0000    1.4000   -75.97012149   -75.65433711   -75.69143014
 3948    1.8000   30.0000    1.5000   -76.00729042   -75.69693305   -75.73109360
 3949    1.8000   30.0000    1.6000   -76.03470243   -75.73163893   -75.76328128
 3950    1.8000   30.0000    1.7000   -76.05741118   -75.76368822   -75.79324933
 3951    1.8000   30.0000    1.7500   -76.06788901   -75.77962214   -75.80831862
 3952    1.8000   30.0000    1.8000   -76.07801065   -75.79570672   -75.82366318
 3953    1.8000   30.0000    1.8500   -76.08784580   -75.81196677   -75.83931477
 3954    1.8000   30.0000    1.9000   -76.09739407   -75.82833625   -75.85521775
 3955    1.8000   30.0000    2.0000   -76.11537581   -75.86104728   -75.88735349
 3956    1.8000   30.0000    2.1500   -76.13856089   -75.90814436   -75.93445708
 3957    1.8000   30.0000    2.3000   -76.15602132   -75.95001453   -75.97723297
 3958    1.8000   30.0000    2.4000   -76.16428730   -75.97410714   -76.00236079
 3959    1.8000   30.0000    2.6000   -76.17344084   -76.01253353   -76.04385294
 3960    1.8000   30.0000    2.8000   -76.17538290   -76.03931882   -76.07498418
 3961    1.8000   30.0000    3.0000   -76.17312359   -76.05642713   -76.09795987
 3962    1.8000   30.0000    3.3000   -76.16757224   -76.06796760   -76.12174155
 3963    1.8000   30.0000    3.6000   -76.16390792   -76.06721754   -76.13716184
 3964    1.8000   30.0000    4.0000   -76.16291857   -76.05616482   -76.14981844
 3965    1.8000   30.0000    4.5000   -76.16388966   -76.03939917   -76.15819301
 3966    1.8000   30.0000    5.0000   -76.16472565   -76.02684247   -76.16208599
 3967    1.8000   30.0000    6.0000   -76.16512452   -76.01605820   -76.16440289
 3968    1.8000   30.0000    7.0000   -76.16501627   -76.01375384   -76.16467333
 3969    1.8000   30.0000    8.0000   -76.16489364   -76.01326229   -76.16462062
 3970    1.8000   30.0000   10.0000   -76.16480260   -76.01309836   -76.16454279
 3971    1.8000   30.0000   12.0000   -76.16478347   -76.01307520   -76.16452357
 3972    1.8000   30.0000   14.0000   -76.16477813   -76.01306911   -76.16451804
 3973    1.8000   30.0000   16.0000   -76.16477629   -76.01306709   -76.16451617
    0    0.0000    0.0000    0.0000     0.00000000     0.00000000     0.00000000
 3974    1.8000   45.0000    1.2000   -75.96116797   -75.58319077   -75.67474255
 3975    1.8000   45.0000    1.3000   -76.06082693   -75.68916634   -75.77519272
 3976    1.8000   45.0000    1.4000   -76.12846255   -75.76383802   -75.84469625
 3977    1.8000   45.0000    1.5000   -76.17410697   -75.81732679   -75.89344859
 3978    1.8000   45.0000    1.6000   -76.20456508   -75.85655240   -75.92843972
 3979    1.8000   45.0000    1.7000   -76.22446049   -75.88625593   -75.95450103
 3980    1.8000   45.0000    1.7500   -76.23147334   -75.89859486   -75.96527585
 3981    1.8000   45.0000    1.8000   -76.23693676   -75.90967593   -75.97498671
 3982    1.8000   45.0000    1.8500   -76.24109144   -75.91974181   -75.98389204
 3983    1.8000   45.0000    1.9000   -76.24413435   -75.92898498   -75.99220020
 3984    1.8000   45.0000    2.0000   -76.24751793   -75.94558048   -76.00763839
 3985    1.8000   45.0000    2.1500   -76.24760628   -75.96708424   -76.02915029
 3986    1.8000   45.0000    2.3000   -76.24371609   -75.98549755   -76.04928088
 3987    1.8000   45.0000    2.4000   -76.23969118   -75.99620386   -76.06180272
 3988    1.8000   45.0000    2.6000   -76.22966465   -76.01384807   -76.08411273
 3989    1.8000   45.0000    2.8000   -76.21856240   -76.02658791   -76.10244461
 3990    1.8000   45.0000    3.0000   -76.20771086   -76.03488860   -76.11703960
 3991    1.8000   45.0000    3.3000   -76.19365798   -76.04049802   -76.13319574
 3992    1.8000   45.0000    3.6000   -76.18327530   -76.04010713   -76.14421678
 3993    1.8000   45.0000    4.0000   -76.17472622   -76.03449476   -76.15353656
 3994    1.8000   45.0000    4.5000   -76.16951466   -76.02578178   -76.15979886
 3995    1.8000   45.0000    5.0000   -76.16721206   -76.01948735   -76.16274456
 3996    1.8000   45.0000    6.0000   -76.16556997   -76.01451542   -76.16453248
 3997    1.8000   45.0000    7.0000   -76.16509755   -76.01347391   -76.16473023
 3998    1.8000   45.0000    8.0000   -76.16493690   -76.01322756   -76.16468949
 3999    1.8000   45.0000   10.0000   -76.16479844   -76.01309279   -76.16453907
 4000    1.8000   45.0000   12.0000   -76.16478227   -76.01307399   -76.16452258
 4001    1.8000   45.0000   14.0000   -76.16477770   -76.01306869   -76.16451768
 4002    1.8000   45.0000   16.0000   -76.16477612   -76.01306692   -76.16451603
    0    0.0000    0.0000    0.0000     0.00000000     0.00000000     0.00000000
 4003    1.8000   60.0000    1.2000   -76.03696322   -75.59982348   -75.74091332
 4004    1.8000   60.0000    1.3000   -76.13746610   -75.70717579   -75.84347465
 4005    1.8000   60.0000    1.4000   -76.20483086   -75.78261681   -75.91352909
 4006    1.8000   60.0000    1.5000   -76.24905469   -75.83580652   -75.96119556
 4007    1.8000   60.0000    1.6000   -76.27703260   -75.87349047   -75.99352252
 4008    1.8000   60.0000    1.7000   -76.29356902   -75.90043336   -76.01552180
 4009    1.8000   60.0000    1.7500   -76.29864375   -75.91097887   -76.02382804
 4010    1.8000   60.0000    1.8000   -76.30203789   -75.92002608   -76.03083811
 4011    1.8000   60.0000    1.8500   -76.30402231   -75.92785229   -76.03686261
 4012    1.8000   60.0000    1.9000   -76.30482580   -75.93468603   -76.04216806
 4013    1.8000   60.0000    2.0000   -76.30363590   -75.94611973   -76.05148097
 4014    1.8000   60.0000    2.1500   -76.29698187   -75.95966830   -76.06433389
 4015    1.8000   60.0000    2.3000   -76.28687540   -75.97081214   -76.07722220
 4016    1.8000   60.0000    2.4000   -76.27911034   -75.97741467   -76.08578245
 4017    1.8000   60.0000    2.6000   -76.26263955   -75.98896539   -76.10190486
 4018    1.8000   60.0000    2.8000   -76.24632441   -75.99825558   -76.11576319
 4019    1.8000   60.0000    3.0000   -76.23118055   -76.00526703   -76.12705805
 4020    1.8000   60.0000    3.3000   -76.21175596   -76.01198735   -76.13973213
 4021    1.8000   60.0000    3.6000   -76.19675810   -76.01518620   -76.14843321
 4022    1.8000   60.0000    4.0000   -76.18310886   -76.01609203   -76.15578932
 4023    1.8000   60.0000    4.5000   -76.17358568   -76.01517784   -76.16074007
 4024    1.8000   60.0000    5.0000   -76.16898960   -76.01424559   -76.16308527
 4025    1.8000   60.0000    6.0000   -76.16583162   -76.01349992   -76.16453677
 4026    1.8000   60.0000    7.0000   -76.16511480   -76.01328666   -76.16470666
 4027    1.8000   60.0000    8.0000   -76.16492949   -76.01319266   -76.16467738
 4028    1.8000   60.0000   10.0000   -76.16479492   -76.01308854   -76.16453594
 4029    1.8000   60.0000   12.0000   -76.16478117   -76.01307294   -76.16452166
 4030    1.8000   60.0000   14.0000   -76.16477730   -76.01306834   -76.16451735
 4031    1.8000   60.0000   16.0000   -76.16477597   -76.01306678   -76.16451590
    0    0.0000    0.0000    0.0000     0.00000000     0.00000000     0.00000000
 4032    1.8000   70.0000    1.2000   -76.07067152   -75.62469569   -75.76904031
 4033    1.8000   70.0000    1.3000   -76.17054798   -75.72593771   -75.87154760
 4034    1.8000   70.0000    1.4000   -76.23700286   -75.79439126   -75.94107841
 4035    1.8000   70.0000    1.5000   -76.28007208   -75.84019466   -75.98777537
 4036    1.8000   70.0000    1.6000   -76.30670291   -75.87050732   -76.01872237
 4037    1.8000   70.0000    1.7000   -76.32177392   -75.89267620   -76.03897513
 4038    1.8000   70.0000    1.7500   -76.32606697   -75.90230895   -76.04628747
 4039    1.8000   70.0000    1.8000   -76.32865948   -75.91069552   -76.05223526
 4040    1.8000   70.0000    1.8500   -76.32983212   -75.91790354   -76.05714044
 4041    1.8000   70.0000    1.9000   -76.32981768   -75.92409281   -76.06128504
 4042    1.8000   70.0000    2.0000   -76.32699387   -75.93410388   -76.06822930
 4043    1.8000   70.0000    2.1500   -76.31794930   -75.94531251   -76.07773748
 4044    1.8000   70.0000    2.3000   -76.30558925   -75.95434192   -76.08785774
 4045    1.8000   70.0000    2.4000   -76.29641739   -75.95992547   -76.09491558
 4046    1.8000   70.0000    2.6000   -76.27737282   -75.97064080   -76.10869342
 4047    1.8000   70.0000    2.8000   -76.25878829   -75.98036245   -76.12084029
 4048    1.8000   70.0000    3.0000   -76.24164496   -75.98853621   -76.13085937
 4049    1.8000   70.0000    3.3000   -76.21963741   -75.99770719   -76.14218347
 4050    1.8000   70.0000    3.6000   -76.20248077   -76.00375105   -76.14999352
 4051    1.8000   70.0000    4.0000   -76.18657762   -76.00843457   -76.15661528
 4052    1.8000   70.0000    4.5000   -76.17522981   -76.01122707   -76.16108453
 4053    1.8000   70.0000    5.0000   -76.16968576   -76.01244755   -76.16321051
 4054    1.8000   70.0000    6.0000   -76.16592363   -76.01317704   -76.16453855
 4055    1.8000   70.0000    7.0000   -76.16511755   -76.01322854   -76.16469789
 4056    1.8000   70.0000    8.0000   -76.16492579   -76.01318304   -76.16467333
 4057    1.8000   70.0000   10.0000   -76.16479318   -76.01308670   -76.16453441
 4058    1.8000   70.0000   12.0000   -76.16478061   -76.01307246   -76.16452121
 4059    1.8000   70.0000   14.0000   -76.16477710   -76.01306817   -76.16451719
 4060    1.8000   70.0000   16.0000   -76.16477589   -76.01306672   -76.16451583
    0    0.0000    0.0000    0.0000     0.00000000     0.00000000     0.00000000
 4061    1.8000   80.0000    1.2000   -76.09476244   -75.66043790   -75.78852220
 4062    1.8000   80.0000    1.3000   -76.19393827   -75.76184061   -75.89076577
 4063    1.8000   80.0000    1.4000   -76.25954543   -75.83015561   -75.95977074
 4064    1.8000   80.0000    1.5000   -76.30163862   -75.87559206   -76.00576606
 4065    1.8000   80.0000    1.6000   -76.32721268   -75.90516646   -76.03571414
 4066    1.8000   80.0000    1.7000   -76.34113811   -75.92391998   -76.05475725
 4067    1.8000   80.0000    1.7500   -76.34485459   -75.93040730   -76.06139125
 4068    1.8000   80.0000    1.8000   -76.34686811   -75.93545403   -76.06661554
 4069    1.8000   80.0000    1.8500   -76.34745832   -75.93935605   -76.07075705
 4070    1.8000   80.0000    1.9000   -76.34686197   -75.94236323   -76.07410461
 4071    1.8000   80.0000    2.0000   -76.34288292   -75.94649289   -76.07939891
 4072    1.8000   80.0000    2.1500   -76.33214924   -75.95013375   -76.08652647
 4073    1.8000   80.0000    2.3000   -76.31817695   -75.95310424   -76.09467163
 4074    1.8000   80.0000    2.4000   -76.30798431   -75.95590493   -76.10066536
 4075    1.8000   80.0000    2.6000   -76.28704602   -75.96461896   -76.11281725
 4076    1.8000   80.0000    2.8000   -76.26677637   -75.97433327   -76.12382539
 4077    1.8000   80.0000    3.0000   -76.24815583   -75.98289907   -76.13303415
 4078    1.8000   80.0000    3.3000   -76.22429951   -75.99288221   -76.14354621
 4079    1.8000   80.0000    3.6000   -76.20568868   -75.99989074   -76.15084831
 4080    1.8000   80.0000    4.0000   -76.18838867   -76.00588430   -76.15706579
 4081    1.8000   80.0000    4.5000   -76.17601548   -76.00994272   -76.16127606
 4082    1.8000   80.0000    5.0000   -76.16998705   -76.01187376   -76.16328362
 4083    1.8000   80.0000    6.0000   -76.16595063   -76.01307457   -76.16454237
 4084    1.8000   80.0000    7.0000   -76.16511395   -76.01321038   -76.16469451
 4085    1.8000   80.0000    8.0000   -76.16492303   -76.01318097   -76.16467175
 4086    1.8000   80.0000   10.0000   -76.16479196   -76.01308561   -76.16453341
 4087    1.8000   80.0000   12.0000   -76.16478021   -76.01307217   -76.16452091
 4088    1.8000   80.0000   14.0000   -76.16477696   -76.01306807   -76.16451709
 4089    1.8000   80.0000   16.0000   -76.16477583   -76.01306668   -76.16451579
    0    0.0000    0.0000    0.0000     0.00000000     0.00000000     0.00000000
 4090    1.8000   90.0000    1.2000   -76.11075542   -75.69054581   -75.80110758
 4091    1.8000   90.0000    1.3000   -76.20929470   -75.79202441   -75.90307403
 4092    1.8000   90.0000    1.4000   -76.27418149   -75.86021467   -75.97164695
 4093    1.8000   90.0000    1.5000   -76.31550015   -75.90529455   -76.01699881
 4094    1.8000   90.0000    1.6000   -76.34024061   -75.93435443   -76.04624287
 4095    1.8000   90.0000    1.7000   -76.35330385   -75.95241261   -76.06446115
 4096    1.8000   90.0000    1.7500   -76.35658309   -75.95848471   -76.07064031
 4097    1.8000   90.0000    1.8000   -76.35815736   -75.96307371   -76.07538342
 4098    1.8000   90.0000    1.8500   -76.35830822   -75.96648039   -76.07901970
 4099    1.8000   90.0000    1.9000   -76.35727336   -75.96896215   -76.08184055
 4100    1.8000   90.0000    2.0000   -76.35242417   -75.97200155   -76.08604025
 4101    1.8000   90.0000    2.1500   -76.34039677   -75.97411267   -76.09165422
 4102    1.8000   90.0000    2.3000   -76.32522256   -75.97575269   -76.09848309
 4103    1.8000   90.0000    2.4000   -76.31427605   -75.97731527   -76.10378282
 4104    1.8000   90.0000    2.6000   -76.29196136   -75.98182396   -76.11491864
 4105    1.8000   90.0000    2.8000   -76.27050389   -75.98733955   -76.12526965
 4106    1.8000   90.0000    3.0000   -76.25088821   -75.99274947   -76.13404963
 4107    1.8000   90.0000    3.3000   -76.22588786   -75.99945670   -76.14417078
 4108    1.8000   90.0000    3.6000   -76.20650616   -76.00422185   -76.15124598
 4109    1.8000   90.0000    4.0000   -76.18863298   -76.00821769   -76.15728764
 4110    1.8000   90.0000    4.5000   -76.17599805   -76.01091515   -76.16138152
 4111    1.8000   90.0000    5.0000   -76.16992402   -76.01225190   -76.16333119
 4112    1.8000   90.0000    6.0000   -76.16591928   -76.01312933   -76.16454998
 4113    1.8000   90.0000    7.0000   -76.16510446   -76.01321864   -76.16469477
 4114    1.8000   90.0000    8.0000   -76.16492091   -76.01318327   -76.16467164
 4115    1.8000   90.0000   10.0000   -76.16479124   -76.01308509   -76.16453289
 4116    1.8000   90.0000   12.0000   -76.16477999   -76.01307201   -76.16452076
 4117    1.8000   90.0000   14.0000   -76.16477688   -76.01306802   -76.16451704
 4118    1.8000   90.0000   16.0000   -76.16477580   -76.01306666   -76.16451577
    0    0.0000    0.0000    0.0000     0.00000000     0.00000000     0.00000000
 4119    1.8000  100.0000    1.2000   -76.11975599   -75.71486642   -75.80772252
 4120    1.8000  100.0000    1.3000   -76.21774868   -75.81630324   -75.90945479
 4121    1.8000  100.0000    1.4000   -76.28203280   -75.88431701   -75.97770408
 4122    1.8000  100.0000    1.5000   -76.32270831   -75.92909397   -76.02265546
 4123    1.8000  100.0000    1.6000   -76.34677844   -75.95773451   -76.05143338
 4124    1.8000  100.0000    1.7000   -76.35915606   -75.97526905   -76.06913064
 4125    1.8000  100.0000    1.7500   -76.36209025   -75.98104590   -76.07503241
 4126    1.8000  100.0000    1.8000   -76.36331977   -75.98532231   -76.07948916
 4127    1.8000  100.0000    1.8500   -76.36312758   -75.98840337   -76.08283234
 4128    1.8000  100.0000    1.9000   -76.36175249   -75.99055275   -76.08535611
 4129    1.8000  100.0000    2.0000   -76.35623646   -75.99293535   -76.08896098
 4130    1.8000  100.0000    2.1500   -76.34327773   -75.99422808   -76.09366459
 4131    1.8000  100.0000    2.3000   -76.32721835   -75.99530478   -76.09990838
 4132    1.8000  100.0000    2.4000   -76.31573161   -75.99648781   -76.10491911
 4133    1.8000  100.0000    2.6000   -76.29246165   -75.99998717   -76.11559670
 4134    1.8000  100.0000    2.8000   -76.27023492   -76.00406025   -76.12569031
 4135    1.8000  100.0000    3.0000   -76.25005236   -76.00771665   -76.13433952
 4136    1.8000  100.0000    3.3000   -76.22457112   -76.01156133   -76.14437376
 4137    1.8000  100.0000    3.6000   -76.20508042   -76.01340669   -76.15140492
 4138    1.8000  100.0000    4.0000   -76.18743395   -76.01386486   -76.15740471
 4139    1.8000  100.0000    4.5000   -76.17526173   -76.01348980   -76.16145618
 4140    1.8000  100.0000    5.0000   -76.16954326   -76.01329759   -76.16337428
 4141    1.8000  100.0000    6.0000   -76.16583804   -76.01328621   -76.16456115
 4142    1.8000  100.0000    7.0000   -76.16508936   -76.01324194   -76.16469667
 4143    1.8000  100.0000    8.0000   -76.16491907   -76.01318743   -76.16467218
 4144    1.8000  100.0000   10.0000   -76.16479094   -76.01308489   -76.16453273
 4145    1.8000  100.0000   12.0000   -76.16477993   -76.01307194   -76.16452072
 4146    1.8000  100.0000   14.0000   -76.16477687   -76.01306800   -76.16451703
 4147    1.8000  100.0000   16.0000   -76.16477579   -76.01306665   -76.16451577
    0    0.0000    0.0000    0.0000     0.00000000     0.00000000     0.00000000
 4148    1.8000  105.0000    1.2000   -76.12194314   -75.72500280   -75.80906706
 4149    1.8000  105.0000    1.3000   -76.21969556   -75.82640207   -75.91070369
 4150    1.8000  105.0000    1.4000   -76.28371683   -75.89433030   -75.97882949
 4151    1.8000  105.0000    1.5000   -76.32411406   -75.93898006   -76.02363679
 4152    1.8000  105.0000    1.6000   -76.34789656   -75.96745829   -76.05225727
 4153    1.8000  105.0000    1.7000   -76.35998255   -75.98480465   -76.06979151
 4154    1.8000  105.0000    1.7500   -76.36277098   -75.99048230   -76.07561242
 4155    1.8000  105.0000    1.8000   -76.36385566   -75.99465811   -76.07999064
 4156    1.8000  105.0000    1.8500   -76.36351995   -75.99764009   -76.08325837
 4157    1.8000  105.0000    1.9000   -76.36200336   -75.99969500   -76.08571187
 4158    1.8000  105.0000    2.0000   -76.35621228   -76.00191471   -76.08919596
 4159    1.8000  105.0000    2.1500   -76.34286752   -76.00306546   -76.09377100
 4160    1.8000  105.0000    2.3000   -76.32646254   -76.00412694   -76.09993239
 4161    1.8000  105.0000    2.4000   -76.31477190   -76.00532851   -76.10491730
 4162    1.8000  105.0000    2.6000   -76.29116770   -76.00875054   -76.11558026
 4163    1.8000  105.0000    2.8000   -76.26869893   -76.01247171   -76.12566709
 4164    1.8000  105.0000    3.0000   -76.24837124   -76.01557995   -76.13433023
 4165    1.8000  105.0000    3.3000   -76.22288027   -76.01833522   -76.14439907
 4166    1.8000  105.0000    3.6000   -76.20357772   -76.01883604   -76.15144896
 4167    1.8000  105.0000    4.0000   -76.18633979   -76.01740559   -76.15745326
 4168    1.8000  105.0000    4.5000   -76.17465726   -76.01517484   -76.16149427
 4169    1.8000  105.0000    5.0000   -76.16925184   -76.01398911   -76.16339846
 4170    1.8000  105.0000    6.0000   -76.16578183   -76.01338882   -76.16456774
 4171    1.8000  105.0000    7.0000   -76.16507992   -76.01325656   -76.16469781
 4172    1.8000  105.0000    8.0000   -76.16491816   -76.01318966   -76.16467250
 4173    1.8000  105.0000   10.0000   -76.16479093   -76.01308483   -76.16453273
 4174    1.8000  105.0000   12.0000   -76.16477995   -76.01307192   -76.16452073
 4175    1.8000  105.0000   14.0000   -76.16477688   -76.01306800   -76.16451704
 4176    1.8000  105.0000   16.0000   -76.16477579   -76.01306665   -76.16451577
    0    0.0000    0.0000    0.0000     0.00000000     0.00000000     0.00000000
 4177    1.8000  110.0000    1.2000   -76.12276047   -75.73387974   -75.80925786
 4178    1.8000  110.0000    1.3000   -76.22029283   -75.83523952   -75.91081376
 4179    1.8000  110.0000    1.4000   -76.28407323   -75.90309188   -75.97883974
 4180    1.8000  110.0000    1.5000   -76.32421599   -75.94763884   -76.02353632
 4181    1.8000  110.0000    1.6000   -76.34773612   -75.97599037   -76.05204425
 4182    1.8000  110.0000    1.7000   -76.35955726   -75.99320049   -76.06947390
 4183    1.8000  110.0000    1.7500   -76.36221386   -75.99881082   -76.07524913
 4184    1.8000  110.0000    1.8000   -76.36316786   -76.00292354   -76.07958805
 4185    1.8000  110.0000    1.8500   -76.36270312   -76.00584962   -76.08282503
 4186    1.8000  110.0000    1.9000   -76.36105975   -76.00785834   -76.08525831
 4187    1.8000  110.0000    2.0000   -76.35502374   -76.01002699   -76.08873260
 4188    1.8000  110.0000    2.1500   -76.34133948   -76.01122924   -76.09336532
 4189    1.8000  110.0000    2.3000   -76.32463663   -76.01245836   -76.09960842
 4190    1.8000  110.0000    2.4000   -76.31277415   -76.01377844   -76.10464411
 4191    1.8000  110.0000    2.6000   -76.28890036   -76.01729973   -76.11540065
 4192    1.8000  110.0000    2.8000   -76.26627469   -76.02087057   -76.12555771
 4193    1.8000  110.0000    3.0000   -76.24589236   -76.02354622   -76.13426900
 4194    1.8000  110.0000    3.3000   -76.22053354   -76.02533589   -76.14440674
 4195    1.8000  110.0000    3.6000   -76.20157906   -76.02455197   -76.15148961
 4196    1.8000  110.0000    4.0000   -76.18494540   -76.02122147   -76.15750572
 4197    1.8000  110.0000    4.5000   -76.17391644   -76.01703023   -76.16153697
 4198    1.8000  110.0000    5.0000   -76.16890430   -76.01475571   -76.16342567
 4199    1.8000  110.0000    6.0000   -76.16571720   -76.01350142   -76.16457484
 4200    1.8000  110.0000    7.0000   -76.16506943   -76.01327216   -76.16469897
 4201    1.8000  110.0000    8.0000   -76.16491720   -76.01319178   -76.16467278
 4202    1.8000  110.0000   10.0000   -76.16479099   -76.01308476   -76.16453277
 4203    1.8000  110.0000   12.0000   -76.16478001   -76.01307190   -76.16452076
 4204    1.8000  110.0000   14.0000   -76.16477690   -76.01306800   -76.16451705
 4205    1.8000  110.0000   16.0000   -76.16477580   -76.01306665   -76.16451578
    0    0.0000    0.0000    0.0000     0.00000000     0.00000000     0.00000000
 4206    1.8000  120.0000    1.2000   -76.12085048   -75.74818062   -75.80669512
 4207    1.8000  120.0000    1.3000   -76.21799565   -75.84947252   -75.90813199
 4208    1.8000  120.0000    1.4000   -76.28134930   -75.91721389   -75.97602230
 4209    1.8000  120.0000    1.5000   -76.32103912   -75.96162045   -76.02058638
 4210    1.8000  120.0000    1.6000   -76.34409282   -75.98983078   -76.04898851
 4211    1.8000  120.0000    1.7000   -76.35544435   -76.00692709   -76.06636728
 4212    1.8000  120.0000    1.7500   -76.35786787   -76.01250328   -76.07214769
 4213    1.8000  120.0000    1.8000   -76.35859148   -76.01660470   -76.07651878
 4214    1.8000  120.0000    1.8500   -76.35790003   -76.01955000   -76.07981839
 4215    1.8000  120.0000    1.9000   -76.35603472   -76.02161383   -76.08234725
 4216    1.8000  120.0000    2.0000   -76.34957277   -76.02402204   -76.08612003
 4217    1.8000  120.0000    2.1500   -76.33530703   -76.02590694   -76.09138120
 4218    1.8000  120.0000    2.3000   -76.31810820   -76.02800770   -76.09821698
 4219    1.8000  120.0000    2.4000   -76.30597022   -76.02985381   -76.10356028
 4220    1.8000  120.0000    2.6000   -76.28170351   -76.03402674   -76.11476997
 4221    1.8000  120.0000    2.8000   -76.25892749   -76.03763122   -76.12522028
 4222    1.8000  120.0000    3.0000   -76.23867425   -76.03977132   -76.13411496
 4223    1.8000  120.0000    3.3000   -76.21398007   -76.03978991   -76.14443268
 4224    1.8000  120.0000    3.6000   -76.19620148   -76.03647879   -76.15160073
 4225    1.8000  120.0000    4.0000   -76.18136434   -76.02928833   -76.15763925
 4226    1.8000  120.0000    4.5000   -76.17210124   -76.02102397   -76.16164165
 4227    1.8000  120.0000    5.0000   -76.16807957   -76.01641709   -76.16349059
 4228    1.8000  120.0000    6.0000   -76.16556962   -76.01374211   -76.16459057
 4229    1.8000  120.0000    7.0000   -76.16504617   -76.01330419   -76.16470125
 4230    1.8000  120.0000    8.0000   -76.16491506   -76.01319523   -76.16467298
 4231    1.8000  120.0000   10.0000   -76.16479128   -76.01308456   -76.16453289
 4232    1.8000  120.0000   12.0000   -76.16478020   -76.01307184   -76.16452084
 4233    1.8000  120.0000   14.0000   -76.16477697   -76.01306798   -76.16451709
 4234    1.8000  120.0000   16.0000   -76.16477583   -76.01306665   -76.16451579
    0    0.0000    0.0000    0.0000     0.00000000     0.00000000     0.00000000
 4235    1.8000  130.0000    1.2000   -76.11525289   -75.75844162   -75.80117007
 4236    1.8000  130.0000    1.3000   -76.21206840   -75.85969357   -75.90253578
 4237    1.8000  130.0000    1.4000   -76.27505310   -75.92738725   -75.97036275
 4238    1.8000  130.0000    1.5000   -76.31434693   -75.97175987   -76.01489510
 4239    1.8000  130.0000    1.6000   -76.33698897   -75.99998113   -76.04332822
 4240    1.8000  130.0000    1.7000   -76.34792323   -76.01717609   -76.06084064
 4241    1.8000  130.0000    1.7500   -76.35013885   -76.02285149   -76.06674026
 4242    1.8000  130.0000    1.8000   -76.35065652   -76.02709542   -76.07127236
 4243    1.8000  130.0000    1.8500   -76.34976202   -76.03023530   -76.07478276
 4244    1.8000  130.0000    1.9000   -76.34769757   -76.03255140   -76.07757322
 4245    1.8000  130.0000    2.0000   -76.34085232   -76.03564868   -76.08201295
 4246    1.8000  130.0000    2.1500   -76.32606142   -76.03893834   -76.08845447
 4247    1.8000  130.0000    2.3000   -76.30841525   -76.04252721   -76.09629870
 4248    1.8000  130.0000    2.4000   -76.29603341   -76.04522503   -76.10214235
 4249    1.8000  130.0000    2.6000   -76.27144302   -76.05055050   -76.11403597
 4250    1.8000  130.0000    2.8000   -76.24862526   -76.05454612   -76.12488722
 4251    1.8000  130.0000    3.0000   -76.22867933   -76.05638180   -76.13402253
 4252    1.8000  130.0000    3.3000   -76.20514664   -76.05473075   -76.14452129
 4253    1.8000  130.0000    3.6000   -76.18920344   -76.04874409   -76.15177494
 4254    1.8000  130.0000    4.0000   -76.17695293   -76.03749065   -76.15781798
 4255    1.8000  130.0000    4.5000   -76.16998848   -76.02508427   -76.16177189
 4256    1.8000  130.0000    5.0000   -76.16715339   -76.01811046   -76.16356834
 4257    1.8000  130.0000    6.0000   -76.16541037   -76.01398423   -76.16460874
 4258    1.8000  130.0000    7.0000   -76.16502167   -76.01333488   -76.16470359
 4259    1.8000  130.0000    8.0000   -76.16491265   -76.01319728   -76.16467260
 4260    1.8000  130.0000   10.0000   -76.16479171   -76.01308423   -76.16453299
 4261    1.8000  130.0000   12.0000   -76.16478045   -76.01307176   -76.16452093
 4262    1.8000  130.0000   14.0000   -76.16477707   -76.01306796   -76.16451713
 4263    1.8000  130.0000   16.0000   -76.16477586   -76.01306664   -76.16451581
    0    0.0000    0.0000    0.0000     0.00000000     0.00000000     0.00000000
 4264    1.8000  140.0000    1.2000   -76.10737743   -75.76541874   -75.79397786
 4265    1.8000  140.0000    1.3000   -76.20390851   -75.86666027   -75.89530574
 4266    1.8000  140.0000    1.4000   -76.26656917   -75.93436651   -75.96312250
 4267    1.8000  140.0000    1.5000   -76.30550943   -75.97880160   -76.00770137
 4268    1.8000  140.0000    1.6000   -76.32777707   -76.00717413   -76.03627255
 4269    1.8000  140.0000    1.7000   -76.33832378   -76.02466390   -76.05406309
 4270    1.8000  140.0000    1.7500   -76.34034294   -76.03056171   -76.06017238
 4271    1.8000  140.0000    1.8000   -76.34066354   -76.03509086   -76.06497028
 4272    1.8000  140.0000    1.8500   -76.33957227   -76.03858506   -76.06880549
 4273    1.8000  140.0000    1.9000   -76.33731190   -76.04133125   -76.07198194
 4274    1.8000  140.0000    2.0000   -76.33008011   -76.04550574   -76.07734504
 4275    1.8000  140.0000    2.1500   -76.31473398   -76.05075460   -76.08527186
 4276    1.8000  140.0000    2.3000   -76.29658205   -76.05626359   -76.09430214
 4277    1.8000  140.0000    2.4000   -76.28390216   -76.06005205   -76.10072104
 4278    1.8000  140.0000    2.6000   -76.25886843   -76.06694516   -76.11337158
 4279    1.8000  140.0000    2.8000   -76.23591499   -76.07168619   -76.12464450
 4280    1.8000  140.0000    3.0000   -76.21629184   -76.07344407   -76.13402030
 4281    1.8000  140.0000    3.3000   -76.19433024   -76.07011628   -76.14465568
 4282    1.8000  140.0000    3.6000   -76.18093525   -76.06106016   -76.15200258
 4283    1.8000  140.0000    4.0000   -76.17206450   -76.04539581   -76.15802857
 4284    1.8000  140.0000    4.5000   -76.16778325   -76.02890413   -76.16191782
 4285    1.8000  140.0000    5.0000   -76.16621827   -76.01969592   -76.16365387
 4286    1.8000  140.0000    6.0000   -76.16525521   -76.01420937   -76.16462944
 4287    1.8000  140.0000    7.0000   -76.16499825   -76.01336229   -76.16470612
 4288    1.8000  140.0000    8.0000   -76.16491018   -76.01319799   -76.16467176
 4289    1.8000  140.0000   10.0000   -76.16479217   -76.01308378   -76.16453304
 4290    1.8000  140.0000   12.0000   -76.16478071   -76.01307165   -76.16452102
 4291    1.8000  140.0000   14.0000   -76.16477717   -76.01306794   -76.16451718
 4292    1.8000  140.0000   16.0000   -76.16477590   -76.01306663   -76.16451582
    0    0.0000    0.0000    0.0000     0.00000000     0.00000000     0.00000000
 4293    1.8000  150.0000    1.2000   -76.09879450   -75.76989195   -75.78650008
 4294    1.8000  150.0000    1.3000   -76.19508259   -75.87114440   -75.88780888
 4295    1.8000  150.0000    1.4000   -76.25746064   -75.93890668   -75.95564843
 4296    1.8000  150.0000    1.5000   -76.29608600   -75.98347367   -76.00031884
 4297    1.8000  150.0000    1.6000   -76.31801158   -76.01209905   -76.02909294
 4298    1.8000  150.0000    1.7000   -76.32819320   -76.03002543   -76.04724868
 4299    1.8000  150.0000    1.7500   -76.33002246   -76.03623442   -76.05361960
 4300    1.8000  150.0000    1.8000   -76.33014906   -76.04114828   -76.05873843
 4301    1.8000  150.0000    1.8500   -76.32885989   -76.04510884   -76.06295804
 4302    1.8000  150.0000    1.9000   -76.32639805   -76.04840252   -76.06657685
 4303    1.8000  150.0000    2.0000   -76.31875350   -76.05388211   -76.07294294
 4304    1.8000  150.0000    2.1500   -76.30277013   -76.06135383   -76.08236050
 4305    1.8000  150.0000    2.3000   -76.28396740   -76.06898711   -76.09252485
 4306    1.8000  150.0000    2.4000   -76.27085906   -76.07401213   -76.09948546
 4307    1.8000  150.0000    2.6000   -76.24503972   -76.08285988   -76.11283639
 4308    1.8000  150.0000    2.8000   -76.22155597   -76.08882666   -76.12449323
 4309    1.8000  150.0000    3.0000   -76.20197743   -76.09089863   -76.13408347
 4310    1.8000  150.0000    3.3000   -76.18186447   -76.08583581   -76.14486214
 4311    1.8000  150.0000    3.6000   -76.17191777   -76.07303623   -76.15224783
 4312    1.8000  150.0000    4.0000   -76.16717139   -76.05255227   -76.15824264
 4313    1.8000  150.0000    4.5000   -76.16571500   -76.03221931   -76.16206262
 4314    1.8000  150.0000    5.0000   -76.16536816   -76.02105818   -76.16373859
 4315    1.8000  150.0000    6.0000   -76.16511865   -76.01440204   -76.16465087
 4316    1.8000  150.0000    7.0000   -76.16497810   -76.01338504   -76.16470878
 4317    1.8000  150.0000    8.0000   -76.16490803   -76.01319781   -76.16467077
 4318    1.8000  150.0000   10.0000   -76.16479259   -76.01308328   -76.16453304
 4319    1.8000  150.0000   12.0000   -76.16478096   -76.01307153   -76.16452109
 4320    1.8000  150.0000   14.0000   -76.16477726   -76.01306791   -76.16451721
 4321    1.8000  150.0000   16.0000   -76.16477594   -76.01306662   -76.16451584
    0    0.0000    0.0000    0.0000     0.00000000     0.00000000     0.00000000
 4322    1.8000  160.0000    1.2000   -76.09111749   -75.77256056   -75.78005193
 4323    1.8000  160.0000    1.3000   -76.18721158   -75.87383389   -75.88135071
 4324    1.8000  160.0000    1.4000   -76.24935906   -75.94166953   -75.94922323
 4325    1.8000  160.0000    1.5000   -76.28772155   -75.98639306   -75.99399758
 4326    1.8000  160.0000    1.6000   -76.30935374   -76.01530313   -76.02298390
 4327    1.8000  160.0000    1.7000   -76.31921212   -76.03370441   -76.04150657
 4328    1.8000  160.0000    1.7500   -76.32086892   -76.04024448   -76.04813380
 4329    1.8000  160.0000    1.8000   -76.32081699   -76.04556149   -76.05356143
 4330    1.8000  160.0000    1.8500   -76.31933988   -76.05000204   -76.05814350
 4331    1.8000  160.0000    1.9000   -76.31668342   -76.05384676   -76.06216725
 4332    1.8000  160.0000    2.0000   -76.30862591   -76.06060272   -76.06941564
 4333    1.8000  160.0000    2.1500   -76.29195191   -76.07018080   -76.08006428
 4334    1.8000  160.0000    2.3000   -76.27236572   -76.07985977   -76.09113988
 4335    1.8000  160.0000    2.4000   -76.25867899   -76.08614842   -76.09853193
 4336    1.8000  160.0000    2.6000   -76.23157810   -76.09728704   -76.11243971
 4337    1.8000  160.0000    2.8000   -76.20677471   -76.10520453   -76.12440479
 4338    1.8000  160.0000    3.0000   -76.18638172   -76.10844861   -76.13416782
 4339    1.8000  160.0000    3.3000   -76.16820686   -76.10163167   -76.14506363
 4340    1.8000  160.0000    3.6000   -76.16301725   -76.08394079   -76.15246612
 4341    1.8000  160.0000    4.0000   -76.16287937   -76.05840608   -76.15842696
 4342    1.8000  160.0000    4.5000   -76.16401820   -76.03479540   -76.16218630
 4343    1.8000  160.0000    5.0000   -76.16468952   -76.02210332   -76.16381117
 4344    1.8000  160.0000    6.0000   -76.16501264   -76.01454938   -76.16466985
 4345    1.8000  160.0000    7.0000   -76.16496293   -76.01340217   -76.16471131
 4346    1.8000  160.0000    8.0000   -76.16490647   -76.01319727   -76.16466995
 4347    1.8000  160.0000   10.0000   -76.16479293   -76.01308283   -76.16453301
 4348    1.8000  160.0000   12.0000   -76.16478117   -76.01307142   -76.16452114
 4349    1.8000  160.0000   14.0000   -76.16477734   -76.01306788   -76.16451724
 4350    1.8000  160.0000   16.0000   -76.16477597   -76.01306661   -76.16451585
    0    0.0000    0.0000    0.0000     0.00000000     0.00000000     0.00000000
 4351    1.8000  170.0000    1.2000   -76.08580436   -75.77395062   -75.77570924
 4352    1.8000  170.0000    1.3000   -76.18177013   -75.87524310   -75.87700370
 4353    1.8000  170.0000    1.4000   -76.24376256   -75.94314009   -75.94490304
 4354    1.8000  170.0000    1.5000   -76.28194516   -75.98799042   -75.98975851
 4355    1.8000  170.0000    1.6000   -76.30337203   -76.01712703   -76.01890608
 4356    1.8000  170.0000    1.7000   -76.31299845   -76.03590154   -76.03770214
 4357    1.8000  170.0000    1.7500   -76.31452898   -76.04269850   -76.04451655
 4358    1.8000  170.0000    1.8000   -76.31434352   -76.04832646   -76.05016790
 4359    1.8000  170.0000    1.8500   -76.31272503   -76.05313096   -76.05500545
 4360    1.8000  170.0000    1.9000   -76.30991863   -76.05739010   -76.05931118
 4361    1.8000  170.0000    2.0000   -76.30153239   -76.06508855   -76.06715189
 4362    1.8000  170.0000    2.1500   -76.28427680   -76.07621558   -76.07859728
 4363    1.8000  170.0000    2.3000   -76.26396813   -76.08746127   -76.09025516
 4364    1.8000  170.0000    2.4000   -76.24969506   -76.09479456   -76.09792242
 4365    1.8000  170.0000    2.6000   -76.22106046   -76.10815379   -76.11218883
 4366    1.8000  170.0000    2.8000   -76.19403428   -76.11874636   -76.12435654
 4367    1.8000  170.0000    3.0000   -76.17084936   -76.12504174   -76.13423480
 4368    1.8000  170.0000    3.3000   -76.15429947   -76.11675797   -76.14520931
 4369    1.8000  170.0000    3.6000   -76.15581964   -76.09229389   -76.15261335
 4370    1.8000  170.0000    4.0000   -76.15988425   -76.06231393   -76.15855134
 4371    1.8000  170.0000    4.5000   -76.16290163   -76.03643310   -76.16226970
 4372    1.8000  170.0000    5.0000   -76.16425207   -76.02276018   -76.16386022
 4373    1.8000  170.0000    6.0000   -76.16494584   -76.01464188   -76.16468306
 4374    1.8000  170.0000    7.0000   -76.16495369   -76.01341290   -76.16471324
 4375    1.8000  170.0000    8.0000   -76.16490558   -76.01319679   -76.16466944
 4376    1.8000  170.0000   10.0000   -76.16479315   -76.01308253   -76.16453298
 4377    1.8000  170.0000   12.0000   -76.16478130   -76.01307134   -76.16452117
 4378    1.8000  170.0000   14.0000   -76.16477738   -76.01306786   -76.16451725
 4379    1.8000  170.0000   16.0000   -76.16477599   -76.01306660   -76.16451586
    0    0.0000    0.0000    0.0000     0.00000000     0.00000000     0.00000000
 4380    1.8000  179.9900    1.2000   -76.08390410   -75.77437892   -75.77417873
 4381    1.8000  179.9900    1.3000   -76.17982464   -75.87567885   -75.87547116
 4382    1.8000  179.9900    1.4000   -76.24176193   -75.94360023   -75.94338189
 4383    1.8000  179.9900    1.5000   -76.27988000   -75.98849933   -75.98826796
 4384    1.8000  179.9900    1.6000   -76.30123231   -76.01772266   -76.01747590
 4385    1.8000  179.9900    1.7000   -76.31077339   -76.03663882   -76.03637276
 4386    1.8000  179.9900    1.7500   -76.31225690   -76.04353345   -76.04325656
 4387    1.8000  179.9900    1.8000   -76.31202023   -76.04927742   -76.04898811
 4388    1.8000  179.9900    1.8500   -76.31034905   -76.05421942   -76.05391882
 4389    1.8000  179.9900    1.9000   -76.30748510   -76.05863297   -76.05832461
 4390    1.8000  179.9900    2.0000   -76.29897039   -76.06668068   -76.06637216
 4391    1.8000  179.9900    2.1500   -76.28147958   -76.07838475   -76.07809151
 4392    1.8000  179.9900    2.3000   -76.26086316   -76.09023478   -76.08994892
 4393    1.8000  179.9900    2.4000   -76.24632543   -76.09799328   -76.09771072
 4394    1.8000  179.9900    2.6000   -76.21691603   -76.11237590   -76.11210160
 4395    1.8000  179.9900    2.8000   -76.18842722   -76.12460188   -76.12434068
 4396    1.8000  179.9900    3.0000   -76.16175739   -76.13450740   -76.13425999
 4397    1.8000  179.9900    3.3000   -76.14549411   -76.12599398   -76.14526326
 4398    1.8000  179.9900    3.6000   -76.15292316   -76.09561890   -76.15269744
 4399    1.8000  179.9900    4.0000   -76.15885634   -76.06369179   -76.15863255
 4400    1.8000  179.9900    4.5000   -76.16254922   -76.03700468   -76.16233217
 4401    1.8000  179.9900    5.0000   -76.16412112   -76.02299280   -76.16390523
 4402    1.8000  179.9900    6.0000   -76.16492260   -76.01465437   -76.16469116
 4403    1.8000  179.9900    7.0000   -76.16495502   -76.01340276   -76.16470684
 4404    1.8000  179.9900    8.0000   -76.16494781   -76.01322396   -76.16471206
 4405    1.8000  179.9900   10.0000   -76.16480036   -76.01307507   -76.16456869
 4406    1.8000  179.9900   12.0000   -76.16480244   -76.01308031   -76.16456053
 4407    1.8000  179.9900   14.0000   -76.16479992   -76.01307867   -76.16455565
 4408    1.8000  179.9900   16.0000   -76.16479359   -76.01306986   -76.16455309
    0    0.0000    0.0000    0.0000     0.00000000     0.00000000     0.00000000
 4409    1.8500    0.0100    1.2000   -40.00000000   -40.00000000   -40.00000000
 4410    1.8500    0.0100    1.3000   -40.00000000   -40.00000000   -40.00000000
 4411    1.8500    0.0100    1.4000   -40.00000000   -40.00000000   -40.00000000
 4412    1.8500    0.0100    1.5000   -40.00000000   -40.00000000   -40.00000000
 4413    1.8500    0.0100    1.6000   -40.00000000   -40.00000000   -40.00000000
 4414    1.8500    0.0100    1.7000   -40.00000000   -40.00000000   -40.00000000
 4415    1.8500    0.0100    1.7500   -40.00000000   -40.00000000   -40.00000000
 4416    1.8500    0.0100    1.8000   -40.00000000   -40.00000000   -40.00000000
 4417    1.8500    0.0100    1.8500   -40.00000000   -40.00000000   -40.00000000
 4418    1.8500    0.0100    1.9000   -40.00000000   -40.00000000   -40.00000000
 4419    1.8500    0.0100    2.0000   -40.00000000   -40.00000000   -40.00000000
 4420    1.8500    0.0100    2.1500   -40.00000000   -40.00000000   -40.00000000
 4421    1.8500    0.0100    2.3000   -40.00000000   -40.00000000   -40.00000000
 4422    1.8500    0.0100    2.4000   -40.00000000   -40.00000000   -40.00000000
 4423    1.8500    0.0100    2.6000   -75.89085321   -75.78027301   -75.77996079
 4424    1.8500    0.0100    2.8000   -76.02737725   -75.94359840   -75.94329156
 4425    1.8500    0.0100    3.0000   -76.08627741   -76.02836503   -76.02806554
 4426    1.8500    0.0100    3.3000   -76.11233391   -76.09170048   -76.09141532
 4427    1.8500    0.0100    3.6000   -76.12233147   -76.10810726   -76.12205801
 4428    1.8500    0.0100    4.0000   -76.14322275   -76.08816161   -76.14297432
 4429    1.8500    0.0100    4.5000   -76.15579067   -76.06132255   -76.15556348
 4430    1.8500    0.0100    5.0000   -76.16147784   -76.04074776   -76.16124665
 4431    1.8500    0.0100    6.0000   -76.16485780   -76.02103041   -76.16460412
 4432    1.8500    0.0100    7.0000   -76.16524649   -76.01632622   -76.16498963
 4433    1.8500    0.0100    8.0000   -76.16517909   -76.01535588   -76.16492178
 4434    1.8500    0.0100   10.0000   -76.16507673   -76.01507391   -76.16481928
 4435    1.8500    0.0100   12.0000   -76.16505237   -76.01504232   -76.16479507
 4436    1.8500    0.0100   14.0000   -76.16504585   -76.01503491   -76.16478862
 4437    1.8500    0.0100   16.0000   -76.16504364   -76.01503246   -76.16478643
    0    0.0000    0.0000    0.0000     0.00000000     0.00000000     0.00000000
 4438    1.8500   10.0000    1.2000   -75.57586934   -75.30966752   -75.31473684
 4439    1.8500   10.0000    1.3000   -40.00000000   -40.00000000   -40.00000000
 4440    1.8500   10.0000    1.4000   -40.00000000   -40.00000000   -40.00000000
 4441    1.8500   10.0000    1.5000   -40.00000000   -40.00000000   -40.00000000
 4442    1.8500   10.0000    1.6000   -40.00000000   -40.00000000   -40.00000000
 4443    1.8500   10.0000    1.7000   -40.00000000   -40.00000000   -40.00000000
 4444    1.8500   10.0000    1.7500   -40.00000000   -40.00000000   -40.00000000
 4445    1.8500   10.0000    1.8000   -40.00000000   -40.00000000   -40.00000000
 4446    1.8500   10.0000    1.8500   -40.00000000   -40.00000000   -40.00000000
 4447    1.8500   10.0000    1.9000   -40.00000000   -40.00000000   -40.00000000
 4448    1.8500   10.0000    2.0000   -40.00000000   -40.00000000   -40.00000000
 4449    1.8500   10.0000    2.1500   -40.00000000   -40.00000000   -40.00000000
 4450    1.8500   10.0000    2.3000   -40.00000000   -40.00000000   -40.00000000
 4451    1.8500   10.0000    2.4000   -40.00000000   -40.00000000   -40.00000000
 4452    1.8500   10.0000    2.6000   -75.97587149   -75.85967889   -75.86221864
 4453    1.8500   10.0000    2.8000   -76.06516588   -75.97565460   -75.97879166
 4454    1.8500   10.0000    3.0000   -76.10557510   -76.04064116   -76.04483835
 4455    1.8500   10.0000    3.3000   -76.12457126   -76.08922458   -76.09765617
 4456    1.8500   10.0000    3.6000   -76.13264358   -76.10030359   -76.12478943
 4457    1.8500   10.0000    4.0000   -76.14651892   -76.08440034   -76.14408018
 4458    1.8500   10.0000    4.5000   -76.15698099   -76.05898083   -76.15597188
 4459    1.8500   10.0000    5.0000   -76.16195353   -76.03932240   -76.16139283
 4460    1.8500   10.0000    6.0000   -76.16492930   -76.02065376   -76.16461224
 4461    1.8500   10.0000    7.0000   -76.16525205   -76.01624968   -76.16498375
 4462    1.8500   10.0000    8.0000   -76.16517713   -76.01533996   -76.16491808
 4463    1.8500   10.0000   10.0000   -76.16507591   -76.01507271   -76.16481852
 4464    1.8500   10.0000   12.0000   -76.16505218   -76.01504212   -76.16479493
 4465    1.8500   10.0000   14.0000   -76.16504579   -76.01503484   -76.16478856
 4466    1.8500   10.0000   16.0000   -76.16504362   -76.01503244   -76.16478641
    0    0.0000    0.0000    0.0000     0.00000000     0.00000000     0.00000000
 4467    1.8500   20.0000    1.2000   -75.72282062   -75.43910894   -75.45969260
 4468    1.8500   20.0000    1.3000   -75.77189193   -75.48633980   -75.50467753
 4469    1.8500   20.0000    1.4000   -75.78361754   -75.49832996   -75.51471114
 4470    1.8500   20.0000    1.5000   -40.00000000   -40.00000000   -40.00000000
 4471    1.8500   20.0000    1.6000   -40.00000000   -40.00000000   -40.00000000
 4472    1.8500   20.0000    1.7000   -40.00000000   -40.00000000   -40.00000000
 4473    1.8500   20.0000    1.7500   -40.00000000   -40.00000000   -40.00000000
 4474    1.8500   20.0000    1.8000   -40.00000000   -40.00000000   -40.00000000
 4475    1.8500   20.0000    1.8500   -40.00000000   -40.00000000   -40.00000000
 4476    1.8500   20.0000    1.9000   -40.00000000   -40.00000000   -40.00000000
 4477    1.8500   20.0000    2.0000   -40.00000000   -40.00000000   -40.00000000
 4478    1.8500   20.0000    2.1500   -75.93011081   -75.72859066   -75.73865078
 4479    1.8500   20.0000    2.3000   -76.00429970   -75.82713923   -75.83743941
 4480    1.8500   20.0000    2.4000   -76.04430103   -75.88275215   -75.89342806
 4481    1.8500   20.0000    2.6000   -76.10011848   -75.96770098   -75.97965560
 4482    1.8500   20.0000    2.8000   -76.12988850   -76.02332232   -76.03739633
 4483    1.8500   20.0000    3.0000   -76.14283540   -76.05805132   -76.07547456
 4484    1.8500   20.0000    3.3000   -76.14733215   -76.08392653   -76.11046603
 4485    1.8500   20.0000    3.6000   -76.14899174   -76.08774617   -76.13090882
 4486    1.8500   20.0000    4.0000   -76.15424982   -76.07450709   -76.14674073
 4487    1.8500   20.0000    4.5000   -76.16005972   -76.05252505   -76.15699298
 4488    1.8500   20.0000    5.0000   -76.16321684   -76.03543610   -76.16176457
 4489    1.8500   20.0000    6.0000   -76.16512158   -76.01965596   -76.16463142
 4490    1.8500   20.0000    7.0000   -76.16526713   -76.01604869   -76.16496757
 4491    1.8500   20.0000    8.0000   -76.16517197   -76.01529812   -76.16490808
 4492    1.8500   20.0000   10.0000   -76.16507372   -76.01506953   -76.16481652
 4493    1.8500   20.0000   12.0000   -76.16505165   -76.01504156   -76.16479451
 4494    1.8500   20.0000   14.0000   -76.16504561   -76.01503465   -76.16478841
 4495    1.8500   20.0000   16.0000   -76.16504355   -76.01503236   -76.16478635
    0    0.0000    0.0000    0.0000     0.00000000     0.00000000     0.00000000
 4496    1.8500   30.0000    1.2000   -75.84733352   -75.53475793   -75.57970483
 4497    1.8500   30.0000    1.3000   -75.93330775   -75.62270557   -75.66362795
 4498    1.8500   30.0000    1.4000   -75.98851646   -75.68123188   -75.71856028
 4499    1.8500   30.0000    1.5000   -76.02470620   -75.72235185   -75.75651674
 4500    1.8500   30.0000    1.6000   -76.05011926   -75.75455159   -75.78598559
 4501    1.8500   30.0000    1.7000   -76.07014831   -75.78339646   -75.81254813
 4502    1.8500   30.0000    1.7500   -76.07917437   -75.79760763   -75.82579549
 4503    1.8500   30.0000    1.8000   -76.08784580   -75.81196677   -75.83931477
 4504    1.8500   30.0000    1.8500   -76.09626890   -75.82655355   -75.85318995
 4505    1.8500   30.0000    1.9000   -76.10454164   -75.84131719   -75.86738636
 4506    1.8500   30.0000    2.0000   -76.12032620   -75.87123118   -75.89652169
 4507    1.8500   30.0000    2.1500   -76.14135772   -75.91527957   -75.94027856
 4508    1.8500   30.0000    2.3000   -76.15776369   -75.95530593   -75.98095473
 4509    1.8500   30.0000    2.4000   -76.16590340   -75.97871012   -76.00514935
 4510    1.8500   30.0000    2.6000   -76.17513802   -76.01644638   -76.04554808
 4511    1.8500   30.0000    2.8000   -76.17728317   -76.04307942   -76.07606450
 4512    1.8500   30.0000    3.0000   -76.17501723   -76.06030206   -76.09862908
 4513    1.8500   30.0000    3.3000   -76.16897040   -76.07227431   -76.12199439
 4514    1.8500   30.0000    3.6000   -76.16462790   -76.07191461   -76.13719262
 4515    1.8500   30.0000    4.0000   -76.16313254   -76.06083583   -76.14977769
 4516    1.8500   30.0000    4.5000   -76.16400008   -76.04343125   -76.15822911
 4517    1.8500   30.0000    5.0000   -76.16489270   -76.03010224   -76.16222443
 4518    1.8500   30.0000    6.0000   -76.16537999   -76.01835777   -76.16465203
 4519    1.8500   30.0000    7.0000   -76.16528731   -76.01578940   -76.16494504
 4520    1.8500   30.0000    8.0000   -76.16516499   -76.01524410   -76.16489433
 4521    1.8500   30.0000   10.0000   -76.16507080   -76.01506531   -76.16481387
 4522    1.8500   30.0000   12.0000   -76.16505089   -76.01504075   -76.16479390
 4523    1.8500   30.0000   14.0000   -76.16504535   -76.01503437   -76.16478819
 4524    1.8500   30.0000   16.0000   -76.16504345   -76.01503225   -76.16478626
    0    0.0000    0.0000    0.0000     0.00000000     0.00000000     0.00000000
 4525    1.8500   45.0000    1.2000   -75.96785450   -75.59776264   -75.68988130
 4526    1.8500   45.0000    1.3000   -76.06738823   -75.70335060   -75.78965578
 4527    1.8500   45.0000    1.4000   -76.13471416   -75.77742501   -75.85827893
 4528    1.8500   45.0000    1.5000   -76.17990816   -75.83014994   -75.90598790
 4529    1.8500   45.0000    1.6000   -76.20983145   -75.86849994   -75.93982204
 4530    1.8500   45.0000    1.7000   -76.22916280   -75.89726889   -75.96465912
 4531    1.8500   45.0000    1.7500   -76.23589729   -75.90913317   -75.97480894
 4532    1.8500   45.0000    1.8000   -76.24109144   -75.91974181   -75.98389204
 4533    1.8500   45.0000    1.8500   -76.24498826   -75.92934056   -75.99217071
 4534    1.8500   45.0000    1.9000   -76.24778911   -75.93812766   -75.99985802
 4535    1.8500   45.0000    2.0000   -76.25073990   -75.95385562   -76.01409103
 4536    1.8500   45.0000    2.1500   -76.25031042   -75.97421144   -76.03396636
 4537    1.8500   45.0000    2.3000   -76.24603642   -75.99170062   -76.05276271
 4538    1.8500   45.0000    2.4000   -76.24180975   -76.00192256   -76.06457687
 4539    1.8500   45.0000    2.6000   -76.23145541   -76.01887601   -76.08584861
 4540    1.8500   45.0000    2.8000   -76.22006725   -76.03120873   -76.10351479
 4541    1.8500   45.0000    3.0000   -76.20893680   -76.03928254   -76.11768733
 4542    1.8500   45.0000    3.3000   -76.19448397   -76.04471344   -76.13349093
 4543    1.8500   45.0000    3.6000   -76.18378190   -76.04416269   -76.14435449
 4544    1.8500   45.0000    4.0000   -76.17499603   -76.03821014   -76.15363106
 4545    1.8500   45.0000    4.5000   -76.16972473   -76.02894401   -76.15994631
 4546    1.8500   45.0000    5.0000   -76.16744042   -76.02212821   -76.16294575
 4547    1.8500   45.0000    6.0000   -76.16583473   -76.01663051   -76.16479057
 4548    1.8500   45.0000    7.0000   -76.16536985   -76.01546636   -76.16500128
 4549    1.8500   45.0000    8.0000   -76.16520902   -76.01519611   -76.16496173
 4550    1.8500   45.0000   10.0000   -76.16506627   -76.01505901   -76.16480979
 4551    1.8500   45.0000   12.0000   -76.16504959   -76.01503940   -76.16479284
 4552    1.8500   45.0000   14.0000   -76.16504489   -76.01503391   -76.16478780
 4553    1.8500   45.0000   16.0000   -76.16504327   -76.01503207   -76.16478610
    0    0.0000    0.0000    0.0000     0.00000000     0.00000000     0.00000000
 4554    1.8500   60.0000    1.2000   -76.04006847   -75.61037556   -75.75100902
 4555    1.8500   60.0000    1.3000   -76.14043618   -75.71743090   -75.85303334
 4556    1.8500   60.0000    1.4000   -76.20762556   -75.79247225   -75.92248525
 4557    1.8500   60.0000    1.5000   -76.25165102   -75.84519860   -75.96949419
 4558    1.8500   60.0000    1.6000   -76.27942159   -75.88237893   -76.00111378
 4559    1.8500   60.0000    1.7000   -76.29575149   -75.90879541   -76.02235570
 4560    1.8500   60.0000    1.7500   -76.30072571   -75.91907304   -76.03026374
 4561    1.8500   60.0000    1.8000   -76.30402231   -75.92785229   -76.03686261
 4562    1.8500   60.0000    1.8500   -76.30591272   -75.93540815   -76.04246400
 4563    1.8500   60.0000    1.9000   -76.30662627   -75.94197554   -76.04733646
 4564    1.8500   60.0000    2.0000   -76.30526924   -75.95288537   -76.05577228
 4565    1.8500   60.0000    2.1500   -76.29839580   -75.96570215   -76.06739118
 4566    1.8500   60.0000    2.3000   -76.28810289   -75.97621831   -76.07930783
 4567    1.8500   60.0000    2.4000   -76.28022891   -75.98247353   -76.08739271
 4568    1.8500   60.0000    2.6000   -76.26356960   -75.99349428   -76.10289100
 4569    1.8500   60.0000    2.8000   -76.24709608   -76.00242082   -76.11640196
 4570    1.8500   60.0000    3.0000   -76.23181762   -76.00916636   -76.12749899
 4571    1.8500   60.0000    3.3000   -76.21223174   -76.01557337   -76.14002184
 4572    1.8500   60.0000    3.6000   -76.19712193   -76.01849021   -76.14866205
 4573    1.8500   60.0000    4.0000   -76.18339509   -76.01902863   -76.15600130
 4574    1.8500   60.0000    4.5000   -76.17384738   -76.01770227   -76.16096633
 4575    1.8500   60.0000    5.0000   -76.16925438   -76.01648752   -76.16333076
 4576    1.8500   60.0000    6.0000   -76.16610398   -76.01551823   -76.16480341
 4577    1.8500   60.0000    7.0000   -76.16538720   -76.01525979   -76.16497796
 4578    1.8500   60.0000    8.0000   -76.16520086   -76.01515713   -76.16494894
 4579    1.8500   60.0000   10.0000   -76.16506247   -76.01505430   -76.16480642
 4580    1.8500   60.0000   12.0000   -76.16504842   -76.01503825   -76.16479186
 4581    1.8500   60.0000   14.0000   -76.16504446   -76.01503351   -76.16478745
 4582    1.8500   60.0000   16.0000   -76.16504310   -76.01503192   -76.16478596
    0    0.0000    0.0000    0.0000     0.00000000     0.00000000     0.00000000
 4583    1.8500   70.0000    1.2000   -76.07250119   -75.63257366   -75.77710765
 4584    1.8500   70.0000    1.3000   -76.17229488   -75.73350030   -75.87920160
 4585    1.8500   70.0000    1.4000   -76.23864556   -75.80164448   -75.94827532
 4586    1.8500   70.0000    1.5000   -76.28159887   -75.84721633   -75.99447305
 4587    1.8500   70.0000    1.6000   -76.30811485   -75.87778438   -76.02487636
 4588    1.8500   70.0000    1.7000   -76.32306158   -75.90043697   -76.04453414
 4589    1.8500   70.0000    1.7500   -76.32729559   -75.90981624   -76.05152736
 4590    1.8500   70.0000    1.8000   -76.32983212   -75.91790354   -76.05714044
 4591    1.8500   70.0000    1.8500   -76.33094899   -75.92482342   -76.06169638
 4592    1.8500   70.0000    1.9000   -76.33088222   -75.93075112   -76.06547823
 4593    1.8500   70.0000    2.0000   -76.32796114   -75.94029446   -76.07167410
 4594    1.8500   70.0000    2.1500   -76.31878826   -75.95090705   -76.08011772
 4595    1.8500   70.0000    2.3000   -76.30631921   -75.95942516   -76.08942956
 4596    1.8500   70.0000    2.4000   -76.29708455   -75.96470048   -76.09611715
 4597    1.8500   70.0000    2.6000   -76.27793589   -75.97486969   -76.10944688
 4598    1.8500   70.0000    2.8000   -76.25927064   -75.98415742   -76.12136700
 4599    1.8500   70.0000    3.0000   -76.24206469   -75.99199995   -76.13126417
 4600    1.8500   70.0000    3.3000   -76.21999046   -76.00079870   -76.14249653
 4601    1.8500   70.0000    3.6000   -76.20279168   -76.00655525   -76.15026690
 4602    1.8500   70.0000    4.0000   -76.18686198   -76.01093624   -76.15687136
 4603    1.8500   70.0000    4.5000   -76.17550588   -76.01346475   -76.16134069
 4604    1.8500   70.0000    5.0000   -76.16996158   -76.01453695   -76.16347265
 4605    1.8500   70.0000    6.0000   -76.16619812   -76.01516366   -76.16480849
 4606    1.8500   70.0000    7.0000   -76.16538976   -76.01519568   -76.16496935
 4607    1.8500   70.0000    8.0000   -76.16519679   -76.01514631   -76.16494467
 4608    1.8500   70.0000   10.0000   -76.16506061   -76.01505229   -76.16480480
 4609    1.8500   70.0000   12.0000   -76.16504783   -76.01503773   -76.16479138
 4610    1.8500   70.0000   14.0000   -76.16504425   -76.01503334   -76.16478728
 4611    1.8500   70.0000   16.0000   -76.16504301   -76.01503185   -76.16478590
    0    0.0000    0.0000    0.0000     0.00000000     0.00000000     0.00000000
 4612    1.8500   80.0000    1.2000   -76.09568757   -75.66675706   -75.79510327
 4613    1.8500   80.0000    1.3000   -76.19482614   -75.76785044   -75.89704013
 4614    1.8500   80.0000    1.4000   -76.26037685   -75.83582437   -75.96572048
 4615    1.8500   80.0000    1.5000   -76.30241225   -75.88085703   -76.01132225
 4616    1.8500   80.0000    1.6000   -76.32792402   -75.91001313   -76.04085123
 4617    1.8500   80.0000    1.7000   -76.34178750   -75.92831057   -76.05942606
 4618    1.8500   80.0000    1.7500   -76.34547390   -75.93455697   -76.06580430
 4619    1.8500   80.0000    1.8000   -76.34745832   -75.93935605   -76.07075705
 4620    1.8500   80.0000    1.8500   -76.34802056   -75.94300598   -76.07461136
 4621    1.8500   80.0000    1.9000   -76.34739767   -75.94575933   -76.07765656
 4622    1.8500   80.0000    2.0000   -76.34337003   -75.94938952   -76.08231548
 4623    1.8500   80.0000    2.1500   -76.33257486   -75.95235426   -76.08852232
 4624    1.8500   80.0000    2.3000   -76.31855394   -75.95487859   -76.09597862
 4625    1.8500   80.0000    2.4000   -76.30833580   -75.95775449   -76.10166960
 4626    1.8500   80.0000    2.6000   -76.28736043   -75.96689638   -76.11347445
 4627    1.8500   80.0000    2.8000   -76.26706834   -75.97670051   -76.12431680
 4628    1.8500   80.0000    3.0000   -76.24843628   -75.98523427   -76.13343822
 4629    1.8500   80.0000    3.3000   -76.22457447   -75.99513277   -76.14388228
 4630    1.8500   80.0000    3.6000   -76.20596517   -76.00206316   -76.15115068
 4631    1.8500   80.0000    4.0000   -76.18866918   -76.00797590   -76.15734773
 4632    1.8500   80.0000    4.5000   -76.17629803   -76.01197033   -76.16154865
 4633    1.8500   80.0000    5.0000   -76.17026802   -76.01386627   -76.16355480
 4634    1.8500   80.0000    6.0000   -76.16622595   -76.01504377   -76.16481416
 4635    1.8500   80.0000    7.0000   -76.16538598   -76.01517458   -76.16496612
 4636    1.8500   80.0000    8.0000   -76.16519378   -76.01514376   -76.16494301
 4637    1.8500   80.0000   10.0000   -76.16505932   -76.01505110   -76.16480375
 4638    1.8500   80.0000   12.0000   -76.16504741   -76.01503741   -76.16479106
 4639    1.8500   80.0000   14.0000   -76.16504410   -76.01503323   -76.16478717
 4640    1.8500   80.0000   16.0000   -76.16504296   -76.01503180   -76.16478585
    0    0.0000    0.0000    0.0000     0.00000000     0.00000000     0.00000000
 4641    1.8500   90.0000    1.2000   -76.11097965   -75.69577155   -75.80660140
 4642    1.8500   90.0000    1.3000   -76.20952083   -75.79701900   -75.90834585
 4643    1.8500   90.0000    1.4000   -76.27439905   -75.86495051   -75.97666869
 4644    1.8500   90.0000    1.5000   -76.31570305   -75.90974318   -76.02173937
 4645    1.8500   90.0000    1.6000   -76.34042598   -75.93848648   -76.05066513
 4646    1.8500   90.0000    1.7000   -76.35347125   -75.95619715   -76.06851875
 4647    1.8500   90.0000    1.7500   -76.35674189   -75.96208396   -76.07449496
 4648    1.8500   90.0000    1.8000   -76.35830822   -75.96648039   -76.07901970
 4649    1.8500   90.0000    1.8500   -76.35845143   -75.96968769   -76.08242158
 4650    1.8500   90.0000    1.9000   -76.35740992   -75.97196500   -76.08499312
 4651    1.8500   90.0000    2.0000   -76.35254962   -75.97458735   -76.08865983
 4652    1.8500   90.0000    2.1500   -76.34051658   -75.97610393   -76.09346787
 4653    1.8500   90.0000    2.3000   -76.32534257   -75.97725131   -76.09968868
 4654    1.8500   90.0000    2.4000   -76.31440030   -75.97858411   -76.10472323
 4655    1.8500   90.0000    2.6000   -76.29210190   -75.98289810   -76.11555723
 4656    1.8500   90.0000    2.8000   -76.27066740   -75.98844701   -76.12576449
 4657    1.8500   90.0000    3.0000   -76.25107741   -75.99396387   -76.13446737
 4658    1.8500   90.0000    3.3000   -76.22611385   -76.00083968   -76.14452524
 4659    1.8500   90.0000    3.6000   -76.20676141   -76.00575966   -76.15156580
 4660    1.8500   90.0000    4.0000   -76.18891101   -76.00993036   -76.15758243
 4661    1.8500   90.0000    4.5000   -76.17628390   -76.01277061   -76.16166239
 4662    1.8500   90.0000    5.0000   -76.17020745   -76.01417463   -76.16360688
 4663    1.8500   90.0000    6.0000   -76.16619487   -76.01508810   -76.16482273
 4664    1.8500   90.0000    7.0000   -76.16537635   -76.01518141   -76.16496651
 4665    1.8500   90.0000    8.0000   -76.16519154   -76.01514596   -76.16494290
 4666    1.8500   90.0000   10.0000   -76.16505855   -76.01505053   -76.16480319
 4667    1.8500   90.0000   12.0000   -76.16504717   -76.01503724   -76.16479090
 4668    1.8500   90.0000   14.0000   -76.16504402   -76.01503317   -76.16478712
 4669    1.8500   90.0000   16.0000   -76.16504292   -76.01503178   -76.16478583
    0    0.0000    0.0000    0.0000     0.00000000     0.00000000     0.00000000
 4670    1.8500  100.0000    1.2000   -76.11942593   -75.71931359   -75.81245281
 4671    1.8500  100.0000    1.3000   -76.21745258   -75.82058653   -75.91403224
 4672    1.8500  100.0000    1.4000   -76.28176277   -75.88841365   -75.98210528
 4673    1.8500  100.0000    1.5000   -76.32245966   -75.93298015   -76.02685305
 4674    1.8500  100.0000    1.6000   -76.34654883   -75.96138355   -76.05539347
 4675    1.8500  100.0000    1.7000   -76.35894482   -75.97865049   -76.07280966
 4676    1.8500  100.0000    1.7500   -76.36188833   -75.98428145   -76.07855103
 4677    1.8500  100.0000    1.8000   -76.36312758   -75.98840337   -76.08283234
 4678    1.8500  100.0000    1.8500   -76.36294507   -75.99132155   -76.08598379
 4679    1.8500  100.0000    1.9000   -76.36158021   -75.99330063   -76.08830066
 4680    1.8500  100.0000    2.0000   -76.35608612   -75.99532386   -76.09145072
 4681    1.8500  100.0000    2.1500   -76.34316419   -75.99606858   -76.09545044
 4682    1.8500  100.0000    2.3000   -76.32714529   -75.99667261   -76.10113433
 4683    1.8500  100.0000    2.4000   -76.31568683   -75.99762009   -76.10589068
 4684    1.8500  100.0000    2.6000   -76.29247585   -76.00085164   -76.11627012
 4685    1.8500  100.0000    2.8000   -76.27030922   -76.00484569   -76.12621637
 4686    1.8500  100.0000    3.0000   -76.25018200   -76.00851936   -76.13478306
 4687    1.8500  100.0000    3.3000   -76.22476899   -76.01248282   -76.14474672
 4688    1.8500  100.0000    3.6000   -76.20532630   -76.01451497   -76.15173799
 4689    1.8500  100.0000    4.0000   -76.18771344   -76.01526639   -76.15770795
 4690    1.8500  100.0000    4.5000   -76.17555080   -76.01519394   -76.16174177
 4691    1.8500  100.0000    5.0000   -76.16982846   -76.01516092   -76.16365243
 4692    1.8500  100.0000    6.0000   -76.16611373   -76.01523742   -76.16483440
 4693    1.8500  100.0000    7.0000   -76.16536114   -76.01520391   -76.16496847
 4694    1.8500  100.0000    8.0000   -76.16518963   -76.01515019   -76.16494346
 4695    1.8500  100.0000   10.0000   -76.16505823   -76.01505029   -76.16480301
 4696    1.8500  100.0000   12.0000   -76.16504710   -76.01503716   -76.16479085
 4697    1.8500  100.0000   14.0000   -76.16504400   -76.01503315   -76.16478711
 4698    1.8500  100.0000   16.0000   -76.16504291   -76.01503177   -76.16478582
    0    0.0000    0.0000    0.0000     0.00000000     0.00000000     0.00000000
 4699    1.8500  105.0000    1.2000   -76.12137947   -75.72916471   -75.81352448
 4700    1.8500  105.0000    1.3000   -76.21917963   -75.83042875   -75.91503723
 4701    1.8500  105.0000    1.4000   -76.28324173   -75.89820122   -75.98301778
 4702    1.8500  105.0000    1.5000   -76.32367568   -75.94267238   -76.02765410
 4703    1.8500  105.0000    1.6000   -76.34749279   -75.97094581   -76.05607112
 4704    1.8500  105.0000    1.7000   -76.35961264   -75.98805720   -76.07335947
 4705    1.8500  105.0000    1.7500   -76.36241805   -75.99360398   -76.07903788
 4706    1.8500  105.0000    1.8000   -76.36351995   -75.99764009   -76.08325837
 4707    1.8500  105.0000    1.8500   -76.36320162   -76.00047242   -76.08635125
 4708    1.8500  105.0000    1.9000   -76.36170228   -76.00237075   -76.08861739
 4709    1.8500  105.0000    2.0000   -76.35594713   -76.00425259   -76.09167827
 4710    1.8500  105.0000    2.1500   -76.34265856   -76.00487524   -76.09558610
 4711    1.8500  105.0000    2.3000   -76.32631178   -76.00547009   -76.10120196
 4712    1.8500  105.0000    2.4000   -76.31466033   -76.00643426   -76.10593327
 4713    1.8500  105.0000    2.6000   -76.29113352   -76.00956706   -76.11628923
 4714    1.8500  105.0000    2.8000   -76.26873895   -76.01317688   -76.12621879
 4715    1.8500  105.0000    3.0000   -76.24847986   -76.01627432   -76.13479250
 4716    1.8500  105.0000    3.3000   -76.22307070   -76.01911782   -76.14478341
 4717    1.8500  105.0000    3.6000   -76.20382333   -76.01979585   -76.15178913
 4718    1.8500  105.0000    4.0000   -76.18662202   -76.01868000   -76.15776048
 4719    1.8500  105.0000    4.5000   -76.17494841   -76.01680899   -76.16178188
 4720    1.8500  105.0000    5.0000   -76.16953795   -76.01582443   -76.16367758
 4721    1.8500  105.0000    6.0000   -76.16605756   -76.01533670   -76.16484116
 4722    1.8500  105.0000    7.0000   -76.16535167   -76.01521824   -76.16496964
 4723    1.8500  105.0000    8.0000   -76.16518869   -76.01515249   -76.16494379
 4724    1.8500  105.0000   10.0000   -76.16505820   -76.01505022   -76.16480300
 4725    1.8500  105.0000   12.0000   -76.16504712   -76.01503713   -76.16479086
 4726    1.8500  105.0000   14.0000   -76.16504401   -76.01503314   -76.16478711
 4727    1.8500  105.0000   16.0000   -76.16504292   -76.01503177   -76.16478583
    0    0.0000    0.0000    0.0000     0.00000000     0.00000000     0.00000000
 4728    1.8500  110.0000    1.2000   -76.12198726   -75.73782284   -75.81350963
 4729    1.8500  110.0000    1.3000   -76.21957968   -75.83907284   -75.91496720
 4730    1.8500  110.0000    1.4000   -76.28341411   -75.90679659   -75.98287540
 4731    1.8500  110.0000    1.5000   -76.32360725   -75.95119326   -76.02743003
 4732    1.8500  110.0000    1.6000   -76.34717589   -75.97936839   -76.05576462
 4733    1.8500  110.0000    1.7000   -76.35904477   -75.99637089   -76.07297952
 4734    1.8500  110.0000    1.7500   -76.36172517   -76.00186392   -76.07862798
 4735    1.8500  110.0000    1.8000   -76.36270312   -76.00584962   -76.08282503
 4736    1.8500  110.0000    1.8500   -76.36226219   -76.00863808   -76.08590447
 4737    1.8500  110.0000    1.9000   -76.36064287   -76.01049998   -76.08816182
 4738    1.8500  110.0000    2.0000   -76.35465543   -76.01234738   -76.09124193
 4739    1.8500  110.0000    2.1500   -76.34104512   -76.01303493   -76.09523643
 4740    1.8500  110.0000    2.3000   -76.32441656   -76.01379862   -76.10094285
 4741    1.8500  110.0000    2.4000   -76.31260310   -76.01487608   -76.10572184
 4742    1.8500  110.0000    2.6000   -76.28882487   -76.01808852   -76.11615663
 4743    1.8500  110.0000    2.8000   -76.26628691   -76.02151914   -76.12614212
 4744    1.8500  110.0000    3.0000   -76.24598433   -76.02415899   -76.13475425
 4745    1.8500  110.0000    3.3000   -76.22072034   -76.02601027   -76.14480463
 4746    1.8500  110.0000    3.6000   -76.20182717   -76.02539131   -76.15183790
 4747    1.8500  110.0000    4.0000   -76.18523171   -76.02238511   -76.15781727
 4748    1.8500  110.0000    4.5000   -76.17421001   -76.01859834   -76.16182665
 4749    1.8500  110.0000    5.0000   -76.16919138   -76.01656382   -76.16370577
 4750    1.8500  110.0000    6.0000   -76.16599298   -76.01544614   -76.16484843
 4751    1.8500  110.0000    7.0000   -76.16534115   -76.01523359   -76.16497083
 4752    1.8500  110.0000    8.0000   -76.16518771   -76.01515467   -76.16494407
 4753    1.8500  110.0000   10.0000   -76.16505825   -76.01505015   -76.16480303
 4754    1.8500  110.0000   12.0000   -76.16504717   -76.01503711   -76.16479088
 4755    1.8500  110.0000   14.0000   -76.16504403   -76.01503314   -76.16478713
 4756    1.8500  110.0000   16.0000   -76.16504293   -76.01503177   -76.16478583
    0    0.0000    0.0000    0.0000     0.00000000     0.00000000     0.00000000
 4757    1.8500  120.0000    1.2000   -76.11971593   -75.75187786   -75.81072155
 4758    1.8500  120.0000    1.3000   -76.21694172   -75.85310211   -75.91210175
 4759    1.8500  120.0000    1.4000   -76.28037132   -75.92075999   -75.97991965
 4760    1.8500  120.0000    1.5000   -76.32013428   -75.96506291   -76.02439003
 4761    1.8500  120.0000    1.6000   -76.34325962   -75.99314367   -76.05266936
 4762    1.8500  120.0000    1.7000   -76.35468213   -76.01007700   -76.06988458
 4763    1.8500  120.0000    1.7500   -76.35714102   -76.01555645   -76.07556378
 4764    1.8500  120.0000    1.8000   -76.35790003   -76.01955000   -76.07981839
 4765    1.8500  120.0000    1.8500   -76.35724370   -76.02237382   -76.08298350
 4766    1.8500  120.0000    1.9000   -76.35541371   -76.02430477   -76.08536079
 4767    1.8500  120.0000    2.0000   -76.34902229   -76.02641036   -76.08877788
 4768    1.8500  120.0000    2.1500   -76.33486168   -76.02778560   -76.09343651
 4769    1.8500  120.0000    2.3000   -76.31776588   -76.02940463   -76.09973590
 4770    1.8500  120.0000    2.4000   -76.30569473   -76.03098813   -76.10480654
 4771    1.8500  120.0000    2.6000   -76.28155556   -76.03479888   -76.11565073
 4772    1.8500  120.0000    2.8000   -76.25889601   -76.03821072   -76.12589110
 4773    1.8500  120.0000    3.0000   -76.23874439   -76.04026846   -76.13465895
 4774    1.8500  120.0000    3.3000   -76.21416940   -76.04030080   -76.14486477
 4775    1.8500  120.0000    3.6000   -76.19646219   -76.03713074   -76.15196922
 4776    1.8500  120.0000    4.0000   -76.18166244   -76.03026985   -76.15796118
 4777    1.8500  120.0000    4.5000   -76.17240045   -76.02247284   -76.16193611
 4778    1.8500  120.0000    5.0000   -76.16836864   -76.01817353   -76.16377285
 4779    1.8500  120.0000    6.0000   -76.16584553   -76.01568090   -76.16486456
 4780    1.8500  120.0000    7.0000   -76.16531786   -76.01526517   -76.16497321
 4781    1.8500  120.0000    8.0000   -76.16518556   -76.01515825   -76.16494430
 4782    1.8500  120.0000   10.0000   -76.16505854   -76.01504993   -76.16480313
 4783    1.8500  120.0000   12.0000   -76.16504735   -76.01503704   -76.16479096
 4784    1.8500  120.0000   14.0000   -76.16504410   -76.01503313   -76.16478716
 4785    1.8500  120.0000   16.0000   -76.16504295   -76.01503177   -76.16478585
    0    0.0000    0.0000    0.0000     0.00000000     0.00000000     0.00000000
 4786    1.8500  130.0000    1.2000   -76.11381201   -75.76213485   -75.80519059
 4787    1.8500  130.0000    1.3000   -76.21072355   -75.86335060   -75.90653005
 4788    1.8500  130.0000    1.4000   -76.27380072   -75.93099562   -75.97431892
 4789    1.8500  130.0000    1.5000   -76.31318497   -75.97530128   -76.01879513
 4790    1.8500  130.0000    1.6000   -76.33591646   -76.00342946   -76.04714552
 4791    1.8500  130.0000    1.7000   -76.34693984   -76.02049459   -76.06453269
 4792    1.8500  130.0000    1.7500   -76.34919992   -76.02608730   -76.07034952
 4793    1.8500  130.0000    1.8000   -76.34976202   -76.03023530   -76.07478276
 4794    1.8500  130.0000    1.8500   -76.34891170   -76.03326189   -76.07817359
 4795    1.8500  130.0000    1.9000   -76.34689159   -76.03545006   -76.08082537
 4796    1.8500  130.0000    2.0000   -76.34013475   -76.03824326   -76.08492670
 4797    1.8500  130.0000    2.1500   -76.32547501   -76.04099653   -76.09076891
 4798    1.8500  130.0000    2.3000   -76.30795692   -76.04406092   -76.09805359
 4799    1.8500  130.0000    2.4000   -76.29565818   -76.04646403   -76.10359831
 4800    1.8500  130.0000    2.6000   -76.27122692   -76.05136099   -76.11506967
 4801    1.8500  130.0000    2.8000   -76.24855530   -76.05510355   -76.12566429
 4802    1.8500  130.0000    3.0000   -76.22873697   -76.05680782   -76.13463930
 4803    1.8500  130.0000    3.3000   -76.20534920   -76.05512111   -76.14499543
 4804    1.8500  130.0000    3.6000   -76.18948571   -76.04925293   -76.15216816
 4805    1.8500  130.0000    4.0000   -76.17726644   -76.03833013   -76.15815266
 4806    1.8500  130.0000    4.5000   -76.17029367   -76.02643235   -76.16207200
 4807    1.8500  130.0000    5.0000   -76.16744426   -76.01982033   -76.16385308
 4808    1.8500  130.0000    6.0000   -76.16568640   -76.01591769   -76.16488329
 4809    1.8500  130.0000    7.0000   -76.16529338   -76.01529552   -76.16497571
 4810    1.8500  130.0000    8.0000   -76.16518315   -76.01516041   -76.16494395
 4811    1.8500  130.0000   10.0000   -76.16505896   -76.01504958   -76.16480322
 4812    1.8500  130.0000   12.0000   -76.16504760   -76.01503696   -76.16479104
 4813    1.8500  130.0000   14.0000   -76.16504420   -76.01503310   -76.16478720
 4814    1.8500  130.0000   16.0000   -76.16504299   -76.01503176   -76.16478586
    0    0.0000    0.0000    0.0000     0.00000000     0.00000000     0.00000000
 4815    1.8500  140.0000    1.2000   -76.10566598   -75.76932214   -75.79816991
 4816    1.8500  140.0000    1.3000   -76.20230379   -75.87054967   -75.89949180
 4817    1.8500  140.0000    1.4000   -76.26506851   -75.93823385   -75.96729691
 4818    1.8500  140.0000    1.5000   -76.30411148   -75.98263089   -76.01184735
 4819    1.8500  140.0000    1.6000   -76.32648133   -76.01093944   -76.04036544
 4820    1.8500  140.0000    1.7000   -76.33713030   -76.02832383   -76.05805972
 4821    1.8500  140.0000    1.7500   -76.33920058   -76.03414743   -76.06409781
 4822    1.8500  140.0000    1.8000   -76.33957227   -76.03858506   -76.06880549
 4823    1.8500  140.0000    1.8500   -76.33853176   -76.04196779   -76.07252830
 4824    1.8500  140.0000    1.9000   -76.33632240   -76.04458179   -76.07556814
 4825    1.8500  140.0000    2.0000   -76.32919239   -76.04842909   -76.08058512
 4826    1.8500  140.0000    2.1500   -76.31399767   -76.05308371   -76.08788248
 4827    1.8500  140.0000    2.3000   -76.29599504   -76.05800431   -76.09630999
 4828    1.8500  140.0000    2.4000   -76.28341314   -76.06145737   -76.10239763
 4829    1.8500  140.0000    2.6000   -76.25857054   -76.06784598   -76.11456473
 4830    1.8500  140.0000    2.8000   -76.23579778   -76.07226601   -76.12553278
 4831    1.8500  140.0000    3.0000   -76.21633618   -76.07383475   -76.13471393
 4832    1.8500  140.0000    3.3000   -76.19455349   -76.07041171   -76.14517491
 4833    1.8500  140.0000    3.6000   -76.18124731   -76.06145344   -76.15242237
 4834    1.8500  140.0000    4.0000   -76.17239547   -76.04612402   -76.15837700
 4835    1.8500  140.0000    4.5000   -76.16809394   -76.03017070   -76.16222399
 4836    1.8500  140.0000    5.0000   -76.16651044   -76.02136605   -76.16394124
 4837    1.8500  140.0000    6.0000   -76.16553126   -76.01613816   -76.16490456
 4838    1.8500  140.0000    7.0000   -76.16526997   -76.01532258   -76.16497838
 4839    1.8500  140.0000    8.0000   -76.16518070   -76.01516121   -76.16494314
 4840    1.8500  140.0000   10.0000   -76.16505942   -76.01504911   -76.16480326
 4841    1.8500  140.0000   12.0000   -76.16504787   -76.01503685   -76.16479113
 4842    1.8500  140.0000   14.0000   -76.16504430   -76.01503308   -76.16478724
 4843    1.8500  140.0000   16.0000   -76.16504302   -76.01503175   -76.16478588
    0    0.0000    0.0000    0.0000     0.00000000     0.00000000     0.00000000
 4844    1.8500  150.0000    1.2000   -76.09684165   -75.77416130   -75.79098009
 4845    1.8500  150.0000    1.3000   -76.19324270   -75.87541416   -75.89229588
 4846    1.8500  150.0000    1.4000   -76.25573165   -75.94317418   -75.96013942
 4847    1.8500  150.0000    1.5000   -76.29446699   -75.98772617   -76.00480343
 4848    1.8500  150.0000    1.6000   -76.31650237   -76.01631024   -76.03354614
 4849    1.8500  150.0000    1.7000   -76.32679405   -76.03414886   -76.05162391
 4850    1.8500  150.0000    1.7500   -76.32867836   -76.04028740   -76.05792840
 4851    1.8500  150.0000    1.8000   -76.32885989   -76.04510884   -76.06295804
 4852    1.8500  150.0000    1.8500   -76.32762548   -76.04894918   -76.06705883
 4853    1.8500  150.0000    1.9000   -76.32521845   -76.05209906   -76.07053351
 4854    1.8500  150.0000    2.0000   -76.31768350   -76.05721128   -76.07652484
 4855    1.8500  150.0000    2.1500   -76.30186413   -76.06401077   -76.08525688
 4856    1.8500  150.0000    2.3000   -76.28322541   -76.07098550   -76.09476560
 4857    1.8500  150.0000    2.4000   -76.27022653   -76.07563424   -76.10136238
 4858    1.8500  150.0000    2.6000   -76.24462745   -76.08390324   -76.11417321
 4859    1.8500  150.0000    2.8000   -76.22136415   -76.08947759   -76.12548220
 4860    1.8500  150.0000    3.0000   -76.20199602   -76.09128971   -76.13484724
 4861    1.8500  150.0000    3.3000   -76.18212141   -76.08605357   -76.14542151
 4862    1.8500  150.0000    3.6000   -76.17226832   -76.07333151   -76.15269233
 4863    1.8500  150.0000    4.0000   -76.16752025   -76.05319528   -76.15860423
 4864    1.8500  150.0000    4.5000   -76.16603010   -76.03342355   -76.16237457
 4865    1.8500  150.0000    5.0000   -76.16566102   -76.02269668   -76.16402839
 4866    1.8500  150.0000    6.0000   -76.16539452   -76.01632692   -76.16492639
 4867    1.8500  150.0000    7.0000   -76.16524980   -76.01534499   -76.16498112
 4868    1.8500  150.0000    8.0000   -76.16517857   -76.01516109   -76.16494219
 4869    1.8500  150.0000   10.0000   -76.16505984   -76.01504860   -76.16480324
 4870    1.8500  150.0000   12.0000   -76.16504812   -76.01503672   -76.16479119
 4871    1.8500  150.0000   14.0000   -76.16504440   -76.01503305   -76.16478728
 4872    1.8500  150.0000   16.0000   -76.16504306   -76.01503174   -76.16478589
    0    0.0000    0.0000    0.0000     0.00000000     0.00000000     0.00000000
 4873    1.8500  160.0000    1.2000   -76.08896173   -75.77724750   -75.78484862
 4874    1.8500  160.0000    1.3000   -76.18517127   -75.87852983   -75.88616060
 4875    1.8500  160.0000    1.4000   -76.24743237   -75.94637735   -75.95404818
 4876    1.8500  160.0000    1.5000   -76.28590773   -75.99110364   -75.99883049
 4877    1.8500  160.0000    1.6000   -76.30765260   -76.01998984   -76.02779965
 4878    1.8500  160.0000    1.7000   -76.31762381   -76.03831314   -76.04625105
 4879    1.8500  160.0000    1.7500   -76.31933687   -76.04478224   -76.05281007
 4880    1.8500  160.0000    1.8000   -76.31933988   -76.05000204   -76.05814350
 4881    1.8500  160.0000    1.8500   -76.31792052   -76.05431032   -76.06259483
 4882    1.8500  160.0000    1.9000   -76.31531971   -76.05799356   -76.06645788
 4883    1.8500  160.0000    2.0000   -76.30737236   -76.06433557   -76.07329036
 4884    1.8500  160.0000    2.1500   -76.29086505   -76.07316821   -76.08319197
 4885    1.8500  160.0000    2.3000   -76.27144609   -76.08213142   -76.09356315
 4886    1.8500  160.0000    2.4000   -76.25787222   -76.08801391   -76.10056414
 4887    1.8500  160.0000    2.6000   -76.23100488   -76.09852259   -76.11388749
 4888    1.8500  160.0000    2.8000   -76.20645462   -76.10598926   -76.12547203
 4889    1.8500  160.0000    3.0000   -76.18634026   -76.10888809   -76.13498664
 4890    1.8500  160.0000    3.3000   -76.16851638   -76.10176932   -76.14565564
 4891    1.8500  160.0000    3.6000   -76.16341570   -76.08414846   -76.15292984
 4892    1.8500  160.0000    4.0000   -76.16324463   -76.05898757   -76.15879948
 4893    1.8500  160.0000    4.5000   -76.16433640   -76.03595593   -76.16250299
 4894    1.8500  160.0000    5.0000   -76.16498258   -76.02371894   -76.16410289
 4895    1.8500  160.0000    6.0000   -76.16528819   -76.01647127   -76.16494557
 4896    1.8500  160.0000    7.0000   -76.16523455   -76.01536180   -76.16498367
 4897    1.8500  160.0000    8.0000   -76.16517705   -76.01516059   -76.16494140
 4898    1.8500  160.0000   10.0000   -76.16506017   -76.01504815   -76.16480321
 4899    1.8500  160.0000   12.0000   -76.16504832   -76.01503661   -76.16479124
 4900    1.8500  160.0000   14.0000   -76.16504447   -76.01503302   -76.16478730
 4901    1.8500  160.0000   16.0000   -76.16504309   -76.01503173   -76.16478590
    0    0.0000    0.0000    0.0000     0.00000000     0.00000000     0.00000000
 4902    1.8500  170.0000    1.2000   -76.08350806   -75.77897065   -75.78075227
 4903    1.8500  170.0000    1.3000   -76.17958974   -75.88027646   -75.88206049
 4904    1.8500  170.0000    1.4000   -76.24169621   -75.94819431   -75.94998214
 4905    1.8500  170.0000    1.5000   -76.27999195   -75.99305948   -75.99485421
 4906    1.8500  170.0000    1.6000   -76.30153151   -76.02218274   -76.02399091
 4907    1.8500  170.0000    1.7000   -76.31127023   -76.04088337   -76.04271538
 4908    1.8500  170.0000    1.7500   -76.31285644   -76.04760737   -76.04945743
 4909    1.8500  170.0000    1.8000   -76.31272503   -76.05313096   -76.05500545
 4910    1.8500  170.0000    1.8500   -76.31116318   -76.05779282   -76.05970084
 4911    1.8500  170.0000    1.9000   -76.30841112   -76.06187542   -76.06382989
 4912    1.8500  170.0000    2.0000   -76.30013199   -76.06912460   -76.07121947
 4913    1.8500  170.0000    2.1500   -76.28303745   -76.07945799   -76.08187178
 4914    1.8500  170.0000    2.3000   -76.26288794   -76.08995797   -76.09279180
 4915    1.8500  170.0000    2.4000   -76.24872078   -76.09687431   -76.10005056
 4916    1.8500  170.0000    2.6000   -76.22030201   -76.10959662   -76.11370529
 4917    1.8500  170.0000    2.8000   -76.19351307   -76.11973802   -76.12547272
 4918    1.8500  170.0000    3.0000   -76.17064977   -76.12563425   -76.13508859
 4919    1.8500  170.0000    3.3000   -76.15471984   -76.11676999   -76.14582270
 4920    1.8500  170.0000    3.6000   -76.15626830   -76.09242585   -76.15308697
 4921    1.8500  170.0000    4.0000   -76.16026161   -76.06285754   -76.15893116
 4922    1.8500  170.0000    4.5000   -76.16322163   -76.03756781   -76.16258953
 4923    1.8500  170.0000    5.0000   -76.16454510   -76.02436202   -76.16415319
 4924    1.8500  170.0000    6.0000   -76.16522106   -76.01656181   -76.16495883
 4925    1.8500  170.0000    7.0000   -76.16522524   -76.01537229   -76.16498556
 4926    1.8500  170.0000    8.0000   -76.16517620   -76.01516013   -76.16494092
 4927    1.8500  170.0000   10.0000   -76.16506038   -76.01504784   -76.16480317
 4928    1.8500  170.0000   12.0000   -76.16504845   -76.01503653   -76.16479126
 4929    1.8500  170.0000   14.0000   -76.16504452   -76.01503300   -76.16478732
 4930    1.8500  170.0000   16.0000   -76.16504311   -76.01503173   -76.16478591
    0    0.0000    0.0000    0.0000     0.00000000     0.00000000     0.00000000
 4931    1.8500  179.9900    1.2000   -76.08155692   -75.77952617   -75.77931390
 4932    1.8500  179.9900    1.3000   -76.17759331   -75.88084124   -75.88062126
 4933    1.8500  179.9900    1.4000   -76.23964458   -75.94878619   -75.94855580
 4934    1.8500  179.9900    1.5000   -76.27787557   -75.99370442   -75.99346127
 4935    1.8500  179.9900    1.6000   -76.29934013   -76.02291812   -76.02266018
 4936    1.8500  179.9900    1.7000   -76.30899275   -76.04176192   -76.04148495
 4937    1.8500  179.9900    1.7500   -76.31053138   -76.04858188   -76.04829336
 4938    1.8500  179.9900    1.8000   -76.31034905   -76.05421942   -76.05391882
 4939    1.8500  179.9900    1.8500   -76.30873155   -76.05901278   -76.05870036
 4940    1.8500  179.9900    1.9000   -76.30592095   -76.06324431   -76.06292342
 4941    1.8500  179.9900    2.0000   -76.29751226   -76.07082972   -76.07050630
 4942    1.8500  179.9900    2.1500   -76.28017819   -76.08172457   -76.08141552
 4943    1.8500  179.9900    2.3000   -76.25971455   -76.09282183   -76.09252325
 4944    1.8500  179.9900    2.4000   -76.24527664   -76.10016327   -76.09987079
 4945    1.8500  179.9900    2.6000   -76.21606234   -76.11392162   -76.11364110
 4946    1.8500  179.9900    2.8000   -76.18776282   -76.12573889   -76.12547347
 4947    1.8500  179.9900    3.0000   -76.16127832   -76.13537632   -76.13512582
 4948    1.8500  179.9900    3.3000   -76.14611789   -76.12579422   -76.14588507
 4949    1.8500  179.9900    3.6000   -76.15340626   -76.09572032   -76.15318918
 4950    1.8500  179.9900    4.0000   -76.15918262   -76.06422814   -76.15897760
 4951    1.8500  179.9900    4.5000   -76.16283237   -76.03812162   -76.16262009
 4952    1.8500  179.9900    5.0000   -76.16439403   -76.02458145   -76.16417096
 4953    1.8500  179.9900    6.0000   -76.16519816   -76.01659268   -76.16496358
 4954    1.8500  179.9900    7.0000   -76.16514604   -76.01532708   -76.16488867
 4955    1.8500  179.9900    8.0000   -76.16510302   -76.01511372   -76.16484552
 4956    1.8500  179.9900   10.0000   -76.16506046   -76.01504773   -76.16480316
 4957    1.8500  179.9900   12.0000   -76.16504850   -76.01503650   -76.16479127
 4958    1.8500  179.9900   14.0000   -76.16504453   -76.01503299   -76.16478733
 4959    1.8500  179.9900   16.0000   -76.16504312   -76.01503173   -76.16478592
    0    0.0000    0.0000    0.0000     0.00000000     0.00000000     0.00000000
 4960    1.9000    0.0100    1.2000   -75.56739478   -75.32036778   -75.32014417
 4961    1.9000    0.0100    1.3000   -40.00000000   -40.00000000   -40.00000000
 4962    1.9000    0.0100    1.4000   -40.00000000   -40.00000000   -40.00000000
 4963    1.9000    0.0100    1.5000   -40.00000000   -40.00000000   -40.00000000
 4964    1.9000    0.0100    1.6000   -40.00000000   -40.00000000   -40.00000000
 4965    1.9000    0.0100    1.7000   -40.00000000   -40.00000000   -40.00000000
 4966    1.9000    0.0100    1.7500   -40.00000000   -40.00000000   -40.00000000
 4967    1.9000    0.0100    1.8000   -40.00000000   -40.00000000   -40.00000000
 4968    1.9000    0.0100    1.8500   -40.00000000   -40.00000000   -40.00000000
 4969    1.9000    0.0100    1.9000   -40.00000000   -40.00000000   -40.00000000
 4970    1.9000    0.0100    2.0000   -40.00000000   -40.00000000   -40.00000000
 4971    1.9000    0.0100    2.1500   -40.00000000   -40.00000000   -40.00000000
 4972    1.9000    0.0100    2.3000   -40.00000000   -40.00000000   -40.00000000
 4973    1.9000    0.0100    2.4000   -40.00000000   -40.00000000   -40.00000000
 4974    1.9000    0.0100    2.6000   -75.83760733   -75.72903860   -75.72871967
 4975    1.9000    0.0100    2.8000   -76.00565532   -75.92162402   -75.92130935
 4976    1.9000    0.0100    3.0000   -76.07861555   -76.01844561   -76.01813811
 4977    1.9000    0.0100    3.3000   -76.11337796   -76.08818189   -76.08788847
 4978    1.9000    0.0100    3.6000   -76.12045086   -76.11211232   -76.12015533
 4979    1.9000    0.0100    4.0000   -76.14173990   -76.09292217   -76.14148027
 4980    1.9000    0.0100    4.5000   -76.15447632   -76.06544289   -76.15424382
 4981    1.9000    0.0100    5.0000   -76.16033154   -76.04382930   -76.16009765
 4982    1.9000    0.0100    6.0000   -76.16390253   -76.02251535   -76.16364854
 4983    1.9000    0.0100    7.0000   -76.16433193   -76.01727577   -76.16407669
 4984    1.9000    0.0100    8.0000   -76.16426905   -76.01619079   -76.16401337
 4985    1.9000    0.0100   10.0000   -76.16416254   -76.01587878   -76.16390680
 4986    1.9000    0.0100   12.0000   -76.16413695   -76.01584485   -76.16388140
 4987    1.9000    0.0100   14.0000   -76.16413015   -76.01583700   -76.16387467
 4988    1.9000    0.0100   16.0000   -76.16412786   -76.01583443   -76.16387240
    0    0.0000    0.0000    0.0000     0.00000000     0.00000000     0.00000000
 4989    1.9000   10.0000    1.2000   -75.62913778   -75.37581400   -75.38105855
 4990    1.9000   10.0000    1.3000   -40.00000000   -40.00000000   -40.00000000
 4991    1.9000   10.0000    1.4000   -40.00000000   -40.00000000   -40.00000000
 4992    1.9000   10.0000    1.5000   -40.00000000   -40.00000000   -40.00000000
 4993    1.9000   10.0000    1.6000   -40.00000000   -40.00000000   -40.00000000
 4994    1.9000   10.0000    1.7000   -40.00000000   -40.00000000   -40.00000000
 4995    1.9000   10.0000    1.7500   -40.00000000   -40.00000000   -40.00000000
 4996    1.9000   10.0000    1.8000   -40.00000000   -40.00000000   -40.00000000
 4997    1.9000   10.0000    1.8500   -40.00000000   -40.00000000   -40.00000000
 4998    1.9000   10.0000    1.9000   -40.00000000   -40.00000000   -40.00000000
 4999    1.9000   10.0000    2.0000   -40.00000000   -40.00000000   -40.00000000
 5000    1.9000   10.0000    2.1500   -40.00000000   -40.00000000   -40.00000000
 5001    1.9000   10.0000    2.3000   -40.00000000   -40.00000000   -40.00000000
 5002    1.9000   10.0000    2.4000   -40.00000000   -40.00000000   -40.00000000
 5003    1.9000   10.0000    2.6000   -75.94715425   -75.83282367   -75.83507355
 5004    1.9000   10.0000    2.8000   -76.05248019   -75.96296631   -75.96570304
 5005    1.9000   10.0000    3.0000   -76.10125904   -76.03488498   -76.03847947
 5006    1.9000   10.0000    3.3000   -76.12514739   -76.08825641   -76.09509255
 5007    1.9000   10.0000    3.6000   -76.13217387   -76.10341347   -76.12316234
 5008    1.9000   10.0000    4.0000   -76.14523114   -76.08895776   -76.14265760
 5009    1.9000   10.0000    4.5000   -76.15571432   -76.06293907   -76.15468099
 5010    1.9000   10.0000    5.0000   -76.16082742   -76.04227590   -76.16025873
 5011    1.9000   10.0000    6.0000   -76.16397773   -76.02209076   -76.16365934
 5012    1.9000   10.0000    7.0000   -76.16433788   -76.01718850   -76.16407088
 5013    1.9000   10.0000    8.0000   -76.16426687   -76.01617259   -76.16400937
 5014    1.9000   10.0000   10.0000   -76.16416163   -76.01587742   -76.16390596
 5015    1.9000   10.0000   12.0000   -76.16413675   -76.01584463   -76.16388123
 5016    1.9000   10.0000   14.0000   -76.16413008   -76.01583692   -76.16387461
 5017    1.9000   10.0000   16.0000   -76.16412783   -76.01583439   -76.16387237
    0    0.0000    0.0000    0.0000     0.00000000     0.00000000     0.00000000
 5018    1.9000   20.0000    1.2000   -75.75214019   -75.47984899   -75.50101879
 5019    1.9000   20.0000    1.3000   -75.80785079   -75.53307717   -75.55181196
 5020    1.9000   20.0000    1.4000   -75.82523049   -75.55007501   -75.56669149
 5021    1.9000   20.0000    1.5000   -75.81892075   -75.54593242   -75.56072465
 5022    1.9000   20.0000    1.6000   -40.00000000   -40.00000000   -40.00000000
 5023    1.9000   20.0000    1.7000   -40.00000000   -40.00000000   -40.00000000
 5024    1.9000   20.0000    1.7500   -40.00000000   -40.00000000   -40.00000000
 5025    1.9000   20.0000    1.8000   -40.00000000   -40.00000000   -40.00000000
 5026    1.9000   20.0000    1.8500   -40.00000000   -40.00000000   -40.00000000
 5027    1.9000   20.0000    1.9000   -40.00000000   -40.00000000   -40.00000000
 5028    1.9000   20.0000    2.0000   -40.00000000   -40.00000000   -40.00000000
 5029    1.9000   20.0000    2.1500   -75.92289630   -75.72657530   -75.73607855
 5030    1.9000   20.0000    2.3000   -75.99482238   -75.82172744   -75.83132281
 5031    1.9000   20.0000    2.4000   -76.03557576   -75.87733896   -75.88720250
 5032    1.9000   20.0000    2.6000   -76.09472600   -75.96422084   -75.97511319
 5033    1.9000   20.0000    2.8000   -76.12768796   -76.02195627   -76.03463655
 5034    1.9000   20.0000    3.0000   -76.14268066   -76.05823012   -76.07377403
 5035    1.9000   20.0000    3.3000   -76.14800399   -76.08587431   -76.10927933
 5036    1.9000   20.0000    3.6000   -76.14879975   -76.09124021   -76.12970257
 5037    1.9000   20.0000    4.0000   -76.15322601   -76.07862597   -76.14545317
 5038    1.9000   20.0000    4.5000   -76.15889562   -76.05604632   -76.15577059
 5039    1.9000   20.0000    5.0000   -76.16213967   -76.03804669   -76.16066806
 5040    1.9000   20.0000    6.0000   -76.16417934   -76.02096934   -76.16368538
 5041    1.9000   20.0000    7.0000   -76.16435375   -76.01696011   -76.16405474
 5042    1.9000   20.0000    8.0000   -76.16426106   -76.01612489   -76.16399858
 5043    1.9000   20.0000   10.0000   -76.16415924   -76.01587384   -76.16390376
 5044    1.9000   20.0000   12.0000   -76.16413617   -76.01584399   -76.16388078
 5045    1.9000   20.0000   14.0000   -76.16412989   -76.01583671   -76.16387444
 5046    1.9000   20.0000   16.0000   -76.16412776   -76.01583431   -76.16387231
    0    0.0000    0.0000    0.0000     0.00000000     0.00000000     0.00000000
 5047    1.9000   30.0000    1.2000   -75.86177882   -75.55899467   -75.60488679
 5048    1.9000   30.0000    1.3000   -75.94902296   -75.64780202   -75.68938212
 5049    1.9000   30.0000    1.4000   -76.00471301   -75.70635792   -75.74408055
 5050    1.9000   30.0000    1.5000   -76.04042102   -75.74651550   -75.78083467
 5051    1.9000   30.0000    1.6000   -76.06439589   -75.77677112   -75.80813969
 5052    1.9000   30.0000    1.7000   -76.08224605   -75.80289938   -75.83178126
 5053    1.9000   30.0000    1.7500   -76.09001652   -75.81557218   -75.84339104
 5054    1.9000   30.0000    1.8000   -76.09739407   -75.82833625   -75.85521775
 5055    1.9000   30.0000    1.8500   -76.10454164   -75.84131719   -75.86738636
 5056    1.9000   30.0000    1.9000   -76.11147522   -75.85461879   -75.87999831
 5057    1.9000   30.0000    2.0000   -76.12509870   -75.88164863   -75.90605615
 5058    1.9000   30.0000    2.1500   -76.14377024   -75.92241218   -75.94623403
 5059    1.9000   30.0000    2.3000   -76.15894840   -75.96032940   -75.98452586
 5060    1.9000   30.0000    2.4000   -76.16663257   -75.98277625   -76.00761568
 5061    1.9000   30.0000    2.6000   -76.17587450   -76.01963293   -76.04668400
 5062    1.9000   30.0000    2.8000   -76.17816762   -76.04593836   -76.07642540
 5063    1.9000   30.0000    3.0000   -76.17590394   -76.06314759   -76.09846551
 5064    1.9000   30.0000    3.3000   -76.16938142   -76.07542989   -76.12128382
 5065    1.9000   30.0000    3.6000   -76.16431323   -76.07544234   -76.13616279
 5066    1.9000   30.0000    4.0000   -76.16222099   -76.06437750   -76.14859806
 5067    1.9000   30.0000    4.5000   -76.16293389   -76.04636070   -76.15708707
 5068    1.9000   30.0000    5.0000   -76.16387154   -76.03225916   -76.16117522
 5069    1.9000   30.0000    6.0000   -76.16444886   -76.01951863   -76.16371472
 5070    1.9000   30.0000    7.0000   -76.16437458   -76.01666909   -76.16403215
 5071    1.9000   30.0000    8.0000   -76.16425323   -76.01606377   -76.16398387
 5072    1.9000   30.0000   10.0000   -76.16415607   -76.01586908   -76.16390086
 5073    1.9000   30.0000   12.0000   -76.16413535   -76.01584308   -76.16388011
 5074    1.9000   30.0000   14.0000   -76.16412961   -76.01583640   -76.16387421
 5075    1.9000   30.0000   16.0000   -76.16412765   -76.01583419   -76.16387221
    0    0.0000    0.0000    0.0000     0.00000000     0.00000000     0.00000000
 5076    1.9000   45.0000    1.2000   -75.97305234   -75.61105096   -75.70401094
 5077    1.9000   45.0000    1.3000   -76.07251024   -75.71633644   -75.80318922
 5078    1.9000   45.0000    1.4000   -76.13959953   -75.78991166   -75.87102205
 5079    1.9000   45.0000    1.5000   -76.18442162   -75.84196829   -75.91777428
 5080    1.9000   45.0000    1.6000   -76.21388315   -75.87952467   -75.95052469
 5081    1.9000   45.0000    1.7000   -76.23271047   -75.90742105   -75.97419058
 5082    1.9000   45.0000    1.7500   -76.23919046   -75.91883289   -75.98373321
 5083    1.9000   45.0000    1.8000   -76.24413435   -75.92898498   -75.99220020
 5084    1.9000   45.0000    1.8500   -76.24778911   -75.93812766   -75.99985802
 5085    1.9000   45.0000    1.9000   -76.25035849   -75.94646259   -76.00692392
 5086    1.9000   45.0000    2.0000   -76.25288880   -75.96131697   -76.01993420
 5087    1.9000   45.0000    2.1500   -76.25194318   -75.98048479   -76.03811109
 5088    1.9000   45.0000    2.3000   -76.24727763   -75.99699045   -76.05548978
 5089    1.9000   45.0000    2.4000   -76.24284299   -76.00668386   -76.06653973
 5090    1.9000   45.0000    2.6000   -76.23215054   -76.02286582   -76.08667403
 5091    1.9000   45.0000    2.8000   -76.22047014   -76.03472814   -76.10359801
 5092    1.9000   45.0000    3.0000   -76.20905518   -76.04253220   -76.11729058
 5093    1.9000   45.0000    3.3000   -76.19418816   -76.04775588   -76.13268155
 5094    1.9000   45.0000    3.6000   -76.18314598   -76.04705009   -76.14334642
 5095    1.9000   45.0000    4.0000   -76.17407623   -76.04069887   -76.15249355
 5096    1.9000   45.0000    4.5000   -76.16870411   -76.03084803   -76.15880955
 5097    1.9000   45.0000    5.0000   -76.16642496   -76.02353170   -76.16185035
 5098    1.9000   45.0000    6.0000   -76.16486321   -76.01756476   -76.16376835
 5099    1.9000   45.0000    7.0000   -76.16440331   -76.01627721   -76.16399702
 5100    1.9000   45.0000    8.0000   -76.16424047   -76.01597976   -76.16396098
 5101    1.9000   45.0000   10.0000   -76.16415115   -76.01586204   -76.16389640
 5102    1.9000   45.0000   12.0000   -76.16413396   -76.01584159   -76.16387896
 5103    1.9000   45.0000   14.0000   -76.16412912   -76.01583589   -76.16387379
 5104    1.9000   45.0000   16.0000   -76.16412746   -76.01583399   -76.16387205
    0    0.0000    0.0000    0.0000     0.00000000     0.00000000     0.00000000
 5105    1.9000   60.0000    1.2000   -76.04190570   -75.61972808   -75.76030677
 5106    1.9000   60.0000    1.3000   -76.14215428   -75.72653691   -75.86182223
 5107    1.9000   60.0000    1.4000   -76.20918588   -75.80122840   -75.93069639
 5108    1.9000   60.0000    1.5000   -76.25302988   -75.85353259   -75.97706705
 5109    1.9000   60.0000    1.6000   -76.28060767   -75.89024199   -76.00799150
 5110    1.9000   60.0000    1.7000   -76.29674347   -75.91615545   -76.02847914
 5111    1.9000   60.0000    1.7500   -76.30162212   -75.92617148   -76.03598633
 5112    1.9000   60.0000    1.8000   -76.30482580   -75.93468603   -76.04216806
 5113    1.9000   60.0000    1.8500   -76.30662627   -75.94197554   -76.04733646
 5114    1.9000   60.0000    1.9000   -76.30725325   -75.94827289   -76.05176206
 5115    1.9000   60.0000    2.0000   -76.30573427   -75.95864948   -76.05927902
 5116    1.9000   60.0000    2.1500   -76.29864631   -75.97070195   -76.06957199
 5117    1.9000   60.0000    2.3000   -76.28816927   -75.98054759   -76.08042056
 5118    1.9000   60.0000    2.4000   -76.28018693   -75.98642714   -76.08797897
 5119    1.9000   60.0000    2.6000   -76.26333934   -75.99687320   -76.10278706
 5120    1.9000   60.0000    2.8000   -76.24670502   -76.00541017   -76.11591562
 5121    1.9000   60.0000    3.0000   -76.23128900   -76.01188033   -76.12679466
 5122    1.9000   60.0000    3.3000   -76.21153577   -76.01797494   -76.13914866
 5123    1.9000   60.0000    3.6000   -76.19630789   -76.02061887   -76.14771782
 5124    1.9000   60.0000    4.0000   -76.18249670   -76.02080397   -76.15503332
 5125    1.9000   60.0000    4.5000   -76.17292199   -76.01907402   -76.16000933
 5126    1.9000   60.0000    5.0000   -76.16833256   -76.01757534   -76.16239204
 5127    1.9000   60.0000    6.0000   -76.16519168   -76.01637532   -76.16388565
 5128    1.9000   60.0000    7.0000   -76.16447568   -76.01606915   -76.16406497
 5129    1.9000   60.0000    8.0000   -76.16428844   -76.01595717   -76.16403624
 5130    1.9000   60.0000   10.0000   -76.16414706   -76.01585683   -76.16389276
 5131    1.9000   60.0000   12.0000   -76.16413272   -76.01584033   -76.16387792
 5132    1.9000   60.0000   14.0000   -76.16412868   -76.01583546   -76.16387342
 5133    1.9000   60.0000   16.0000   -76.16412728   -76.01583382   -76.16387190
    0    0.0000    0.0000    0.0000     0.00000000     0.00000000     0.00000000
 5134    1.9000   70.0000    1.2000   -76.07310185   -75.63943138   -75.78440869
 5135    1.9000   70.0000    1.3000   -76.17282079   -75.74007232   -75.88610093
 5136    1.9000   70.0000    1.4000   -76.23907580   -75.80795321   -75.95472684
 5137    1.9000   70.0000    1.5000   -76.28192163   -75.85339096   -76.00043122
 5138    1.9000   70.0000    1.6000   -76.30833097   -75.88428895   -76.03029159
 5139    1.9000   70.0000    1.7000   -76.32315764   -75.90709452   -76.04934847
 5140    1.9000   70.0000    1.7500   -76.32733541   -75.91626356   -76.05601599
 5141    1.9000   70.0000    1.8000   -76.32981768   -75.92409281   -76.06128504
 5142    1.9000   70.0000    1.8500   -76.33088222   -75.93075112   -76.06547823
 5143    1.9000   70.0000    1.9000   -76.33076467   -75.93642183   -76.06887990
 5144    1.9000   70.0000    2.0000   -76.32774929   -75.94548456   -76.07427756
 5145    1.9000   70.0000    2.1500   -76.31845133   -75.95544857   -76.08155324
 5146    1.9000   70.0000    2.3000   -76.30587489   -75.96339784   -76.08995812
 5147    1.9000   70.0000    2.4000   -76.29657775   -75.96833694   -76.09622976
 5148    1.9000   70.0000    2.6000   -76.27732440   -75.97793485   -76.10906186
 5149    1.9000   70.0000    2.8000   -76.25857718   -75.98678650   -76.12073467
 5150    1.9000   70.0000    3.0000   -76.24130613   -75.99430211   -76.13050027
 5151    1.9000   70.0000    3.3000   -76.21916118   -76.00273538   -76.14163364
 5152    1.9000   70.0000    3.6000   -76.20191774   -76.00820907   -76.14936063
 5153    1.9000   70.0000    4.0000   -76.18595926   -76.01228922   -76.15594538
 5154    1.9000   70.0000    4.5000   -76.17459479   -76.01455049   -76.16041356
 5155    1.9000   70.0000    5.0000   -76.16905135   -76.01546943   -76.16255098
 5156    1.9000   70.0000    6.0000   -76.16528826   -76.01598759   -76.16389427
 5157    1.9000   70.0000    7.0000   -76.16447812   -76.01599862   -76.16405660
 5158    1.9000   70.0000    8.0000   -76.16428399   -76.01594503   -76.16403177
 5159    1.9000   70.0000   10.0000   -76.16414509   -76.01585465   -76.16389106
 5160    1.9000   70.0000   12.0000   -76.16413210   -76.01583976   -76.16387742
 5161    1.9000   70.0000   14.0000   -76.16412845   -76.01583527   -76.16387324
 5162    1.9000   70.0000   16.0000   -76.16412719   -76.01583374   -76.16387183
    0    0.0000    0.0000    0.0000     0.00000000     0.00000000     0.00000000
 5163    1.9000   80.0000    1.2000   -76.09540143   -75.67212559   -75.80092672
 5164    1.9000   80.0000    1.3000   -76.19450585   -75.77292166   -75.90256330
 5165    1.9000   80.0000    1.4000   -76.25999391   -75.84053570   -75.97095626
 5166    1.9000   80.0000    1.5000   -76.30198790   -75.88520256   -76.01612186
 5167    1.9000   80.0000    1.6000   -76.32744175   -75.91395270   -76.04522609
 5168    1.9000   80.0000    1.7000   -76.34124709   -75.93180313   -76.06332117
 5169    1.9000   80.0000    1.7500   -76.34490511   -75.93781120   -76.06943491
 5170    1.9000   80.0000    1.8000   -76.34686197   -75.94236323   -76.07410461
 5171    1.9000   80.0000    1.8500   -76.34739767   -75.94575933   -76.07765656
 5172    1.9000   80.0000    1.9000   -76.34674941   -75.94825479   -76.08038069
 5173    1.9000   80.0000    2.0000   -76.34267498   -75.95137096   -76.08435234
 5174    1.9000   80.0000    2.1500   -76.33182012   -75.95362243   -76.08953322
 5175    1.9000   80.0000    2.3000   -76.31775129   -75.95573280   -76.09620512
 5176    1.9000   80.0000    2.4000   -76.30750779   -75.95879997   -76.10155292
 5177    1.9000   80.0000    2.6000   -76.28649450   -75.96829185   -76.11297138
 5178    1.9000   80.0000    2.8000   -76.26617889   -75.97808250   -76.12363440
 5179    1.9000   80.0000    3.0000   -76.24753445   -75.98653144   -76.13266333
 5180    1.9000   80.0000    3.3000   -76.22366423   -75.99630246   -76.14303644
 5181    1.9000   80.0000    3.6000   -76.20505478   -76.00312880   -76.15027009
 5182    1.9000   80.0000    4.0000   -76.18776205   -76.00893749   -76.15644569
 5183    1.9000   80.0000    4.5000   -76.17539373   -76.01284936   -76.16063763
 5184    1.9000   80.0000    5.0000   -76.16936340   -76.01470196   -76.16264219
 5185    1.9000   80.0000    6.0000   -76.16531707   -76.01584981   -76.16390186
 5186    1.9000   80.0000    7.0000   -76.16447417   -76.01597439   -76.16405355
 5187    1.9000   80.0000    8.0000   -76.16428077   -76.01594194   -76.16403006
 5188    1.9000   80.0000   10.0000   -76.16414373   -76.01585337   -76.16388995
 5189    1.9000   80.0000   12.0000   -76.16413166   -76.01583941   -76.16387708
 5190    1.9000   80.0000   14.0000   -76.16412830   -76.01583515   -76.16387312
 5191    1.9000   80.0000   16.0000   -76.16412713   -76.01583369   -76.16387178
    0    0.0000    0.0000    0.0000     0.00000000     0.00000000     0.00000000
 5192    1.9000   90.0000    1.2000   -76.11000469   -75.70007492   -75.81134542
 5193    1.9000   90.0000    1.3000   -76.20854978   -75.80109367   -75.91286310
 5194    1.9000   90.0000    1.4000   -76.27342193   -75.86876864   -75.98093009
 5195    1.9000   90.0000    1.5000   -76.31471384   -75.91327591   -76.02571223
 5196    1.9000   90.0000    1.6000   -76.33942173   -75.94170273   -76.05430932
 5197    1.9000   90.0000    1.7000   -76.35245123   -75.95906345   -76.07178336
 5198    1.9000   90.0000    1.7500   -76.35571425   -75.96476224   -76.07754649
 5199    1.9000   90.0000    1.8000   -76.35727336   -75.96896215   -76.08184055
 5200    1.9000   90.0000    1.8500   -76.35740992   -75.97196500   -76.08499312
 5201    1.9000   90.0000    1.9000   -76.35636226   -75.97403063   -76.08729625
 5202    1.9000   90.0000    2.0000   -76.35149099   -75.97621824   -76.09038266
 5203    1.9000   90.0000    2.1500   -76.33945470   -75.97709563   -76.09427723
 5204    1.9000   90.0000    2.3000   -76.32428115   -75.97770403   -76.09980099
 5205    1.9000   90.0000    2.4000   -76.31334301   -75.97878646   -76.10453202
 5206    1.9000   90.0000    2.6000   -76.29106006   -75.98289736   -76.11502824
 5207    1.9000   90.0000    2.8000   -76.26964745   -75.98849114   -76.12508008
 5208    1.9000   90.0000    3.0000   -76.25008196   -75.99411737   -76.13370193
 5209    1.9000   90.0000    3.3000   -76.22515374   -76.00115106   -76.14369501
 5210    1.9000   90.0000    3.6000   -76.20582967   -76.00620686   -76.15070091
 5211    1.9000   90.0000    4.0000   -76.18800183   -76.01052499   -76.15669291
 5212    1.9000   90.0000    4.5000   -76.17538345   -76.01348317   -76.16075930
 5213    1.9000   90.0000    5.0000   -76.16930569   -76.01494163   -76.16269862
 5214    1.9000   90.0000    6.0000   -76.16528637   -76.01588357   -76.16391138
 5215    1.9000   90.0000    7.0000   -76.16446441   -76.01597970   -76.16405406
 5216    1.9000   90.0000    8.0000   -76.16427840   -76.01594400   -76.16402996
 5217    1.9000   90.0000   10.0000   -76.16414292   -76.01585274   -76.16388937
 5218    1.9000   90.0000   12.0000   -76.16413140   -76.01583923   -76.16387690
 5219    1.9000   90.0000   14.0000   -76.16412821   -76.01583508   -76.16387306
 5220    1.9000   90.0000   16.0000   -76.16412709   -76.01583367   -76.16387175
    0    0.0000    0.0000    0.0000     0.00000000     0.00000000     0.00000000
 5221    1.9000  100.0000    1.2000   -76.11790698   -75.72286784   -75.81645351
 5222    1.9000  100.0000    1.3000   -76.21596816   -75.82397295   -75.91786991
 5223    1.9000  100.0000    1.4000   -76.28030543   -75.89160965   -75.98575611
 5224    1.9000  100.0000    1.5000   -76.32102492   -75.93596098   -76.03028838
 5225    1.9000  100.0000    1.6000   -76.34513438   -75.96412098   -76.05857700
 5226    1.9000  100.0000    1.7000   -76.35754989   -75.98111213   -76.07569396
 5227    1.9000  100.0000    1.7500   -76.36050323   -75.98659173   -76.08126364
 5228    1.9000  100.0000    1.8000   -76.36175249   -75.99055275   -76.08535611
 5229    1.9000  100.0000    1.8500   -76.36158021   -75.99330063   -76.08830066
 5230    1.9000  100.0000    1.9000   -76.36022596   -75.99509961   -76.09039157
 5231    1.9000  100.0000    2.0000   -76.35475420   -75.99674006   -76.09303749
 5232    1.9000  100.0000    2.1500   -76.34186922   -75.99688953   -76.09623837
 5233    1.9000  100.0000    2.3000   -76.32589073   -75.99697020   -76.10127355
 5234    1.9000  100.0000    2.4000   -76.31446038   -75.99765662   -76.10573614
 5235    1.9000  100.0000    2.6000   -76.29130814   -76.00059682   -76.11577897
 5236    1.9000  100.0000    2.8000   -76.26920095   -76.00450988   -76.12556407
 5237    1.9000  100.0000    3.0000   -76.24912817   -76.00820922   -76.13404333
 5238    1.9000  100.0000    3.3000   -76.22378140   -76.01229819   -76.14393451
 5239    1.9000  100.0000    3.6000   -76.20438599   -76.01451772   -76.15088588
 5240    1.9000  100.0000    4.0000   -76.18680661   -76.01555054   -76.15682654
 5241    1.9000  100.0000    4.5000   -76.17465427   -76.01575832   -76.16084319
 5242    1.9000  100.0000    5.0000   -76.16892883   -76.01586970   -76.16274650
 5243    1.9000  100.0000    6.0000   -76.16520540   -76.01602528   -76.16392352
 5244    1.9000  100.0000    7.0000   -76.16444912   -76.01600135   -76.16405612
 5245    1.9000  100.0000    8.0000   -76.16427647   -76.01594831   -76.16403055
 5246    1.9000  100.0000   10.0000   -76.16414256   -76.01585248   -76.16388915
 5247    1.9000  100.0000   12.0000   -76.16413132   -76.01583913   -76.16387684
 5248    1.9000  100.0000   14.0000   -76.16412818   -76.01583506   -76.16387305
 5249    1.9000  100.0000   16.0000   -76.16412708   -76.01583366   -76.16387174
    0    0.0000    0.0000    0.0000     0.00000000     0.00000000     0.00000000
 5250    1.9000  105.0000    1.2000   -76.11963192   -75.73245376   -75.81726805
 5251    1.9000  105.0000    1.3000   -76.21747973   -75.83357591   -75.91864448
 5252    1.9000  105.0000    1.4000   -76.28158309   -75.90118593   -75.98646712
 5253    1.9000  105.0000    1.5000   -76.32205444   -75.94547116   -76.03091863
 5254    1.9000  105.0000    1.6000   -76.34590688   -75.97353158   -76.05911622
 5255    1.9000  105.0000    1.7000   -76.35806138   -75.99039634   -76.07613882
 5256    1.9000  105.0000    1.7500   -76.36088408   -75.99580604   -76.08166274
 5257    1.9000  105.0000    1.8000   -76.36200336   -75.99969500   -76.08571187
 5258    1.9000  105.0000    1.8500   -76.36170228   -76.00237075   -76.08861739
 5259    1.9000  105.0000    1.9000   -76.36022090   -76.00409986   -76.09067188
 5260    1.9000  105.0000    2.0000   -76.35450185   -76.00561848   -76.09326243
 5261    1.9000  105.0000    2.1500   -76.34126954   -76.00566299   -76.09640922
 5262    1.9000  105.0000    2.3000   -76.32498071   -76.00573842   -76.10139230
 5263    1.9000  105.0000    2.4000   -76.31336817   -76.00643785   -76.10583034
 5264    1.9000  105.0000    2.6000   -76.28991832   -76.00925260   -76.11583807
 5265    1.9000  105.0000    2.8000   -76.26759693   -76.01274810   -76.12559483
 5266    1.9000  105.0000    3.0000   -76.24740536   -76.01583891   -76.13407286
 5267    1.9000  105.0000    3.3000   -76.22207642   -76.01877998   -76.14398308
 5268    1.9000  105.0000    3.6000   -76.20288342   -76.01964052   -76.15094436
 5269    1.9000  105.0000    4.0000   -76.18571846   -76.01883438   -76.15688311
 5270    1.9000  105.0000    4.5000   -76.17405428   -76.01730382   -76.16088529
 5271    1.9000  105.0000    5.0000   -76.16863939   -76.01650574   -76.16277260
 5272    1.9000  105.0000    6.0000   -76.16514931   -76.01612123   -76.16393044
 5273    1.9000  105.0000    7.0000   -76.16443961   -76.01601537   -76.16405732
 5274    1.9000  105.0000    8.0000   -76.16427551   -76.01595065   -76.16403090
 5275    1.9000  105.0000   10.0000   -76.16414252   -76.01585239   -76.16388914
 5276    1.9000  105.0000   12.0000   -76.16413133   -76.01583911   -76.16387684
 5277    1.9000  105.0000   14.0000   -76.16412819   -76.01583505   -76.16387305
 5278    1.9000  105.0000   16.0000   -76.16412709   -76.01583366   -76.16387175
    0    0.0000    0.0000    0.0000     0.00000000     0.00000000     0.00000000
 5279    1.9000  110.0000    1.2000   -76.12003494   -75.74091736   -75.81706788
 5280    1.9000  110.0000    1.3000   -76.21768679   -75.84204848   -75.91841258
 5281    1.9000  110.0000    1.4000   -76.28157532   -75.90963746   -75.98618838
 5282    1.9000  110.0000    1.5000   -76.32181891   -75.95387104   -76.03058529
 5283    1.9000  110.0000    1.6000   -76.34543638   -75.98185883   -76.05872889
 5284    1.9000  110.0000    1.7000   -76.35735338   -75.99864055   -76.07570769
 5285    1.9000  110.0000    1.7500   -76.36005778   -76.00400852   -76.08121757
 5286    1.9000  110.0000    1.8000   -76.36105975   -76.00785834   -76.08525831
 5287    1.9000  110.0000    1.8500   -76.36064287   -76.01049998   -76.08816182
 5288    1.9000  110.0000    1.9000   -76.35904770   -76.01220231   -76.09022548
 5289    1.9000  110.0000    2.0000   -76.35310878   -76.01370138   -76.09286226
 5290    1.9000  110.0000    2.1500   -76.33957225   -76.01382064   -76.09612646
 5291    1.9000  110.0000    2.3000   -76.32301769   -76.01406321   -76.10120906
 5292    1.9000  110.0000    2.4000   -76.31125292   -76.01486905   -76.10569041
 5293    1.9000  110.0000    2.6000   -76.28756879   -76.01773966   -76.11575886
 5294    1.9000  110.0000    2.8000   -76.26511813   -76.02102432   -76.12555470
 5295    1.9000  110.0000    3.0000   -76.24489449   -76.02363133   -76.13405993
 5296    1.9000  110.0000    3.3000   -76.21972345   -76.02555279   -76.14401884
 5297    1.9000  110.0000    3.6000   -76.20089061   -76.02510674   -76.15100238
 5298    1.9000  110.0000    4.0000   -76.18433285   -76.02242531   -76.15694446
 5299    1.9000  110.0000    4.5000   -76.17331866   -76.01902798   -76.16093218
 5300    1.9000  110.0000    5.0000   -76.16829398   -76.01721838   -76.16280176
 5301    1.9000  110.0000    6.0000   -76.16508481   -76.01622750   -76.16393787
 5302    1.9000  110.0000    7.0000   -76.16442907   -76.01603044   -76.16405855
 5303    1.9000  110.0000    8.0000   -76.16427453   -76.01595289   -76.16403121
 5304    1.9000  110.0000   10.0000   -76.16414257   -76.01585231   -76.16388915
 5305    1.9000  110.0000   12.0000   -76.16413138   -76.01583908   -76.16387686
 5306    1.9000  110.0000   14.0000   -76.16412821   -76.01583504   -76.16387306
 5307    1.9000  110.0000   16.0000   -76.16412709   -76.01583366   -76.16387175
    0    0.0000    0.0000    0.0000     0.00000000     0.00000000     0.00000000
 5308    1.9000  120.0000    1.2000   -76.11741071   -75.75479170   -75.81411015
 5309    1.9000  120.0000    1.3000   -76.21471553   -75.85593433   -75.91541515
 5310    1.9000  120.0000    1.4000   -76.27822017   -75.92349483   -75.98314231
 5311    1.9000  120.0000    1.5000   -76.31805581   -75.96767964   -76.02749962
 5312    1.9000  120.0000    1.6000   -76.34125260   -75.99561520   -76.05563470
 5313    1.9000  120.0000    1.7000   -76.35274609   -76.01236747   -76.07266261
 5314    1.9000  120.0000    1.7500   -76.35524038   -76.01773991   -76.07822625
 5315    1.9000  120.0000    1.8000   -76.35603472   -76.02161383   -76.08234725
 5316    1.9000  120.0000    1.8500   -76.35541371   -76.02430477   -76.08536079
 5317    1.9000  120.0000    1.9000   -76.35361884   -76.02608703   -76.08756426
 5318    1.9000  120.0000    2.0000   -76.34729770   -76.02785716   -76.09057689
 5319    1.9000  120.0000    2.1500   -76.33324186   -76.02866102   -76.09454082
 5320    1.9000  120.0000    2.3000   -76.31624866   -76.02973557   -76.10021529
 5321    1.9000  120.0000    2.4000   -76.30424399   -76.03102345   -76.10496914
 5322    1.9000  120.0000    2.6000   -76.28023140   -76.03443248   -76.11539495
 5323    1.9000  120.0000    2.8000   -76.25768709   -76.03763729   -76.12540090
 5324    1.9000  120.0000    3.0000   -76.23763573   -76.03961149   -76.13403035
 5325    1.9000  120.0000    3.3000   -76.21317780   -76.03966386   -76.14411641
 5326    1.9000  120.0000    3.6000   -76.19554035   -76.03664482   -76.15115514
 5327    1.9000  120.0000    4.0000   -76.18077672   -76.03012058   -76.15709968
 5328    1.9000  120.0000    4.5000   -76.17151546   -76.02278314   -76.16104666
 5329    1.9000  120.0000    5.0000   -76.16747358   -76.01877719   -76.16287106
 5330    1.9000  120.0000    6.0000   -76.16493754   -76.01645634   -76.16395443
 5331    1.9000  120.0000    7.0000   -76.16440579   -76.01606156   -76.16406106
 5332    1.9000  120.0000    8.0000   -76.16427232   -76.01595655   -76.16403146
 5333    1.9000  120.0000   10.0000   -76.16414284   -76.01585207   -76.16388923
 5334    1.9000  120.0000   12.0000   -76.16413156   -76.01583901   -76.16387693
 5335    1.9000  120.0000   14.0000   -76.16412828   -76.01583503   -76.16387309
 5336    1.9000  120.0000   16.0000   -76.16412712   -76.01583366   -76.16387177
    0    0.0000    0.0000    0.0000     0.00000000     0.00000000     0.00000000
 5337    1.9000  130.0000    1.2000   -76.11120657   -75.76513508   -75.80864941
 5338    1.9000  130.0000    1.3000   -76.20821183   -75.86629561   -75.90993956
 5339    1.9000  130.0000    1.4000   -76.27137998   -75.93387309   -75.97766892
 5340    1.9000  130.0000    1.5000   -76.31085377   -75.97809228   -76.02206575
 5341    1.9000  130.0000    1.6000   -76.33367424   -76.00610630   -76.05030636
 5342    1.9000  130.0000    1.7000   -76.34478654   -76.02301803   -76.06754035
 5343    1.9000  130.0000    1.7500   -76.34709108   -76.02851474   -76.07325792
 5344    1.9000  130.0000    1.8000   -76.34769757   -76.03255140   -76.07757322
 5345    1.9000  130.0000    1.8500   -76.34689159   -76.03545006   -76.08082537
 5346    1.9000  130.0000    1.9000   -76.34491554   -76.03749085   -76.08331403
 5347    1.9000  130.0000    2.0000   -76.33824688   -76.03993879   -76.08702351
 5348    1.9000  130.0000    2.1500   -76.32371797   -76.04208212   -76.09216948
 5349    1.9000  130.0000    2.3000   -76.30632765   -76.04454996   -76.09880193
 5350    1.9000  130.0000    2.4000   -76.29411178   -76.04661978   -76.10399972
 5351    1.9000  130.0000    2.6000   -76.26983897   -76.05103878   -76.11498713
 5352    1.9000  130.0000    2.8000   -76.24731242   -76.05450662   -76.12529356
 5353    1.9000  130.0000    3.0000   -76.22762005   -76.05607316   -76.13409202
 5354    1.9000  130.0000    3.3000   -76.20437424   -76.05435362   -76.14429293
 5355    1.9000  130.0000    3.6000   -76.18858795   -76.04861423   -76.15138137
 5356    1.9000  130.0000    4.0000   -76.17639761   -76.03803247   -76.15730495
 5357    1.9000  130.0000    4.5000   -76.16941539   -76.02664105   -76.16118860
 5358    1.9000  130.0000    5.0000   -76.16655132   -76.02037798   -76.16295393
 5359    1.9000  130.0000    6.0000   -76.16477859   -76.01668780   -76.16397374
 5360    1.9000  130.0000    7.0000   -76.16438133   -76.01609151   -76.16406371
 5361    1.9000  130.0000    8.0000   -76.16426990   -76.01595879   -76.16403115
 5362    1.9000  130.0000   10.0000   -76.16414325   -76.01585170   -76.16388931
 5363    1.9000  130.0000   12.0000   -76.16413180   -76.01583892   -76.16387702
 5364    1.9000  130.0000   14.0000   -76.16412837   -76.01583502   -76.16387314
 5365    1.9000  130.0000   16.0000   -76.16412716   -76.01583365   -76.16387179
    0    0.0000    0.0000    0.0000     0.00000000     0.00000000     0.00000000
 5366    1.9000  140.0000    1.2000   -76.10279256   -75.77264598   -75.80189093
 5367    1.9000  140.0000    1.3000   -76.19953424   -75.87383518   -75.90318074
 5368    1.9000  140.0000    1.4000   -76.26240110   -75.94147311   -75.97094564
 5369    1.9000  140.0000    1.5000   -76.30154557   -75.98580710   -76.01544105
 5370    1.9000  140.0000    1.6000   -76.32401696   -76.01402378   -76.04387523
 5371    1.9000  140.0000    1.7000   -76.33476784   -76.03127182   -76.06143884
 5372    1.9000  140.0000    1.7500   -76.33688918   -76.03700422   -76.06738640
 5373    1.9000  140.0000    1.8000   -76.33731190   -76.04133125   -76.07198194
 5374    1.9000  140.0000    1.8500   -76.33632240   -76.04458179   -76.07556814
 5375    1.9000  140.0000    1.9000   -76.33416381   -76.04703939   -76.07844344
 5376    1.9000  140.0000    2.0000   -76.32713557   -76.05050789   -76.08305416
 5377    1.9000  140.0000    2.1500   -76.31209237   -76.05447954   -76.08961596
 5378    1.9000  140.0000    2.3000   -76.29423928   -76.05872855   -76.09734251
 5379    1.9000  140.0000    2.4000   -76.28175562   -76.06180151   -76.10304714
 5380    1.9000  140.0000    2.6000   -76.25710456   -76.06762564   -76.11466123
 5381    1.9000  140.0000    2.8000   -76.23451230   -76.07169484   -76.12528647
 5382    1.9000  140.0000    3.0000   -76.21521097   -76.07306273   -76.13425230
 5383    1.9000  140.0000    3.3000   -76.19360427   -76.06954521   -76.14452255
 5384    1.9000  140.0000    3.6000   -76.18038211   -76.06069272   -76.15166492
 5385    1.9000  140.0000    4.0000   -76.17154561   -76.04571026   -76.15754436
 5386    1.9000  140.0000    4.5000   -76.16722181   -76.03029628   -76.16134717
 5387    1.9000  140.0000    5.0000   -76.16561908   -76.02188436   -76.16304491
 5388    1.9000  140.0000    6.0000   -76.16462348   -76.01690359   -76.16399559
 5389    1.9000  140.0000    7.0000   -76.16435793   -76.01611819   -76.16406653
 5390    1.9000  140.0000    8.0000   -76.16426747   -76.01595966   -76.16403038
 5391    1.9000  140.0000   10.0000   -76.16414370   -76.01585122   -76.16388933
 5392    1.9000  140.0000   12.0000   -76.16413207   -76.01583881   -76.16387709
 5393    1.9000  140.0000   14.0000   -76.16412848   -76.01583498   -76.16387318
 5394    1.9000  140.0000   16.0000   -76.16412719   -76.01583364   -76.16387180
    0    0.0000    0.0000    0.0000     0.00000000     0.00000000     0.00000000
 5395    1.9000  150.0000    1.2000   -76.09372491   -75.77797503   -75.79508156
 5396    1.9000  150.0000    1.3000   -76.19023561   -75.87919903   -75.89637265
 5397    1.9000  150.0000    1.4000   -76.25283312   -75.94692738   -75.96419039
 5398    1.9000  150.0000    1.5000   -76.29167694   -75.99143355   -76.00881589
 5399    1.9000  150.0000    1.6000   -76.31382121   -76.01994214   -76.03749166
 5400    1.9000  150.0000    1.7000   -76.32422241   -76.03765195   -76.05544823
 5401    1.9000  150.0000    1.7500   -76.32616164   -76.04369779   -76.06166259
 5402    1.9000  150.0000    1.8000   -76.32639805   -76.04840252   -76.06657685
 5403    1.9000  150.0000    1.8500   -76.32521845   -76.05209906   -76.07053351
 5404    1.9000  150.0000    1.9000   -76.32286726   -76.05507183   -76.07382760
 5405    1.9000  150.0000    2.0000   -76.31544112   -76.05975272   -76.07937426
 5406    1.9000  150.0000    2.1500   -76.29978654   -76.06577691   -76.08730621
 5407    1.9000  150.0000    2.3000   -76.28131305   -76.07199881   -76.09605606
 5408    1.9000  150.0000    2.4000   -76.26842475   -76.07622043   -76.10223426
 5409    1.9000  150.0000    2.6000   -76.24304836   -76.08384027   -76.11442954
 5410    1.9000  150.0000    2.8000   -76.22000760   -76.08898376   -76.12534779
 5411    1.9000  150.0000    3.0000   -76.20085018   -76.09051818   -76.13446343
 5412    1.9000  150.0000    3.3000   -76.18120916   -76.08510460   -76.14481476
 5413    1.9000  150.0000    3.6000   -76.17144430   -76.07246862   -76.15196218
 5414    1.9000  150.0000    4.0000   -76.16668963   -76.05269282   -76.15778600
 5415    1.9000  150.0000    4.5000   -76.16516297   -76.03348639   -76.16150400
 5416    1.9000  150.0000    5.0000   -76.16477059   -76.02318358   -76.16313467
 5417    1.9000  150.0000    6.0000   -76.16448659   -76.01708842   -76.16401785
 5418    1.9000  150.0000    7.0000   -76.16433774   -76.01614024   -76.16406937
 5419    1.9000  150.0000    8.0000   -76.16426538   -76.01595959   -76.16402948
 5420    1.9000  150.0000   10.0000   -76.16414412   -76.01585070   -76.16388930
 5421    1.9000  150.0000   12.0000   -76.16413232   -76.01583868   -76.16387715
 5422    1.9000  150.0000   14.0000   -76.16412857   -76.01583495   -76.16387321
 5423    1.9000  150.0000   16.0000   -76.16412723   -76.01583363   -76.16387182
    0    0.0000    0.0000    0.0000     0.00000000     0.00000000     0.00000000
 5424    1.9000  160.0000    1.2000   -76.08563625   -75.78159172   -75.78934543
 5425    1.9000  160.0000    1.3000   -76.18195756   -75.88285009   -75.89063530
 5426    1.9000  160.0000    1.4000   -76.24432957   -75.95067611   -75.95850553
 5427    1.9000  160.0000    1.5000   -76.28291599   -75.99536877   -76.00325904
 5428    1.9000  160.0000    1.6000   -76.30477240   -76.02418899   -76.03216788
 5429    1.9000  160.0000    1.7000   -76.31485553   -76.04238505   -76.05049846
 5430    1.9000  160.0000    1.7500   -76.31662459   -76.04875571   -76.05696128
 5431    1.9000  160.0000    1.8000   -76.31668342   -76.05384676   -76.06216725
 5432    1.9000  160.0000    1.8500   -76.31531971   -76.05799356   -76.06645788
 5433    1.9000  160.0000    1.9000   -76.31277449   -76.06147764   -76.07012063
 5434    1.9000  160.0000    2.0000   -76.30493840   -76.06733178   -76.07645969
 5435    1.9000  160.0000    2.1500   -76.28859874   -76.07530423   -76.08549319
 5436    1.9000  160.0000    2.3000   -76.26934917   -76.08344934   -76.09505347
 5437    1.9000  160.0000    2.4000   -76.25588997   -76.08887021   -76.10160679
 5438    1.9000  160.0000    2.6000   -76.22926088   -76.09866957   -76.11426636
 5439    1.9000  160.0000    2.8000   -76.20496997   -76.10564057   -76.12542405
 5440    1.9000  160.0000    3.0000   -76.18513903   -76.10816557   -76.13466352
 5441    1.9000  160.0000    3.3000   -76.16766189   -76.10073699   -76.14508463
 5442    1.9000  160.0000    3.6000   -76.16264204   -76.08319536   -76.15222111
 5443    1.9000  160.0000    4.0000   -76.16243141   -76.05842135   -76.15799315
 5444    1.9000  160.0000    4.5000   -76.16347280   -76.03597430   -76.16163758
 5445    1.9000  160.0000    5.0000   -76.16409256   -76.02418311   -76.16321127
 5446    1.9000  160.0000    6.0000   -76.16437996   -76.01722976   -76.16403725
 5447    1.9000  160.0000    7.0000   -76.16432244   -76.01615672   -76.16407194
 5448    1.9000  160.0000    8.0000   -76.16426390   -76.01595911   -76.16402874
 5449    1.9000  160.0000   10.0000   -76.16414445   -76.01585024   -76.16388926
 5450    1.9000  160.0000   12.0000   -76.16413252   -76.01583856   -76.16387719
 5451    1.9000  160.0000   14.0000   -76.16412864   -76.01583492   -76.16387324
 5452    1.9000  160.0000   16.0000   -76.16412726   -76.01583362   -76.16387183
    0    0.0000    0.0000    0.0000     0.00000000     0.00000000     0.00000000
 5453    1.9000  170.0000    1.2000   -76.08003665   -75.78372625   -75.78554319
 5454    1.9000  170.0000    1.3000   -76.17623030   -75.88501067   -75.88683153
 5455    1.9000  170.0000    1.4000   -76.23844780   -75.95291310   -75.95473992
 5456    1.9000  170.0000    1.5000   -76.27685348   -75.99775215   -75.99958763
 5457    1.9000  170.0000    1.6000   -76.29850418   -76.02681532   -76.02866627
 5458    1.9000  170.0000    1.7000   -76.30835382   -76.04538583   -76.04726341
 5459    1.9000  170.0000    1.7500   -76.30999522   -76.05200510   -76.05390144
 5460    1.9000  170.0000    1.8000   -76.30991863   -76.05739010   -76.05931118
 5461    1.9000  170.0000    1.8500   -76.30841112   -76.06187542   -76.06382989
 5462    1.9000  170.0000    1.9000   -76.30571311   -76.06574078   -76.06774044
 5463    1.9000  170.0000    2.0000   -76.29754172   -76.07246046   -76.07459670
 5464    1.9000  170.0000    2.1500   -76.28060855   -76.08187946   -76.08433135
 5465    1.9000  170.0000    2.3000   -76.26062020   -76.09152715   -76.09440540
 5466    1.9000  170.0000    2.4000   -76.24656061   -76.09796870   -76.10119815
 5467    1.9000  170.0000    2.6000   -76.21836222   -76.10997067   -76.11415967
 5468    1.9000  170.0000    2.8000   -76.19181832   -76.11960861   -76.12547845
 5469    1.9000  170.0000    3.0000   -76.16929145   -76.12506734   -76.13480360
 5470    1.9000  170.0000    3.3000   -76.15398196   -76.11560749   -76.14527460
 5471    1.9000  170.0000    3.6000   -76.15554864   -76.09139585   -76.15239162
 5472    1.9000  170.0000    4.0000   -76.15946109   -76.06225223   -76.15813271
 5473    1.9000  170.0000    4.5000   -76.16236011   -76.03755992   -76.16172754
 5474    1.9000  170.0000    5.0000   -76.16365517   -76.02481250   -76.16326293
 5475    1.9000  170.0000    6.0000   -76.16431256   -76.01731841   -76.16405059
 5476    1.9000  170.0000    7.0000   -76.16431306   -76.01616696   -76.16407383
 5477    1.9000  170.0000    8.0000   -76.16426307   -76.01595866   -76.16402829
 5478    1.9000  170.0000   10.0000   -76.16414466   -76.01584993   -76.16388922
 5479    1.9000  170.0000   12.0000   -76.16413265   -76.01583848   -76.16387722
 5480    1.9000  170.0000   14.0000   -76.16412869   -76.01583490   -76.16387325
 5481    1.9000  170.0000   16.0000   -76.16412728   -76.01583362   -76.16387184
    0    0.0000    0.0000    0.0000     0.00000000     0.00000000     0.00000000
 5482    1.9000  179.9900    1.2000   -76.07803060   -75.78443733   -75.78421395
 5483    1.9000  179.9900    1.3000   -76.17417886   -75.88573172   -75.88550171
 5484    1.9000  179.9900    1.4000   -76.23634100   -75.95366345   -75.95342428
 5485    1.9000  179.9900    1.5000   -76.27468265   -75.99855814   -75.99830678
 5486    1.9000  179.9900    1.6000   -76.29625773   -76.02771348   -76.02744757
 5487    1.9000  179.9900    1.7000   -76.30602026   -76.04642554   -76.04614151
 5488    1.9000  179.9900    1.7500   -76.30761343   -76.05313836   -76.05284269
 5489    1.9000  179.9900    1.8000   -76.30748510   -76.05863297   -76.05832461
 5490    1.9000  179.9900    1.8500   -76.30592095   -76.06324431   -76.06292342
 5491    1.9000  179.9900    1.9000   -76.30316438   -76.06725083   -76.06691985
 5492    1.9000  179.9900    2.0000   -76.29485974   -76.07429193   -76.07395386
 5493    1.9000  179.9900    2.1500   -76.27768230   -76.08425520   -76.08392766
 5494    1.9000  179.9900    2.3000   -76.25737297   -76.09449219   -76.09417767
 5495    1.9000  179.9900    2.4000   -76.24303606   -76.10135840   -76.10105331
 5496    1.9000  179.9900    2.6000   -76.21401962   -76.11440944   -76.11412075
 5497    1.9000  179.9900    2.8000   -76.18591305   -76.12576865   -76.12549733
 5498    1.9000  179.9900    3.0000   -76.15961877   -76.13510888   -76.13485391
 5499    1.9000  179.9900    3.3000   -76.14558165   -76.12442266   -76.14534566
 5500    1.9000  179.9900    3.6000   -76.15271792   -76.09465412   -76.15250295
 5501    1.9000  179.9900    4.0000   -76.15838686   -76.06360955   -76.15818192
 5502    1.9000  179.9900    4.5000   -76.16197155   -76.03810505   -76.16175929
 5503    1.9000  179.9900    5.0000   -76.16350411   -76.02502737   -76.16328116
 5504    1.9000  179.9900    6.0000   -76.16428956   -76.01734862   -76.16405535
 5505    1.9000  179.9900    7.0000   -76.16423155   -76.01612447   -76.16397611
 5506    1.9000  179.9900    8.0000   -76.16418781   -76.01591561   -76.16393214
 5507    1.9000  179.9900   10.0000   -76.16414473   -76.01584982   -76.16388920
 5508    1.9000  179.9900   12.0000   -76.16413269   -76.01583846   -76.16387723
 5509    1.9000  179.9900   14.0000   -76.16412871   -76.01583490   -76.16387326
 5510    1.9000  179.9900   16.0000   -76.16412728   -76.01583362   -76.16387184
    0    0.0000    0.0000    0.0000     0.00000000     0.00000000     0.00000000
 5511    2.0000    0.0100    1.2000   -75.66624189   -75.44759547   -75.44736216
 5512    2.0000    0.0100    1.3000   -75.66529343   -75.43707935   -75.43683340
 5513    2.0000    0.0100    1.4000   -40.00000000   -40.00000000   -40.00000000
 5514    2.0000    0.0100    1.5000   -40.00000000   -40.00000000   -40.00000000
 5515    2.0000    0.0100    1.6000   -40.00000000   -40.00000000   -40.00000000
 5516    2.0000    0.0100    1.7000   -40.00000000   -40.00000000   -40.00000000
 5517    2.0000    0.0100    1.7500   -40.00000000   -40.00000000   -40.00000000
 5518    2.0000    0.0100    1.8000   -40.00000000   -40.00000000   -40.00000000
 5519    2.0000    0.0100    1.8500   -40.00000000   -40.00000000   -40.00000000
 5520    2.0000    0.0100    1.9000   -40.00000000   -40.00000000   -40.00000000
 5521    2.0000    0.0100    2.0000   -40.00000000   -40.00000000   -40.00000000
 5522    2.0000    0.0100    2.1500   -40.00000000   -40.00000000   -40.00000000
 5523    2.0000    0.0100    2.3000   -40.00000000   -40.00000000   -40.00000000
 5524    2.0000    0.0100    2.4000   -40.00000000   -40.00000000   -40.00000000
 5525    2.0000    0.0100    2.6000   -40.00000000   -40.00000000   -40.00000000
 5526    2.0000    0.0100    2.8000   -75.94200162   -75.86001299   -75.85968372
 5527    2.0000    0.0100    3.0000   -76.05269992   -75.99048617   -75.99016134
 5528    2.0000    0.0100    3.3000   -76.11023599   -76.07784462   -76.07753379
 5529    2.0000    0.0100    3.6000   -76.11688118   -76.11447313   -76.11415400
 5530    2.0000    0.0100    4.0000   -76.13640650   -76.09989110   -76.13612507
 5531    2.0000    0.0100    4.5000   -76.14917924   -76.07134988   -76.14893409
 5532    2.0000    0.0100    5.0000   -76.15526380   -76.04765825   -76.15502449
 5533    2.0000    0.0100    6.0000   -76.15920729   -76.02295537   -76.15895414
 5534    2.0000    0.0100    7.0000   -76.15973178   -76.01650357   -76.15947926
 5535    2.0000    0.0100    8.0000   -76.15968164   -76.01515275   -76.15942816
 5536    2.0000    0.0100   10.0000   -76.15956755   -76.01476984   -76.15931362
 5537    2.0000    0.0100   12.0000   -76.15953941   -76.01473075   -76.15928562
 5538    2.0000    0.0100   14.0000   -76.15953201   -76.01472195   -76.15927830
 5539    2.0000    0.0100   16.0000   -76.15952954   -76.01471910   -76.15927585
    0    0.0000    0.0000    0.0000     0.00000000     0.00000000     0.00000000
 5540    2.0000   10.0000    1.2000   -75.70807799   -75.48177855   -75.48746584
 5541    2.0000   10.0000    1.3000   -75.73406685   -75.49999235   -75.50481909
 5542    2.0000   10.0000    1.4000   -40.00000000   -40.00000000   -40.00000000
 5543    2.0000   10.0000    1.5000   -40.00000000   -40.00000000   -40.00000000
 5544    2.0000   10.0000    1.6000   -40.00000000   -40.00000000   -40.00000000
 5545    2.0000   10.0000    1.7000   -40.00000000   -40.00000000   -40.00000000
 5546    2.0000   10.0000    1.7500   -40.00000000   -40.00000000   -40.00000000
 5547    2.0000   10.0000    1.8000   -40.00000000   -40.00000000   -40.00000000
 5548    2.0000   10.0000    1.8500   -40.00000000   -40.00000000   -40.00000000
 5549    2.0000   10.0000    1.9000   -40.00000000   -40.00000000   -40.00000000
 5550    2.0000   10.0000    2.0000   -40.00000000   -40.00000000   -40.00000000
 5551    2.0000   10.0000    2.1500   -40.00000000   -40.00000000   -40.00000000
 5552    2.0000   10.0000    2.3000   -40.00000000   -40.00000000   -40.00000000
 5553    2.0000   10.0000    2.4000   -40.00000000   -40.00000000   -40.00000000
 5554    2.0000   10.0000    2.6000   -75.87278570   -75.76391658   -75.76570253
 5555    2.0000   10.0000    2.8000   -76.01673378   -75.92900865   -75.93109920
 5556    2.0000   10.0000    3.0000   -76.08621011   -76.01844803   -76.02109153
 5557    2.0000   10.0000    3.3000   -76.12333551   -76.08303110   -76.08758005
 5558    2.0000   10.0000    3.6000   -76.13003505   -76.10569250   -76.11780291
 5559    2.0000   10.0000    4.0000   -76.14034098   -76.09547376   -76.13742327
 5560    2.0000   10.0000    4.5000   -76.15050548   -76.06849097   -76.14941677
 5561    2.0000   10.0000    5.0000   -76.15579882   -76.04581848   -76.15521390
 5562    2.0000   10.0000    6.0000   -76.15929068   -76.02241784   -76.15897119
 5563    2.0000   10.0000    7.0000   -76.15973867   -76.01639024   -76.15947375
 5564    2.0000   10.0000    8.0000   -76.15967897   -76.01512902   -76.15942350
 5565    2.0000   10.0000   10.0000   -76.15956647   -76.01476813   -76.15931261
 5566    2.0000   10.0000   12.0000   -76.15953916   -76.01473046   -76.15928542
 5567    2.0000   10.0000   14.0000   -76.15953194   -76.01472186   -76.15927823
 5568    2.0000   10.0000   16.0000   -76.15952952   -76.01471907   -76.15927583
    0    0.0000    0.0000    0.0000     0.00000000     0.00000000     0.00000000
 5569    2.0000   20.0000    1.2000   -75.79719462   -75.54868032   -75.57131832
 5570    2.0000   20.0000    1.3000   -75.86449691   -75.61243026   -75.63222062
 5571    2.0000   20.0000    1.4000   -75.89296260   -75.63933600   -75.65665431
 5572    2.0000   20.0000    1.5000   -75.89486802   -75.64217807   -75.65736850
 5573    2.0000   20.0000    1.6000   -75.88130283   -75.63245404   -75.64583601
 5574    2.0000   20.0000    1.7000   -75.86310249   -75.62119064   -75.63307068
 5575    2.0000   20.0000    1.7500   -40.00000000   -40.00000000   -40.00000000
 5576    2.0000   20.0000    1.8000   -40.00000000   -40.00000000   -40.00000000
 5577    2.0000   20.0000    1.8500   -40.00000000   -40.00000000   -40.00000000
 5578    2.0000   20.0000    1.9000   -40.00000000   -40.00000000   -40.00000000
 5579    2.0000   20.0000    2.0000   -40.00000000   -40.00000000   -40.00000000
 5580    2.0000   20.0000    2.1500   -75.91629653   -75.73123431   -75.73987474
 5581    2.0000   20.0000    2.3000   -75.97826727   -75.81428122   -75.82274505
 5582    2.0000   20.0000    2.4000   -76.01798241   -75.86741835   -75.87595550
 5583    2.0000   20.0000    2.6000   -76.08136220   -75.95576411   -75.96488283
 5584    2.0000   20.0000    2.8000   -76.12030699   -76.01713676   -76.02746119
 5585    2.0000   20.0000    3.0000   -76.13970764   -76.05636535   -76.06870755
 5586    2.0000   20.0000    3.3000   -76.14725531   -76.08701540   -76.10506993
 5587    2.0000   20.0000    3.6000   -76.14655084   -76.09525334   -76.12518136
 5588    2.0000   20.0000    4.0000   -76.14878634   -76.08426020   -76.14040037
 5589    2.0000   20.0000    4.5000   -76.15386527   -76.06064473   -76.15061323
 5590    2.0000   20.0000    5.0000   -76.15720611   -76.04082627   -76.15569604
 5591    2.0000   20.0000    6.0000   -76.15951317   -76.02100662   -76.15901340
 5592    2.0000   20.0000    7.0000   -76.15975663   -76.01609582   -76.15945821
 5593    2.0000   20.0000    8.0000   -76.15967189   -76.01506731   -76.15941105
 5594    2.0000   20.0000   10.0000   -76.15956363   -76.01476361   -76.15930996
 5595    2.0000   20.0000   12.0000   -76.15953849   -76.01472967   -76.15928487
 5596    2.0000   20.0000   14.0000   -76.15953172   -76.01472160   -76.15927804
 5597    2.0000   20.0000   16.0000   -76.15952944   -76.01471897   -76.15927575
    0    0.0000    0.0000    0.0000     0.00000000     0.00000000     0.00000000
 5598    2.0000   30.0000    1.2000   -75.88395894   -75.60141397   -75.64968202
 5599    2.0000   30.0000    1.3000   -75.97382833   -75.69222568   -75.73558928
 5600    2.0000   30.0000    1.4000   -76.03107258   -75.75156860   -75.79052811
 5601    2.0000   30.0000    1.5000   -76.06688304   -75.79094522   -75.82599989
 5602    2.0000   30.0000    1.6000   -76.08934690   -75.81870532   -75.85034828
 5603    2.0000   30.0000    1.7000   -76.10422191   -75.84077734   -75.86950150
 5604    2.0000   30.0000    1.7500   -76.11008738   -75.85096709   -75.87841883
 5605    2.0000   30.0000    1.8000   -76.11537581   -75.86104728   -75.88735349
 5606    2.0000   30.0000    1.8500   -76.12032620   -75.87123118   -75.89652169
 5607    2.0000   30.0000    1.9000   -76.12509870   -75.88164863   -75.90605615
 5608    2.0000   30.0000    2.0000   -76.13445075   -75.90332527   -75.92635702
 5609    2.0000   30.0000    2.1500   -76.14808996   -75.93727974   -75.95924476
 5610    2.0000   30.0000    2.3000   -76.16021516   -75.97020550   -75.99192256
 5611    2.0000   30.0000    2.4000   -76.16679866   -75.99043420   -76.01242165
 5612    2.0000   30.0000    2.6000   -76.17530401   -76.02467016   -76.04809956
 5613    2.0000   30.0000    2.8000   -76.17767711   -76.04981328   -76.07583519
 5614    2.0000   30.0000    3.0000   -76.17541392   -76.06661603   -76.09650103
 5615    2.0000   30.0000    3.3000   -76.16802386   -76.07911800   -76.11783501
 5616    2.0000   30.0000    3.6000   -76.16140562   -76.07975925   -76.13176458
 5617    2.0000   30.0000    4.0000   -76.15783741   -76.06882879   -76.14363480
 5618    2.0000   30.0000    4.5000   -76.15806343   -76.04967799   -76.15205969
 5619    2.0000   30.0000    5.0000   -76.15904787   -76.03403788   -76.15629777
 5620    2.0000   30.0000    6.0000   -76.15980813   -76.01920253   -76.15906374
 5621    2.0000   30.0000    7.0000   -76.15977948   -76.01572597   -76.15943616
 5622    2.0000   30.0000    8.0000   -76.15966237   -76.01498939   -76.15939432
 5623    2.0000   30.0000   10.0000   -76.15955990   -76.01475766   -76.15930648
 5624    2.0000   30.0000   12.0000   -76.15953753   -76.01472855   -76.15928408
 5625    2.0000   30.0000   14.0000   -76.15953140   -76.01472123   -76.15927777
 5626    2.0000   30.0000   16.0000   -76.15952931   -76.01471882   -76.15927564
    0    0.0000    0.0000    0.0000     0.00000000     0.00000000     0.00000000
 5627    2.0000   45.0000    1.2000   -75.97981235   -75.63443959   -75.72981997
 5628    2.0000   45.0000    1.3000   -76.07921207   -75.73933482   -75.82803424
 5629    2.0000   45.0000    1.4000   -76.14598431   -75.81216362   -75.89454049
 5630    2.0000   45.0000    1.5000   -76.19025328   -75.86314559   -75.93963515
 5631    2.0000   45.0000    1.6000   -76.21898235   -75.89935334   -75.97044728
 5632    2.0000   45.0000    1.7000   -76.23697038   -75.92569798   -75.99195292
 5633    2.0000   45.0000    1.7500   -76.24301275   -75.93628100   -76.00035038
 5634    2.0000   45.0000    1.8000   -76.24751793   -75.94558048   -76.00763839
 5635    2.0000   45.0000    1.8500   -76.25073990   -75.95385562   -76.01409103
 5636    2.0000   45.0000    1.9000   -76.25288880   -75.96131697   -76.01993420
 5637    2.0000   45.0000    2.0000   -76.25463352   -75.97443698   -76.03048582
 5638    2.0000   45.0000    2.1500   -76.25268742   -75.99115741   -76.04513111
 5639    2.0000   45.0000    2.3000   -76.24723753   -76.00555410   -76.05945280
 5640    2.0000   45.0000    2.4000   -76.24237862   -76.01407913   -76.06881449
 5641    2.0000   45.0000    2.6000   -76.23099419   -76.02849797   -76.08638326
 5642    2.0000   45.0000    2.8000   -76.21872122   -76.03923722   -76.10159495
 5643    2.0000   45.0000    3.0000   -76.20673066   -76.04637128   -76.11415559
 5644    2.0000   45.0000    3.3000   -76.19100635   -76.05108393   -76.12853987
 5645    2.0000   45.0000    3.6000   -76.17920578   -76.05002983   -76.13868409
 5646    2.0000   45.0000    4.0000   -76.16957647   -76.04316381   -76.14765214
 5647    2.0000   45.0000    4.5000   -76.16399645   -76.03227098   -76.15398213
 5648    2.0000   45.0000    5.0000   -76.16173597   -76.02391429   -76.15711185
 5649    2.0000   45.0000    6.0000   -76.16024947   -76.01681383   -76.15914398
 5650    2.0000   45.0000    7.0000   -76.15980992   -76.01524009   -76.15940198
 5651    2.0000   45.0000    8.0000   -76.15964717   -76.01488351   -76.15936881
 5652    2.0000   45.0000   10.0000   -76.15955416   -76.01474897   -76.15930119
 5653    2.0000   45.0000   12.0000   -76.15953595   -76.01472672   -76.15928273
 5654    2.0000   45.0000   14.0000   -76.15953086   -76.01472063   -76.15927730
 5655    2.0000   45.0000   16.0000   -76.15952910   -76.01471858   -76.15927545
    0    0.0000    0.0000    0.0000     0.00000000     0.00000000     0.00000000
 5656    2.0000   60.0000    1.2000   -76.04254702   -75.63555055   -75.77718675
 5657    2.0000   60.0000    1.3000   -76.14259748   -75.74202111   -75.87779155
 5658    2.0000   60.0000    1.4000   -76.20935866   -75.81615960   -75.94561043
 5659    2.0000   60.0000    1.5000   -76.25288423   -75.86774530   -75.99079184
 5660    2.0000   60.0000    1.6000   -76.28011707   -75.90361471   -76.02039413
 5661    2.0000   60.0000    1.7000   -76.29589976   -75.92859463   -76.03941680
 5662    2.0000   60.0000    1.7500   -76.30060370   -75.93811556   -76.04613250
 5663    2.0000   60.0000    1.8000   -76.30363590   -75.94611973   -76.05148097
 5664    2.0000   60.0000    1.8500   -76.30526924   -75.95288537   -76.05577228
 5665    2.0000   60.0000    1.9000   -76.30573427   -75.95864948   -76.05927902
 5666    2.0000   60.0000    2.0000   -76.30390956   -75.96793816   -76.06485745
 5667    2.0000   60.0000    2.1500   -76.29641086   -75.97838184   -76.07222072
 5668    2.0000   60.0000    2.3000   -76.28557599   -75.98676360   -76.08059766
 5669    2.0000   60.0000    2.4000   -76.27738099   -75.99180486   -76.08691603
 5670    2.0000   60.0000    2.6000   -76.26015931   -76.00095517   -76.10010343
 5671    2.0000   60.0000    2.8000   -76.24320376   -76.00862800   -76.11234793
 5672    2.0000   60.0000    3.0000   -76.22750791   -76.01451107   -76.12272783
 5673    2.0000   60.0000    3.3000   -76.20740716   -76.01998111   -76.13469238
 5674    2.0000   60.0000    3.6000   -76.19192564   -76.02210749   -76.14309013
 5675    2.0000   60.0000    4.0000   -76.17792911   -76.02162824   -76.15033892
 5676    2.0000   60.0000    4.5000   -76.16829359   -76.01912414   -76.15532861
 5677    2.0000   60.0000    5.0000   -76.16371264   -76.01705878   -76.15774544
 5678    2.0000   60.0000    6.0000   -76.16059626   -76.01537927   -76.15928072
 5679    2.0000   60.0000    7.0000   -76.15988398   -76.01496999   -76.15947001
 5680    2.0000   60.0000    8.0000   -76.15963337   -76.01481939   -76.15934978
 5681    2.0000   60.0000   10.0000   -76.15954950   -76.01474269   -76.15929700
 5682    2.0000   60.0000   12.0000   -76.15953457   -76.01472524   -76.15928157
 5683    2.0000   60.0000   14.0000   -76.15953036   -76.01472012   -76.15927688
 5684    2.0000   60.0000   16.0000   -76.15952890   -76.01471838   -76.15927529
    0    0.0000    0.0000    0.0000     0.00000000     0.00000000     0.00000000
 5685    2.0000   70.0000    1.2000   -76.07138821   -75.65072753   -75.79747488
 5686    2.0000   70.0000    1.3000   -76.17097852   -75.75085087   -75.89842207
 5687    2.0000   70.0000    1.4000   -76.23706501   -75.81829420   -75.96620558
 5688    2.0000   70.0000    1.5000   -76.27972065   -75.86364097   -76.01096814
 5689    2.0000   70.0000    1.6000   -76.30592955   -75.89510415   -76.03977564
 5690    2.0000   70.0000    1.7000   -76.32053773   -75.91788344   -76.05764533
 5691    2.0000   70.0000    1.7500   -76.32461216   -75.92670660   -76.06365905
 5692    2.0000   70.0000    1.8000   -76.32699387   -75.93410388   -76.06822930
 5693    2.0000   70.0000    1.8500   -76.32796114   -75.94029446   -76.07167410
 5694    2.0000   70.0000    1.9000   -76.32774929   -75.94548456   -76.07427756
 5695    2.0000   70.0000    2.0000   -76.32455463   -75.95357910   -76.07794786
 5696    2.0000   70.0000    2.1500   -76.31501846   -75.96214328   -76.08254904
 5697    2.0000   70.0000    2.3000   -76.30223363   -75.96881064   -76.08876751
 5698    2.0000   70.0000    2.4000   -76.29281382   -75.97299077   -76.09402524
 5699    2.0000   70.0000    2.6000   -76.27335220   -75.98134501   -76.10566850
 5700    2.0000   70.0000    2.8000   -76.25443774   -75.98929883   -76.11677315
 5701    2.0000   70.0000    3.0000   -76.23703304   -75.99616449   -76.12624463
 5702    2.0000   70.0000    3.3000   -76.21473858   -76.00388591   -76.13715933
 5703    2.0000   70.0000    3.6000   -76.19739793   -76.00881243   -76.14478985
 5704    2.0000   70.0000    4.0000   -76.18137608   -76.01230518   -76.15132949
 5705    2.0000   70.0000    4.5000   -76.16999480   -76.01403186   -76.15579275
 5706    2.0000   70.0000    5.0000   -76.16445611   -76.01463421   -76.15793983
 5707    2.0000   70.0000    6.0000   -76.16069855   -76.01492064   -76.15929713
 5708    2.0000   70.0000    7.0000   -76.15988635   -76.01488532   -76.15946230
 5709    2.0000   70.0000    8.0000   -76.15962591   -76.01479798   -76.15934225
 5710    2.0000   70.0000   10.0000   -76.15954731   -76.01474014   -76.15929510
 5711    2.0000   70.0000   12.0000   -76.15953389   -76.01472459   -76.15928102
 5712    2.0000   70.0000   14.0000   -76.15953011   -76.01471989   -76.15927668
 5713    2.0000   70.0000   16.0000   -76.15952880   -76.01471829   -76.15927520
    0    0.0000    0.0000    0.0000     0.00000000     0.00000000     0.00000000
 5714    2.0000   80.0000    1.2000   -76.09195729   -75.68072275   -75.81116749
 5715    2.0000   80.0000    1.3000   -76.19098555   -75.78087347   -75.91227172
 5716    2.0000   80.0000    1.4000   -76.25641853   -75.84790612   -75.97992908
 5717    2.0000   80.0000    1.5000   -76.29831717   -75.89188307   -76.02435006
 5718    2.0000   80.0000    1.6000   -76.32366844   -75.91986905   -76.05261235
 5719    2.0000   80.0000    1.7000   -76.33736950   -75.93687048   -76.06974139
 5720    2.0000   80.0000    1.7500   -76.34097621   -75.94242046   -76.07531424
 5721    2.0000   80.0000    1.8000   -76.34288292   -75.94649289   -76.07939891
 5722    2.0000   80.0000    1.8500   -76.34337003   -75.94938952   -76.08231548
 5723    2.0000   80.0000    1.9000   -76.34267498   -75.95137096   -76.08435234
 5724    2.0000   80.0000    2.0000   -76.33855381   -75.93652794   -76.08680427
 5725    2.0000   80.0000    2.1500   -76.32754614   -75.95417512   -76.08957346
 5726    2.0000   80.0000    2.3000   -76.31338477   -75.95575464   -76.09429924
 5727    2.0000   80.0000    2.4000   -76.30309158   -75.95942403   -76.09879169
 5728    2.0000   80.0000    2.6000   -76.28200121   -75.96907909   -76.10927683
 5729    2.0000   80.0000    2.8000   -76.26163736   -75.97855836   -76.11953023
 5730    2.0000   80.0000    3.0000   -76.24296256   -75.98670627   -76.12835677
 5731    2.0000   80.0000    3.3000   -76.21907175   -75.99612122   -76.13857960
 5732    2.0000   80.0000    3.6000   -76.20045658   -76.00267864   -76.14574158
 5733    2.0000   80.0000    4.0000   -76.18316834   -76.00822571   -76.15187408
 5734    2.0000   80.0000    4.5000   -76.17080805   -76.01193076   -76.15604826
 5735    2.0000   80.0000    5.0000   -76.16478057   -76.01367375   -76.15804916
 5736    2.0000   80.0000    6.0000   -76.16072987   -76.01474560   -76.15930876
 5737    2.0000   80.0000    7.0000   -76.15988218   -76.01485423   -76.15945970
 5738    2.0000   80.0000    8.0000   -76.15962001   -76.01478834   -76.15933818
 5739    2.0000   80.0000   10.0000   -76.15954581   -76.01473867   -76.15929389
 5740    2.0000   80.0000   12.0000   -76.15953341   -76.01472419   -76.15928065
 5741    2.0000   80.0000   14.0000   -76.15952994   -76.01471975   -76.15927655
 5742    2.0000   80.0000   16.0000   -76.15952873   -76.01471823   -76.15927515
    0    0.0000    0.0000    0.0000     0.00000000     0.00000000     0.00000000
 5743    2.0000   90.0000    1.2000   -76.10523213   -75.70670033   -75.81947571
 5744    2.0000   90.0000    1.3000   -76.20379171   -75.80727685   -75.92053851
 5745    2.0000   90.0000    1.4000   -76.26865938   -75.87445326   -75.98809266
 5746    2.0000   90.0000    1.5000   -76.30993519   -75.91840388   -76.03229302
 5747    2.0000   90.0000    1.6000   -76.33462078   -75.94620957   -76.06022194
 5748    2.0000   90.0000    1.7000   -76.34762578   -75.96287642   -76.07691436
 5749    2.0000   90.0000    1.7500   -76.35087670   -75.96819867   -76.08223298
 5750    2.0000   90.0000    1.8000   -76.35242417   -75.97200155   -76.08604025
 5751    2.0000   90.0000    1.8500   -76.35254962   -75.97458735   -76.08865983
 5752    2.0000   90.0000    1.9000   -76.35149099   -75.97621824   -76.09038266
 5753    2.0000   90.0000    2.0000   -76.34659172   -75.97751790   -76.09219345
 5754    2.0000   90.0000    2.1500   -76.33456516   -75.97693953   -76.09386784
 5755    2.0000   90.0000    2.3000   -76.31939531   -75.97630983   -76.09763035
 5756    2.0000   90.0000    2.4000   -76.30846569   -75.97681070   -76.10159335
 5757    2.0000   90.0000    2.6000   -76.28621201   -75.98047432   -76.11126347
 5758    2.0000   90.0000    2.8000   -76.26484039   -75.98617767   -76.12095830
 5759    2.0000   90.0000    3.0000   -76.24532140   -75.99201636   -76.12940376
 5760    2.0000   90.0000    3.3000   -76.22045927   -75.99931974   -76.13926219
 5761    2.0000   90.0000    3.6000   -76.20118874   -76.00458564   -76.14619933
 5762    2.0000   90.0000    4.0000   -76.18340525   -76.00912110   -76.15214467
 5763    2.0000   90.0000    4.5000   -76.17080705   -76.01224640   -76.15618478
 5764    2.0000   90.0000    5.0000   -76.16472972   -76.01377949   -76.15811392
 5765    2.0000   90.0000    6.0000   -76.16070024   -76.01475780   -76.15932016
 5766    2.0000   90.0000    7.0000   -76.15987225   -76.01485622   -76.15946052
 5767    2.0000   90.0000    8.0000   -76.15961532   -76.01478594   -76.15933646
 5768    2.0000   90.0000   10.0000   -76.15954491   -76.01473794   -76.15929324
 5769    2.0000   90.0000   12.0000   -76.15953312   -76.01472397   -76.15928044
 5770    2.0000   90.0000   14.0000   -76.15952984   -76.01471967   -76.15927648
 5771    2.0000   90.0000   16.0000   -76.15952869   -76.01471820   -76.15927512
    0    0.0000    0.0000    0.0000     0.00000000     0.00000000     0.00000000
 5772    2.0000  100.0000    1.2000   -76.11208269   -75.72813046   -75.82320117
 5773    2.0000  100.0000    1.3000   -76.21021483   -75.82889333   -75.92427147
 5774    2.0000  100.0000    1.4000   -76.27460964   -75.89614322   -75.99176336
 5775    2.0000  100.0000    1.5000   -76.31537832   -75.94005729   -76.03584168
 5776    2.0000  100.0000    1.6000   -76.33953246   -75.96772071   -76.06359809
 5777    2.0000  100.0000    1.7000   -76.35199086   -75.98414484   -76.08007774
 5778    2.0000  100.0000    1.7500   -76.35496559   -75.98931048   -76.08527818
 5779    2.0000  100.0000    1.8000   -76.35623646   -75.99293535   -76.08896098
 5780    2.0000  100.0000    1.8500   -76.35608612   -75.99532386   -76.09145072
 5781    2.0000  100.0000    1.9000   -76.35475420   -75.99674006   -76.09303749
 5782    2.0000  100.0000    2.0000   -76.34932897   -75.99754845   -76.09453072
 5783    2.0000  100.0000    2.1500   -76.33651900   -75.99635627   -76.09580084
 5784    2.0000  100.0000    2.3000   -76.32062115   -75.99520622   -76.09918584
 5785    2.0000  100.0000    2.4000   -76.30924691   -75.99526843   -76.10289712
 5786    2.0000  100.0000    2.6000   -76.28621160   -75.99752362   -76.11210593
 5787    2.0000  100.0000    2.8000   -76.26421956   -76.00126569   -76.12151341
 5788    2.0000  100.0000    3.0000   -76.24425164   -76.00502932   -76.12979860
 5789    2.0000  100.0000    3.3000   -76.21903424   -76.00939157   -76.13953737
 5790    2.0000  100.0000    3.6000   -76.19973080   -76.01198053   -76.14640919
 5791    2.0000  100.0000    4.0000   -76.18221755   -76.01353429   -76.15229335
 5792    2.0000  100.0000    4.5000   -76.17008765   -76.01423619   -76.15627721
 5793    2.0000  100.0000    5.0000   -76.16435829   -76.01459499   -76.15816615
 5794    2.0000  100.0000    6.0000   -76.16061988   -76.01488421   -76.15933319
 5795    2.0000  100.0000    7.0000   -76.15985692   -76.01487600   -76.15946276
 5796    2.0000  100.0000    8.0000   -76.15961132   -76.01478743   -76.15933609
 5797    2.0000  100.0000   10.0000   -76.15954449   -76.01473761   -76.15929298
 5798    2.0000  100.0000   12.0000   -76.15953302   -76.01472386   -76.15928036
 5799    2.0000  100.0000   14.0000   -76.15952980   -76.01471964   -76.15927645
 5800    2.0000  100.0000   16.0000   -76.15952868   -76.01471819   -76.15927511
    0    0.0000    0.0000    0.0000     0.00000000     0.00000000     0.00000000
 5801    2.0000  105.0000    1.2000   -76.11336771   -75.73726526   -75.82356817
 5802    2.0000  105.0000    1.3000   -76.21131095   -75.83808830   -75.92464329
 5803    2.0000  105.0000    1.4000   -76.27549838   -75.90535864   -75.99212132
 5804    2.0000  105.0000    1.5000   -76.31604684   -75.94925626   -76.03617188
 5805    2.0000  105.0000    1.6000   -76.33997262   -75.97687060   -76.06389367
 5806    2.0000  105.0000    1.7000   -76.35219880   -75.99321880   -76.08033877
 5807    2.0000  105.0000    1.7500   -76.35505721   -75.99833881   -76.08552456
 5808    2.0000  105.0000    1.8000   -76.35621228   -76.00191471   -76.08919596
 5809    2.0000  105.0000    1.8500   -76.35594713   -76.00425259   -76.09167827
 5810    2.0000  105.0000    1.9000   -76.35450185   -76.00561848   -76.09326243
 5811    2.0000  105.0000    2.0000   -76.34885612   -76.00633544   -76.09476468
 5812    2.0000  105.0000    2.1500   -76.33573626   -76.00506197   -76.09606546
 5813    2.0000  105.0000    2.3000   -76.31956278   -76.00390499   -76.09943676
 5814    2.0000  105.0000    2.4000   -76.30802730   -76.00396658   -76.10312314
 5815    2.0000  105.0000    2.6000   -76.28472869   -76.00603170   -76.11226334
 5816    2.0000  105.0000    2.8000   -76.26255212   -76.00927722   -76.12161156
 5817    2.0000  105.0000    3.0000   -76.24249189   -76.01236484   -76.12987377
 5818    2.0000  105.0000    3.3000   -76.21731830   -76.01552618   -76.13961192
 5819    2.0000  105.0000    3.6000   -76.19823124   -76.01676268   -76.14648346
 5820    2.0000  105.0000    4.0000   -76.18113773   -76.01655425   -76.15235838
 5821    2.0000  105.0000    4.5000   -76.16949359   -76.01564700   -76.15632328
 5822    2.0000  105.0000    5.0000   -76.16407160   -76.01517778   -76.15819409
 5823    2.0000  105.0000    6.0000   -76.16056405   -76.01497347   -76.15934043
 5824    2.0000  105.0000    7.0000   -76.15984739   -76.01488934   -76.15946408
 5825    2.0000  105.0000    8.0000   -76.15960943   -76.01478889   -76.15933617
 5826    2.0000  105.0000   10.0000   -76.15954443   -76.01473750   -76.15929294
 5827    2.0000  105.0000   12.0000   -76.15953302   -76.01472382   -76.15928035
 5828    2.0000  105.0000   14.0000   -76.15952981   -76.01471963   -76.15927646
 5829    2.0000  105.0000   16.0000   -76.15952868   -76.01471818   -76.15927511
    0    0.0000    0.0000    0.0000     0.00000000     0.00000000     0.00000000
 5830    2.0000  110.0000    1.2000   -76.11337778   -75.74543201   -75.82307572
 5831    2.0000  110.0000    1.3000   -76.21114699   -75.84630154   -75.92415784
 5832    2.0000  110.0000    1.4000   -76.27514345   -75.91359171   -75.99163191
 5833    2.0000  110.0000    1.5000   -76.31548912   -75.95748060   -76.03567473
 5834    2.0000  110.0000    1.6000   -76.33920556   -75.98506635   -76.06339198
 5835    2.0000  110.0000    1.7000   -76.35122016   -76.00137362   -76.07984495
 5836    2.0000  110.0000    1.7500   -76.35397318   -76.00647177   -76.08504253
 5837    2.0000  110.0000    1.8000   -76.35502374   -76.01002699   -76.08873260
 5838    2.0000  110.0000    1.8500   -76.35465543   -76.01234738   -76.09124193
 5839    2.0000  110.0000    1.9000   -76.35310878   -76.01370138   -76.09286226
 5840    2.0000  110.0000    2.0000   -76.34726743   -76.01441844   -76.09446413
 5841    2.0000  110.0000    2.1500   -76.33387769   -76.01322844   -76.09594951
 5842    2.0000  110.0000    2.3000   -76.31746997   -76.01222565   -76.09944420
 5843    2.0000  110.0000    2.4000   -76.30580160   -76.01237421   -76.10316268
 5844    2.0000  110.0000    2.6000   -76.28230283   -76.01443256   -76.11231504
 5845    2.0000  110.0000    2.8000   -76.26002355   -76.01739333   -76.12165920
 5846    2.0000  110.0000    3.0000   -76.23995479   -76.01994100   -76.12991998
 5847    2.0000  110.0000    3.3000   -76.21496390   -76.02202578   -76.13968046
 5848    2.0000  110.0000    3.6000   -76.19624781   -76.02194660   -76.14656086
 5849    2.0000  110.0000    4.0000   -76.17976344   -76.01990935   -76.15242965
 5850    2.0000  110.0000    4.5000   -76.16876464   -76.01724170   -76.15637459
 5851    2.0000  110.0000    5.0000   -76.16372901   -76.01583853   -76.15822521
 5852    2.0000  110.0000    6.0000   -76.16049984   -76.01507342   -76.15934821
 5853    2.0000  110.0000    7.0000   -76.15983685   -76.01490382   -76.15946543
 5854    2.0000  110.0000    8.0000   -76.15960757   -76.01479054   -76.15933633
 5855    2.0000  110.0000   10.0000   -76.15954446   -76.01473739   -76.15929293
 5856    2.0000  110.0000   12.0000   -76.15953306   -76.01472379   -76.15928036
 5857    2.0000  110.0000   14.0000   -76.15952983   -76.01471962   -76.15927646
 5858    2.0000  110.0000   16.0000   -76.15952869   -76.01471818   -76.15927511
    0    0.0000    0.0000    0.0000     0.00000000     0.00000000     0.00000000
 5859    2.0000  120.0000    1.2000   -76.11007725   -75.75917575   -75.81997328
 5860    2.0000  120.0000    1.3000   -76.20753595   -75.86011485   -75.92107532
 5861    2.0000  120.0000    1.4000   -76.27118836   -75.92744074   -75.98856819
 5862    2.0000  120.0000    1.5000   -76.31116813   -75.97134849   -76.03264609
 5863    2.0000  120.0000    1.6000   -76.33450738   -75.99894914   -76.06043365
 5864    2.0000  120.0000    1.7000   -76.34614264   -76.01528931   -76.07701638
 5865    2.0000  120.0000    1.7500   -76.34870773   -76.02041924   -76.08230941
 5866    2.0000  120.0000    1.8000   -76.34957277   -76.02402204   -76.08612003
 5867    2.0000  120.0000    1.8500   -76.34902229   -76.02641036   -76.08877788
 5868    2.0000  120.0000    1.9000   -76.34729770   -76.02785716   -76.09057689
 5869    2.0000  120.0000    2.0000   -76.34111646   -76.02885170   -76.09262370
 5870    2.0000  120.0000    2.1500   -76.32726845   -76.02831080   -76.09488430
 5871    2.0000  120.0000    2.3000   -76.31047863   -76.02807013   -76.09897344
 5872    2.0000  120.0000    2.4000   -76.29860558   -76.02864036   -76.10291878
 5873    2.0000  120.0000    2.6000   -76.27484259   -76.03108944   -76.11229700
 5874    2.0000  120.0000    2.8000   -76.25252425   -76.03382248   -76.12173852
 5875    2.0000  120.0000    3.0000   -76.23266854   -76.03562134   -76.13004711
 5876    2.0000  120.0000    3.3000   -76.20843679   -76.03572978   -76.13986342
 5877    2.0000  120.0000    3.6000   -76.19093358   -76.03304217   -76.14676465
 5878    2.0000  120.0000    4.0000   -76.17623791   -76.02720793   -76.15261014
 5879    2.0000  120.0000    4.5000   -76.16697646   -76.02075961   -76.15649994
 5880    2.0000  120.0000    5.0000   -76.16291442   -76.01729821   -76.15829921
 5881    2.0000  120.0000    6.0000   -76.16035318   -76.01529047   -76.15936568
 5882    2.0000  120.0000    7.0000   -76.15981357   -76.01493389   -76.15946823
 5883    2.0000  120.0000    8.0000   -76.15960385   -76.01479382   -76.15933665
 5884    2.0000  120.0000   10.0000   -76.15954469   -76.01473712   -76.15929296
 5885    2.0000  120.0000   12.0000   -76.15953323   -76.01472372   -76.15928041
 5886    2.0000  120.0000   14.0000   -76.15952989   -76.01471961   -76.15927649
 5887    2.0000  120.0000   16.0000   -76.15952871   -76.01471818   -76.15927513
    0    0.0000    0.0000    0.0000     0.00000000     0.00000000     0.00000000
 5888    2.0000  130.0000    1.2000   -76.10329490   -75.76998766   -75.81488860
 5889    2.0000  130.0000    1.3000   -76.20048134   -75.87098090   -75.91601373
 5890    2.0000  130.0000    1.4000   -76.26382741   -75.93836677   -75.98355525
 5891    2.0000  130.0000    1.5000   -76.30347787   -75.98235455   -76.02772481
 5892    2.0000  130.0000    1.6000   -76.32647487   -76.01007741   -76.05567315
 5893    2.0000  130.0000    1.7000   -76.33776409   -76.02661185   -76.07251602
 5894    2.0000  130.0000    1.7500   -76.34015725   -76.03187737   -76.07798673
 5895    2.0000  130.0000    1.8000   -76.34085232   -76.03564868   -76.08201295
 5896    2.0000  130.0000    1.8500   -76.34013475   -76.03824326   -76.08492670
 5897    2.0000  130.0000    1.9000   -76.33824688   -76.03993879   -76.08702351
 5898    2.0000  130.0000    2.0000   -76.33175360   -76.04156675   -76.08977938
 5899    2.0000  130.0000    2.1500   -76.31748483   -76.04225187   -76.09321068
 5900    2.0000  130.0000    2.3000   -76.30034836   -76.04327242   -76.09820046
 5901    2.0000  130.0000    2.4000   -76.28829703   -76.04453286   -76.10252189
 5902    2.0000  130.0000    2.6000   -76.26433804   -76.04780896   -76.11230479
 5903    2.0000  130.0000    2.8000   -76.24209711   -76.05064412   -76.12191550
 5904    2.0000  130.0000    3.0000   -76.22265059   -76.05190951   -76.13030081
 5905    2.0000  130.0000    3.3000   -76.19967785   -76.05012962   -76.14014396
 5906    2.0000  130.0000    3.6000   -76.18403732   -76.04467787   -76.14705330
 5907    2.0000  130.0000    4.0000   -76.17189727   -76.03480590   -76.15284700
 5908    2.0000  130.0000    4.5000   -76.16489212   -76.02441339   -76.15665539
 5909    2.0000  130.0000    5.0000   -76.16199747   -76.01880901   -76.15838788
 5910    2.0000  130.0000    6.0000   -76.16019476   -76.01551128   -76.15938624
 5911    2.0000  130.0000    7.0000   -76.15978918   -76.01496291   -76.15947122
 5912    2.0000  130.0000    8.0000   -76.15960014   -76.01479646   -76.15933677
 5913    2.0000  130.0000   10.0000   -76.15954508   -76.01473672   -76.15929299
 5914    2.0000  130.0000   12.0000   -76.15953346   -76.01472361   -76.15928048
 5915    2.0000  130.0000   14.0000   -76.15952998   -76.01471959   -76.15927653
 5916    2.0000  130.0000   16.0000   -76.15952875   -76.01471818   -76.15927514
    0    0.0000    0.0000    0.0000     0.00000000     0.00000000     0.00000000
 5917    2.0000  140.0000    1.2000   -76.09435557   -75.77848632   -75.80890476
 5918    2.0000  140.0000    1.3000   -76.19129714   -75.87952656   -75.91004915
 5919    2.0000  140.0000    1.4000   -76.25436286   -75.94699845   -75.97765625
 5920    2.0000  140.0000    1.5000   -76.29370691   -75.99112931   -76.02195840
 5921    2.0000  140.0000    1.6000   -76.31637933   -76.01907899   -76.05013401
 5922    2.0000  140.0000    1.7000   -76.32733263   -76.03595976   -76.06733159
 5923    2.0000  140.0000    1.7500   -76.32955561   -76.04145683   -76.07303871
 5924    2.0000  140.0000    1.8000   -76.33008011   -76.04550574   -76.07734504
 5925    2.0000  140.0000    1.8500   -76.32919239   -76.04842909   -76.08058512
 5926    2.0000  140.0000    1.9000   -76.32713557   -76.05050789   -76.08305416
 5927    2.0000  140.0000    2.0000   -76.32031058   -76.05305971   -76.08666365
 5928    2.0000  140.0000    2.1500   -76.30557060   -76.05538715   -76.09141702
 5929    2.0000  140.0000    2.3000   -76.28801676   -76.05800977   -76.09739874
 5930    2.0000  140.0000    2.4000   -76.27572980   -76.06016334   -76.10214921
 5931    2.0000  140.0000    2.6000   -76.25146171   -76.06463986   -76.11240088
 5932    2.0000  140.0000    2.8000   -76.22922817   -76.06789795   -76.12220122
 5933    2.0000  140.0000    3.0000   -76.21024169   -76.06882049   -76.13066179
 5934    2.0000  140.0000    3.3000   -76.18897464   -76.06511130   -76.14049473
 5935    2.0000  140.0000    3.6000   -76.17590537   -76.05649373   -76.14740468
 5936    2.0000  140.0000    4.0000   -76.16708793   -76.04223807   -76.15312081
 5937    2.0000  140.0000    4.5000   -76.16271309   -76.02790211   -76.15682875
 5938    2.0000  140.0000    5.0000   -76.16106942   -76.02023818   -76.15848515
 5939    2.0000  140.0000    6.0000   -76.16003990   -76.01571770   -76.15940933
 5940    2.0000  140.0000    7.0000   -76.15976583   -76.01498872   -76.15947434
 5941    2.0000  140.0000    8.0000   -76.15959673   -76.01479825   -76.15933671
 5942    2.0000  140.0000   10.0000   -76.15954551   -76.01473621   -76.15929297
 5943    2.0000  140.0000   12.0000   -76.15953372   -76.01472349   -76.15928054
 5944    2.0000  140.0000   14.0000   -76.15953008   -76.01471956   -76.15927656
 5945    2.0000  140.0000   16.0000   -76.15952879   -76.01471817   -76.15927516
    0    0.0000    0.0000    0.0000     0.00000000     0.00000000     0.00000000
 5946    2.0000  150.0000    1.2000   -76.08479630   -75.78513204   -75.80307628
 5947    2.0000  150.0000    1.3000   -76.18151721   -75.88621446   -75.90423089
 5948    2.0000  150.0000    1.4000   -76.24432523   -75.95379105   -75.97190673
 5949    2.0000  150.0000    1.5000   -76.28338154   -75.99810979   -76.01635712
 5950    2.0000  150.0000    1.6000   -76.30574094   -76.02635995   -76.04478707
 5951    2.0000  150.0000    1.7000   -76.31635931   -76.04369175   -76.06237546
 5952    2.0000  150.0000    1.7500   -76.31840769   -76.04948431   -76.06833812
 5953    2.0000  150.0000    1.8000   -76.31875350   -76.05388211   -76.07294294
 5954    2.0000  150.0000    1.8500   -76.31768350   -76.05721128   -76.07652484
 5955    2.0000  150.0000    1.9000   -76.31544112   -76.05975272   -76.07937426
 5956    2.0000  150.0000    2.0000   -76.30823745   -76.06338277   -76.08382491
 5957    2.0000  150.0000    2.1500   -76.29291383   -76.06754448   -76.08980662
 5958    2.0000  150.0000    2.3000   -76.27477434   -76.07195235   -76.09669474
 5959    2.0000  150.0000    2.4000   -76.26211040   -76.07514506   -76.10184474
 5960    2.0000  150.0000    2.6000   -76.23718584   -76.08121780   -76.11253970
 5961    2.0000  150.0000    2.8000   -76.21459470   -76.08536323   -76.12252278
 5962    2.0000  150.0000    3.0000   -76.19585734   -76.08627899   -76.13105371
 5963    2.0000  150.0000    3.3000   -76.17666644   -76.08049317   -76.14089434
 5964    2.0000  150.0000    3.6000   -76.16705889   -76.06805361   -76.14776505
 5965    2.0000  150.0000    4.0000   -76.16227480   -76.04903367   -76.15339518
 5966    2.0000  150.0000    4.5000   -76.16066618   -76.03096355   -76.15699975
 5967    2.0000  150.0000    5.0000   -76.16022371   -76.02147563   -76.15858082
 5968    2.0000  150.0000    6.0000   -76.15990285   -76.01589470   -76.15943255
 5969    2.0000  150.0000    7.0000   -76.15974562   -76.01500995   -76.15947741
 5970    2.0000  150.0000    8.0000   -76.15959397   -76.01479933   -76.15933665
 5971    2.0000  150.0000   10.0000   -76.15954591   -76.01473567   -76.15929291
 5972    2.0000  150.0000   12.0000   -76.15953396   -76.01472335   -76.15928058
 5973    2.0000  150.0000   14.0000   -76.15953017   -76.01471952   -76.15927659
 5974    2.0000  150.0000   16.0000   -76.15952882   -76.01471816   -76.15927517
    0    0.0000    0.0000    0.0000     0.00000000     0.00000000     0.00000000
 5975    2.0000  160.0000    1.2000   -76.07627245   -75.79008687   -75.79828250
 5976    2.0000  160.0000    1.3000   -76.17280722   -75.89120687   -75.89943997
 5977    2.0000  160.0000    1.4000   -76.23539341   -75.95888969   -75.96717540
 5978    2.0000  160.0000    1.5000   -76.27419618   -76.00340363   -76.01176077
 5979    2.0000  160.0000    1.6000   -76.29627167   -76.03196553   -76.04042213
 5980    2.0000  160.0000    1.7000   -76.30657587   -76.04976062   -76.05836131
 5981    2.0000  160.0000    1.7500   -76.30845591   -76.05585350   -76.06454995
 5982    2.0000  160.0000    1.8000   -76.30862591   -76.06060272   -76.06941564
 5983    2.0000  160.0000    1.8500   -76.30737236   -76.06433557   -76.07329036
 5984    2.0000  160.0000    1.9000   -76.30493840   -76.06733178   -76.07645969
 5985    2.0000  160.0000    2.0000   -76.29732557   -76.07200371   -76.08159511
 5986    2.0000  160.0000    2.1500   -76.28132413   -76.07792334   -76.08853964
 5987    2.0000  160.0000    2.3000   -76.26241956   -76.08410609   -76.09613566
 5988    2.0000  160.0000    2.4000   -76.24919561   -76.08841734   -76.10160161
 5989    2.0000  160.0000    2.6000   -76.22305761   -76.09652393   -76.11265683
 5990    2.0000  160.0000    2.8000   -76.19930257   -76.10233462   -76.12279781
 5991    2.0000  160.0000    3.0000   -76.18005249   -76.10402960   -76.13139340
 5992    2.0000  160.0000    3.3000   -76.16325112   -76.09594962   -76.14124616
 5993    2.0000  160.0000    3.6000   -76.15836554   -76.07859290   -76.14807392
 5994    2.0000  160.0000    4.0000   -76.15805477   -76.05462855   -76.15362926
 5995    2.0000  160.0000    4.5000   -76.15898466   -76.03336091   -76.15714502
 5996    2.0000  160.0000    5.0000   -76.15954722   -76.02243043   -76.15866224
 5997    2.0000  160.0000    6.0000   -76.15979583   -76.01603011   -76.15945256
 5998    2.0000  160.0000    7.0000   -76.15973028   -76.01502575   -76.15948012
 5999    2.0000  160.0000    8.0000   -76.15959206   -76.01479993   -76.15933668
 6000    2.0000  160.0000   10.0000   -76.15954623   -76.01473519   -76.15929283
 6001    2.0000  160.0000   12.0000   -76.15953415   -76.01472323   -76.15928061
 6002    2.0000  160.0000   14.0000   -76.15953025   -76.01471950   -76.15927661
 6003    2.0000  160.0000   16.0000   -76.15952885   -76.01471815   -76.15927519
    0    0.0000    0.0000    0.0000     0.00000000     0.00000000     0.00000000
 6004    2.0000  170.0000    1.2000   -76.07035584   -75.79322234   -75.79515269
 6005    2.0000  170.0000    1.3000   -76.16676253   -75.89437144   -75.89631033
 6006    2.0000  170.0000    1.4000   -76.22919351   -75.96213705   -75.96408734
 6007    2.0000  170.0000    1.5000   -76.26781528   -76.00680217   -76.00876735
 6008    2.0000  170.0000    1.6000   -76.28968273   -76.03560400   -76.03759001
 6009    2.0000  170.0000    1.7000   -76.29975011   -76.05375318   -76.05577033
 6010    2.0000  170.0000    1.7500   -76.30150035   -76.06007412   -76.06211201
 6011    2.0000  170.0000    1.8000   -76.30153239   -76.06508855   -76.06715189
 6012    2.0000  170.0000    1.8500   -76.30013199   -76.06912460   -76.07121947
 6013    2.0000  170.0000    1.9000   -76.29754172   -76.07246046   -76.07459670
 6014    2.0000  170.0000    2.0000   -76.28958511   -76.07790850   -76.08016814
 6015    2.0000  170.0000    2.1500   -76.27297519   -76.08515795   -76.08771669
 6016    2.0000  170.0000    2.3000   -76.25331408   -76.09276741   -76.09575907
 6017    2.0000  170.0000    2.4000   -76.23947505   -76.09806816   -76.10142749
 6018    2.0000  170.0000    2.6000   -76.21173215   -76.10834661   -76.11272137
 6019    2.0000  170.0000    2.8000   -76.18570347   -76.11679421   -76.12297455
 6020    2.0000  170.0000    3.0000   -76.16389797   -76.12124596   -76.13162029
 6021    2.0000  170.0000    3.3000   -76.14982353   -76.11054983   -76.14148760
 6022    2.0000  170.0000    3.6000   -76.15138746   -76.08663622   -76.14827739
 6023    2.0000  170.0000    4.0000   -76.15511189   -76.05837791   -76.15378650
 6024    2.0000  170.0000    4.5000   -76.15787716   -76.03489300   -76.15724270
 6025    2.0000  170.0000    5.0000   -76.15911056   -76.02303289   -76.15871707
 6026    2.0000  170.0000    6.0000   -76.15972802   -76.01611505   -76.15946621
 6027    2.0000  170.0000    7.0000   -76.15972084   -76.01503551   -76.15948206
 6028    2.0000  170.0000    8.0000   -76.15959100   -76.01480023   -76.15933677
 6029    2.0000  170.0000   10.0000   -76.15954643   -76.01473487   -76.15929277
 6030    2.0000  170.0000   12.0000   -76.15953428   -76.01472314   -76.15928062
 6031    2.0000  170.0000   14.0000   -76.15953029   -76.01471947   -76.15927662
 6032    2.0000  170.0000   16.0000   -76.15952887   -76.01471815   -76.15927520
    0    0.0000    0.0000    0.0000     0.00000000     0.00000000     0.00000000
 6033    2.0000  179.9900    1.2000   -76.06823245   -75.79430449   -75.79406601
 6034    2.0000  179.9900    1.3000   -76.16459317   -75.89546525   -75.89522371
 6035    2.0000  179.9900    1.4000   -76.22696793   -75.96326280   -75.96301589
 6036    2.0000  179.9900    1.5000   -76.26552327   -76.00798557   -76.00773024
 6037    2.0000  179.9900    1.6000   -76.28731308   -76.03687819   -76.03661072
 6038    2.0000  179.9900    1.7000   -76.29729167   -76.05516048   -76.05487641
 6039    2.0000  179.9900    1.7500   -76.29899201   -76.06156701   -76.06127181
 6040    2.0000  179.9900    1.8000   -76.29897039   -76.06668068   -76.06637216
 6041    2.0000  179.9900    1.8500   -76.29751226   -76.07082972   -76.07050630
 6042    2.0000  179.9900    1.9000   -76.29485974   -76.07429193   -76.07395386
 6043    2.0000  179.9900    2.0000   -76.28676370   -76.08002982   -76.07967150
 6044    2.0000  179.9900    2.1500   -76.26989799   -76.08778730   -76.08742416
 6045    2.0000  179.9900    2.3000   -76.24990017   -76.09596792   -76.09562151
 6046    2.0000  179.9900    2.4000   -76.23576884   -76.10169414   -76.10136069
 6047    2.0000  179.9900    2.6000   -76.20715642   -76.11304866   -76.11273949
 6048    2.0000  179.9900    2.8000   -76.17944638   -76.12332147   -76.12303441
 6049    2.0000  179.9900    3.0000   -76.15354587   -76.13196765   -76.13169988
 6050    2.0000  179.9900    3.3000   -76.14182328   -76.11895022   -76.14157735
 6051    2.0000  179.9900    3.6000   -76.14855345   -76.08981552   -76.14834550
 6052    2.0000  179.9900    4.0000   -76.15404781   -76.05970761   -76.15384188
 6053    2.0000  179.9900    4.5000   -76.15749033   -76.03542047   -76.15727717
 6054    2.0000  179.9900    5.0000   -76.15895970   -76.02323878   -76.15873642
 6055    2.0000  179.9900    6.0000   -76.15970485   -76.01614400   -76.15947106
 6056    2.0000  179.9900    7.0000   -76.15963612   -76.01500100   -76.15938256
 6057    2.0000  179.9900    8.0000   -76.15959068   -76.01480034   -76.15933682
 6058    2.0000  179.9900   10.0000   -76.15954650   -76.01473475   -76.15929275
 6059    2.0000  179.9900   12.0000   -76.15953432   -76.01472311   -76.15928063
 6060    2.0000  179.9900   14.0000   -76.15953031   -76.01471946   -76.15927663
 6061    2.0000  179.9900   16.0000   -76.15952888   -76.01471815   -76.15927520
    0    0.0000    0.0000    0.0000     0.00000000     0.00000000     0.00000000
 6062    2.1500    0.0100    1.2000   -75.75358400   -75.57888808   -75.57863689
 6063    2.1500    0.0100    1.3000   -75.80055851   -75.61393375   -75.61367340
 6064    2.1500    0.0100    1.4000   -75.78605319   -75.59078312   -75.59050583
 6065    2.1500    0.0100    1.5000   -40.00000000   -40.00000000   -40.00000000
 6066    2.1500    0.0100    1.6000   -40.00000000   -40.00000000   -40.00000000
 6067    2.1500    0.0100    1.7000   -40.00000000   -40.00000000   -40.00000000
 6068    2.1500    0.0100    1.7500   -40.00000000   -40.00000000   -40.00000000
 6069    2.1500    0.0100    1.8000   -40.00000000   -40.00000000   -40.00000000
 6070    2.1500    0.0100    1.8500   -40.00000000   -40.00000000   -40.00000000
 6071    2.1500    0.0100    1.9000   -40.00000000   -40.00000000   -40.00000000
 6072    2.1500    0.0100    2.0000   -40.00000000   -40.00000000   -40.00000000
 6073    2.1500    0.0100    2.1500   -40.00000000   -40.00000000   -40.00000000
 6074    2.1500    0.0100    2.3000   -40.00000000   -40.00000000   -40.00000000
 6075    2.1500    0.0100    2.4000   -40.00000000   -40.00000000   -40.00000000
 6076    2.1500    0.0100    2.6000   -40.00000000   -40.00000000   -40.00000000
 6077    2.1500    0.0100    2.8000   -40.00000000   -40.00000000   -40.00000000
 6078    2.1500    0.0100    3.0000   -40.00000000   -40.00000000   -40.00000000
 6079    2.1500    0.0100    3.3000   -76.09170334   -76.05378278   -76.05344092
 6080    2.1500    0.0100    3.6000   -76.11645149   -76.10186894   -76.10153398
 6081    2.1500    0.0100    4.0000   -76.12519626   -76.10583407   -76.12488950
 6082    2.1500    0.0100    4.5000   -76.13700290   -76.07655510   -76.13673899
 6083    2.1500    0.0100    5.0000   -76.14299507   -76.04980911   -76.14274967
 6084    2.1500    0.0100    6.0000   -76.14742490   -76.01955470   -76.14717325
 6085    2.1500    0.0100    7.0000   -76.14813159   -76.01088823   -76.14788370
 6086    2.1500    0.0100    8.0000   -76.14811194   -76.00902145   -76.14786215
 6087    2.1500    0.0100   10.0000   -76.14798836   -76.00850648   -76.14773723
 6088    2.1500    0.0100   12.0000   -76.14795586   -76.00845775   -76.14770475
 6089    2.1500    0.0100   14.0000   -76.14794741   -76.00844727   -76.14769636
 6090    2.1500    0.0100   16.0000   -76.14794466   -76.00844248   -76.14769363
    0    0.0000    0.0000    0.0000     0.00000000     0.00000000     0.00000000
 6091    2.1500   10.0000    1.2000   -75.77979632   -75.59502420   -75.60162895
 6092    2.1500   10.0000    1.3000   -75.83911051   -75.64470497   -75.65019065
 6093    2.1500   10.0000    1.4000   -75.84741780   -75.64606456   -75.65061541
 6094    2.1500   10.0000    1.5000   -75.80893493   -75.60410012   -75.60786650
 6095    2.1500   10.0000    1.6000   -40.00000000   -40.00000000   -40.00000000
 6096    2.1500   10.0000    1.7000   -40.00000000   -40.00000000   -40.00000000
 6097    2.1500   10.0000    1.7500   -40.00000000   -40.00000000   -40.00000000
 6098    2.1500   10.0000    1.8000   -40.00000000   -40.00000000   -40.00000000
 6099    2.1500   10.0000    1.8500   -40.00000000   -40.00000000   -40.00000000
 6100    2.1500   10.0000    1.9000   -40.00000000   -40.00000000   -40.00000000
 6101    2.1500   10.0000    2.0000   -40.00000000   -40.00000000   -40.00000000
 6102    2.1500   10.0000    2.1500   -40.00000000   -40.00000000   -40.00000000
 6103    2.1500   10.0000    2.3000   -40.00000000   -40.00000000   -40.00000000
 6104    2.1500   10.0000    2.4000   -40.00000000   -40.00000000   -40.00000000
 6105    2.1500   10.0000    2.6000   -40.00000000   -40.00000000   -40.00000000
 6106    2.1500   10.0000    2.8000   -75.93168581   -75.85165105   -75.85305483
 6107    2.1500   10.0000    3.0000   -76.04401491   -75.97921453   -75.98089751
 6108    2.1500   10.0000    3.3000   -76.11136829   -76.06820629   -76.07081308
 6109    2.1500   10.0000    3.6000   -76.12541190   -76.10120409   -76.10683268
 6110    2.1500   10.0000    4.0000   -76.13002560   -76.10057720   -76.12628267
 6111    2.1500   10.0000    4.5000   -76.13841380   -76.07308160   -76.13722425
 6112    2.1500   10.0000    5.0000   -76.14357713   -76.04745473   -76.14296853
 6113    2.1500   10.0000    6.0000   -76.14752318   -76.01879689   -76.14720243
 6114    2.1500   10.0000    7.0000   -76.14814053   -76.01072115   -76.14787934
 6115    2.1500   10.0000    8.0000   -76.14810858   -76.00898643   -76.14785650
 6116    2.1500   10.0000   10.0000   -76.14798694   -76.00850406   -76.14773588
 6117    2.1500   10.0000   12.0000   -76.14795555   -76.00845735   -76.14770449
 6118    2.1500   10.0000   14.0000   -76.14794731   -76.00844715   -76.14769627
 6119    2.1500   10.0000   16.0000   -76.14794462   -76.00844243   -76.14769359
    0    0.0000    0.0000    0.0000     0.00000000     0.00000000     0.00000000
 6120    2.1500   20.0000    1.2000   -75.83986631   -75.62738478   -75.65293255
 6121    2.1500   20.0000    1.3000   -75.92019039   -75.70322061   -75.72521451
 6122    2.1500   20.0000    1.4000   -75.96258040   -75.74269816   -75.76162047
 6123    2.1500   20.0000    1.5000   -75.97758807   -75.75696841   -75.77325345
 6124    2.1500   20.0000    1.6000   -75.97363614   -75.75492842   -75.76897166
 6125    2.1500   20.0000    1.7000   -75.95821194   -75.74439414   -75.75659647
 6126    2.1500   20.0000    1.7500   -75.94861444   -75.73826673   -75.74967298
 6127    2.1500   20.0000    1.8000   -75.93895187   -75.73272712   -75.74342016
 6128    2.1500   20.0000    1.8500   -75.93011081   -75.72859066   -75.73865078
 6129    2.1500   20.0000    1.9000   -75.92289630   -75.72657530   -75.73607855
 6130    2.1500   20.0000    2.0000   -75.91629653   -75.73123431   -75.73987474
 6131    2.1500   20.0000    2.1500   -75.92893485   -75.76236073   -75.77009994
 6132    2.1500   20.0000    2.3000   -75.96552381   -75.81729052   -75.82452965
 6133    2.1500   20.0000    2.4000   -75.99672174   -75.86010548   -75.86718877
 6134    2.1500   20.0000    2.6000   -76.05768521   -75.94241877   -75.94956042
 6135    2.1500   20.0000    2.8000   -76.10277957   -76.00648579   -76.01417502
 6136    2.1500   20.0000    3.0000   -76.12876076   -76.04950946   -76.05830534
 6137    2.1500   20.0000    3.3000   -76.14222943   -76.08431814   -76.09652237
 6138    2.1500   20.0000    3.6000   -76.14081888   -76.09601545   -76.11576020
 6139    2.1500   20.0000    4.0000   -76.13873099   -76.08822046   -76.12916575
 6140    2.1500   20.0000    4.5000   -76.14189906   -76.06359662   -76.13842633
 6141    2.1500   20.0000    5.0000   -76.14510193   -76.04110276   -76.14353507
 6142    2.1500   20.0000    6.0000   -76.14778440   -76.01682553   -76.14727705
 6143    2.1500   20.0000    7.0000   -76.14816354   -76.01029237   -76.14786668
 6144    2.1500   20.0000    8.0000   -76.14809965   -76.00889641   -76.14784156
 6145    2.1500   20.0000   10.0000   -76.14798329   -76.00849771   -76.14773241
 6146    2.1500   20.0000   12.0000   -76.14795469   -76.00845626   -76.14770375
 6147    2.1500   20.0000   14.0000   -76.14794705   -76.00844681   -76.14769603
 6148    2.1500   20.0000   16.0000   -76.14794453   -76.00844230   -76.14769349
    0    0.0000    0.0000    0.0000     0.00000000     0.00000000     0.00000000
 6149    2.1500   30.0000    1.2000   -75.90450062   -75.65247015   -75.70529106
 6150    2.1500   30.0000    1.3000   -75.99788146   -75.74643234   -75.79344252
 6151    2.1500   30.0000    1.4000   -76.05790151   -75.80784181   -75.84960212
 6152    2.1500   30.0000    1.5000   -76.09527146   -75.84775646   -75.88482970
 6153    2.1500   30.0000    1.6000   -76.11769822   -75.87418652   -75.90712599
 6154    2.1500   30.0000    1.7000   -76.13078624   -75.89295052   -75.92230308
 6155    2.1500   30.0000    1.7500   -76.13513855   -75.90079650   -75.92856027
 6156    2.1500   30.0000    1.8000   -76.13856089   -75.90814436   -75.93445708
 6157    2.1500   30.0000    1.8500   -76.14135772   -75.91527957   -75.94027856
 6158    2.1500   30.0000    1.9000   -76.14377024   -75.92241218   -75.94623403
 6159    2.1500   30.0000    2.0000   -76.14808996   -75.93727974   -75.95924476
 6160    2.1500   30.0000    2.1500   -76.15460501   -75.96110408   -75.98109059
 6161    2.1500   30.0000    2.3000   -76.16136728   -75.98598956   -76.00495123
 6162    2.1500   30.0000    2.4000   -76.16555319   -76.00215991   -76.02088067
 6163    2.1500   30.0000    2.6000   -76.17163175   -76.03102845   -76.05015382
 6164    2.1500   30.0000    2.8000   -76.17343021   -76.05332006   -76.07391678
 6165    2.1500   30.0000    3.0000   -76.17104949   -76.06865879   -76.09182825
 6166    2.1500   30.0000    3.3000   -76.16264109   -76.08046342   -76.11006494
 6167    2.1500   30.0000    3.6000   -76.15367628   -76.08156167   -76.12177963
 6168    2.1500   30.0000    4.0000   -76.14722103   -76.07102365   -76.13203577
 6169    2.1500   30.0000    4.5000   -76.14617858   -76.05045319   -76.13992413
 6170    2.1500   30.0000    5.0000   -76.14709044   -76.03255868   -76.14426567
 6171    2.1500   30.0000    6.0000   -76.14812804   -76.01435036   -76.14737065
 6172    2.1500   30.0000    7.0000   -76.14819201   -76.00976604   -76.14784823
 6173    2.1500   30.0000    8.0000   -76.14808772   -76.00878521   -76.14782187
 6174    2.1500   30.0000   10.0000   -76.14797856   -76.00848949   -76.14772790
 6175    2.1500   30.0000   12.0000   -76.14795349   -76.00845474   -76.14770271
 6176    2.1500   30.0000   14.0000   -76.14794667   -76.00844633   -76.14769569
 6177    2.1500   30.0000   16.0000   -76.14794438   -76.00844212   -76.14769336
    0    0.0000    0.0000    0.0000     0.00000000     0.00000000     0.00000000
 6178    2.1500   45.0000    1.2000   -75.98328238   -75.66323611   -75.76355739
 6179    2.1500   45.0000    1.3000   -76.08272744   -75.76798290   -75.86086754
 6180    2.1500   45.0000    1.4000   -76.14925009   -75.84018983   -75.92597869
 6181    2.1500   45.0000    1.5000   -76.19300391   -75.89010345   -75.96920738
 6182    2.1500   45.0000    1.6000   -76.22099015   -75.92482945   -75.99771347
 6183    2.1500   45.0000    1.7000   -76.23806673   -75.94933339   -76.01651535
 6184    2.1500   45.0000    1.7500   -76.24361260   -75.95888133   -76.02342738
 6185    2.1500   45.0000    1.8000   -76.24760628   -75.96708424   -76.02915029
 6186    2.1500   45.0000    1.8500   -76.25031042   -75.97421144   -76.03396636
 6187    2.1500   45.0000    1.9000   -76.25194318   -75.98048479   -76.03811109
 6188    2.1500   45.0000    2.0000   -76.25268742   -75.99115741   -76.04513111
 6189    2.1500   45.0000    2.1500   -76.24939473   -76.00422026   -76.05440654
 6190    2.1500   45.0000    2.3000   -76.24283063   -76.01526945   -76.06376877
 6191    2.1500   45.0000    2.4000   -76.23734965   -76.02185094   -76.07026381
 6192    2.1500   45.0000    2.6000   -76.22494026   -76.03318999   -76.08331291
 6193    2.1500   45.0000    2.8000   -76.21179768   -76.04184184   -76.09540321
 6194    2.1500   45.0000    3.0000   -76.19896511   -76.04765635   -76.10584326
 6195    2.1500   45.0000    3.3000   -76.18193916   -76.05133205   -76.11826518
 6196    2.1500   45.0000    3.6000   -76.16894437   -76.04977182   -76.12739541
 6197    2.1500   45.0000    4.0000   -76.15825364   -76.04220974   -76.13581569
 6198    2.1500   45.0000    4.5000   -76.15223949   -76.02992373   -76.14206063
 6199    2.1500   45.0000    5.0000   -76.14998102   -76.02005506   -76.14529876
 6200    2.1500   45.0000    6.0000   -76.14862554   -76.01116325   -76.14750904
 6201    2.1500   45.0000    7.0000   -76.14822831   -76.00910104   -76.14781912
 6202    2.1500   45.0000    8.0000   -76.14806913   -76.00864182   -76.14779271
 6203    2.1500   45.0000   10.0000   -76.14797142   -76.00847770   -76.14772115
 6204    2.1500   45.0000   12.0000   -76.14795155   -76.00845233   -76.14770102
 6205    2.1500   45.0000   14.0000   -76.14794604   -76.00844556   -76.14769513
 6206    2.1500   45.0000   16.0000   -76.14794413   -76.00844181   -76.14769314
    0    0.0000    0.0000    0.0000     0.00000000     0.00000000     0.00000000
 6207    2.1500   60.0000    1.2000   -76.03814862   -75.65414063   -75.79958914
 6208    2.1500   60.0000    1.3000   -76.13797461   -75.76045150   -75.89916633
 6209    2.1500   60.0000    1.4000   -76.20441673   -75.83406887   -75.96574083
 6210    2.1500   60.0000    1.5000   -76.24755543   -75.88485787   -76.00946467
 6211    2.1500   60.0000    1.6000   -76.27435919   -75.91971421   -76.03738826
 6212    2.1500   60.0000    1.7000   -76.28969349   -75.94349739   -76.05448579
 6213    2.1500   60.0000    1.7500   -76.29417269   -75.95236079   -76.06013325
 6214    2.1500   60.0000    1.8000   -76.29698187   -75.95966830   -76.06433389
 6215    2.1500   60.0000    1.8500   -76.29839580   -75.96570215   -76.06739118
 6216    2.1500   60.0000    1.9000   -76.29864631   -75.97070195   -76.06957199
 6217    2.1500   60.0000    2.0000   -76.29641086   -75.97838184   -76.07222072
 6218    2.1500   60.0000    2.1500   -76.28834741   -75.98629951   -76.07470314
 6219    2.1500   60.0000    2.3000   -76.27700972   -75.99223047   -76.07844438
 6220    2.1500   60.0000    2.4000   -76.26851303   -75.99580156   -76.08228556
 6221    2.1500   60.0000    2.6000   -76.25075217   -76.00261390   -76.09221095
 6222    2.1500   60.0000    2.8000   -76.23332685   -76.00873494   -76.10274065
 6223    2.1500   60.0000    3.0000   -76.21721399   -76.01362071   -76.11219055
 6224    2.1500   60.0000    3.3000   -76.19657969   -76.01813730   -76.12344426
 6225    2.1500   60.0000    3.6000   -76.18069152   -76.01955368   -76.13151771
 6226    2.1500   60.0000    4.0000   -76.16637469   -76.01817678   -76.13861135
 6227    2.1500   60.0000    4.5000   -76.15663750   -76.01462539   -76.14361801
 6228    2.1500   60.0000    5.0000   -76.15207522   -76.01173734   -76.14608377
 6229    2.1500   60.0000    6.0000   -76.14900907   -76.00930851   -76.14768319
 6230    2.1500   60.0000    7.0000   -76.14824473   -76.00872476   -76.14779565
 6231    2.1500   60.0000    8.0000   -76.14805281   -76.00855777   -76.14777132
 6232    2.1500   60.0000   10.0000   -76.14796576   -76.00846949   -76.14771598
 6233    2.1500   60.0000   12.0000   -76.14794994   -76.00845047   -76.14769962
 6234    2.1500   60.0000   14.0000   -76.14794546   -76.00844493   -76.14769464
 6235    2.1500   60.0000   16.0000   -76.14794390   -76.00844304   -76.14769293
    0    0.0000    0.0000    0.0000     0.00000000     0.00000000     0.00000000
 6236    2.1500   70.0000    1.2000   -76.06373322   -75.66337010   -75.81489430
 6237    2.1500   70.0000    1.3000   -76.16317431   -75.76272778   -75.91495464
 6238    2.1500   70.0000    1.4000   -76.22905464   -75.82956276   -75.98170554
 6239    2.1500   70.0000    1.5000   -76.27147788   -75.87505294   -76.02528187
 6240    2.1500   70.0000    1.6000   -76.29742006   -75.90737587   -76.05272721
 6241    2.1500   70.0000    1.7000   -76.31175730   -75.93001636   -76.06901750
 6242    2.1500   70.0000    1.7500   -76.31569859   -75.93843581   -76.07414007
 6243    2.1500   70.0000    1.8000   -76.31794930   -75.94531251   -76.07773748
 6244    2.1500   70.0000    1.8500   -76.31878826   -75.95090705   -76.08011772
 6245    2.1500   70.0000    1.9000   -76.31845133   -75.95544857   -76.08155324
 6246    2.1500   70.0000    2.0000   -76.31501846   -75.96214328   -76.08254904
 6247    2.1500   70.0000    2.1500   -76.30515247   -75.96847110   -76.08245484
 6248    2.1500   70.0000    2.3000   -76.29207461   -75.97292015   -76.08419845
 6249    2.1500   70.0000    2.4000   -76.28248055   -75.97574028   -76.08723634
 6250    2.1500   70.0000    2.6000   -76.26271571   -75.98189048   -76.09633081
 6251    2.1500   70.0000    2.8000   -76.24355281   -75.98835052   -76.10631911
 6252    2.1500   70.0000    3.0000   -76.22594456   -75.99421447   -76.11525595
 6253    2.1500   70.0000    3.3000   -76.20341537   -76.00090837   -76.12579260
 6254    2.1500   70.0000    3.6000   -76.18591581   -76.00506908   -76.13325829
 6255    2.1500   70.0000    4.0000   -76.16978827   -76.00774403   -76.13972210
 6256    2.1500   70.0000    4.5000   -76.15838413   -76.00869938   -76.14417621
 6257    2.1500   70.0000    5.0000   -76.15286014   -76.00882055   -76.14633564
 6258    2.1500   70.0000    6.0000   -76.14912202   -76.00873182   -76.14771343
 6259    2.1500   70.0000    7.0000   -76.14824409   -76.00860657   -76.14778536
 6260    2.1500   70.0000    8.0000   -76.14804420   -76.00853028   -76.14776282
 6261    2.1500   70.0000   10.0000   -76.14796319   -76.00846629   -76.14771374
 6262    2.1500   70.0000   12.0000   -76.14794915   -76.00844967   -76.14769898
 6263    2.1500   70.0000   14.0000   -76.14794517   -76.00844465   -76.14769441
 6264    2.1500   70.0000   16.0000   -76.14794379   -76.00844293   -76.14769284
    0    0.0000    0.0000    0.0000     0.00000000     0.00000000     0.00000000
 6265    2.1500   80.0000    1.2000   -76.08182374   -75.69005574   -75.82491676
 6266    2.1500   80.0000    1.3000   -76.18082551   -75.78959449   -75.92521905
 6267    2.1500   80.0000    1.4000   -76.24617172   -75.85582098   -75.99203065
 6268    2.1500   80.0000    1.5000   -76.28796020   -75.89889569   -76.03548627
 6269    2.1500   80.0000    1.6000   -76.31318881   -75.92587853   -76.06263317
 6270    2.1500   80.0000    1.7000   -76.32676236   -75.94176223   -76.07844997
 6271    2.1500   80.0000    1.7500   -76.33030537   -75.94670432   -76.08327186
 6272    2.1500   80.0000    1.8000   -76.33214924   -75.95013375   -76.08652647
 6273    2.1500   80.0000    1.8500   -76.33257486   -75.95235426   -76.08852232
 6274    2.1500   80.0000    1.9000   -76.33182012   -75.95362243   -76.08953322
 6275    2.1500   80.0000    2.0000   -76.32754614   -75.95417512   -76.08957346
 6276    2.1500   80.0000    2.1500   -76.31645043   -75.95004245   -76.08793096
 6277    2.1500   80.0000    2.3000   -76.30214790   -75.95499070   -76.08842139
 6278    2.1500   80.0000    2.4000   -76.29177922   -75.95856395   -76.09092043
 6279    2.1500   80.0000    2.6000   -76.27057586   -75.96690349   -76.09932016
 6280    2.1500   80.0000    2.8000   -76.25013501   -75.97538297   -76.10876172
 6281    2.1500   80.0000    3.0000   -76.23140998   -75.98285497   -76.11722740
 6282    2.1500   80.0000    3.3000   -76.20747641   -75.99157150   -76.12720295
 6283    2.1500   80.0000    3.6000   -76.18884537   -75.99763257   -76.13425530
 6284    2.1500   80.0000    4.0000   -76.17156189   -76.00270757   -76.14032721
 6285    2.1500   80.0000    4.5000   -76.15922055   -76.00603545   -76.14447770
 6286    2.1500   80.0000    5.0000   -76.15320575   -76.00757388   -76.14647261
 6287    2.1500   80.0000    6.0000   -76.14915818   -76.00849692   -76.14773169
 6288    2.1500   80.0000    7.0000   -76.14823661   -76.00855627   -76.14778010
 6289    2.1500   80.0000    8.0000   -76.14803760   -76.00851765   -76.14775821
 6290    2.1500   80.0000   10.0000   -76.14796147   -76.00846450   -76.14771236
 6291    2.1500   80.0000   12.0000   -76.14794860   -76.00844918   -76.14769856
 6292    2.1500   80.0000   14.0000   -76.14794497   -76.00844447   -76.14769425
 6293    2.1500   80.0000   16.0000   -76.14794370   -76.00844286   -76.14769277
    0    0.0000    0.0000    0.0000     0.00000000     0.00000000     0.00000000
 6294    2.1500   90.0000    1.2000   -76.09323120   -75.71379094   -75.83047919
 6295    2.1500   90.0000    1.3000   -76.19182720   -75.81376155   -75.93093255
 6296    2.1500   90.0000    1.4000   -76.25670665   -75.88025863   -75.99779595
 6297    2.1500   90.0000    1.5000   -76.29797770   -75.92344981   -76.04120834
 6298    2.1500   90.0000    1.6000   -76.32264798   -75.95040125   -76.06822428
 6299    2.1500   90.0000    1.7000   -76.33562982   -75.96610108   -76.08383797
 6300    2.1500   90.0000    1.7500   -76.33886343   -75.97088461   -76.08854311
 6301    2.1500   90.0000    1.8000   -76.34039677   -75.97411267   -76.09165422
 6302    2.1500   90.0000    1.8500   -76.34051658   -75.97610393   -76.09346787
 6303    2.1500   90.0000    1.9000   -76.33945470   -75.97709563   -76.09427723
 6304    2.1500   90.0000    2.0000   -76.33456516   -75.97693953   -76.09386784
 6305    2.1500   90.0000    2.1500   -76.32253877   -75.97397572   -76.09148236
 6306    2.1500   90.0000    2.3000   -76.30738215   -75.97098089   -76.09128606
 6307    2.1500   90.0000    2.4000   -76.29646711   -75.97027989   -76.09340128
 6308    2.1500   90.0000    2.6000   -76.27425617   -75.97304290   -76.10117175
 6309    2.1500   90.0000    2.8000   -76.25294151   -75.97890590   -76.11014213
 6310    2.1500   90.0000    3.0000   -76.23348551   -75.98500195   -76.11826891
 6311    2.1500   90.0000    3.3000   -76.20871275   -75.99255477   -76.12790830
 6312    2.1500   90.0000    3.6000   -76.18951414   -75.99798353   -76.13474542
 6313    2.1500   90.0000    4.0000   -76.17179717   -76.00267630   -76.14062805
 6314    2.1500   90.0000    4.5000   -76.15923659   -76.00591215   -76.14463422
 6315    2.1500   90.0000    5.0000   -76.15316762   -76.00748776   -76.14654923
 6316    2.1500   90.0000    6.0000   -76.14913092   -76.00847559   -76.14774591
 6317    2.1500   90.0000    7.0000   -76.14822360   -76.00854680   -76.14777871
 6318    2.1500   90.0000    8.0000   -76.14803255   -76.00851385   -76.14775621
 6319    2.1500   90.0000   10.0000   -76.14796044   -76.00846360   -76.14771160
 6320    2.1500   90.0000   12.0000   -76.14794827   -76.00844892   -76.14769831
 6321    2.1500   90.0000   14.0000   -76.14794485   -76.00844437   -76.14769416
 6322    2.1500   90.0000   16.0000   -76.14794366   -76.00844133   -76.14769274
    0    0.0000    0.0000    0.0000     0.00000000     0.00000000     0.00000000
 6323    2.1500  100.0000    1.2000   -76.09860905   -75.73364240   -75.83253976
 6324    2.1500  100.0000    1.3000   -76.19685266   -75.83390465   -75.93310144
 6325    2.1500  100.0000    1.4000   -76.26134224   -75.90059262   -76.00001850
 6326    2.1500  100.0000    1.5000   -76.30219483   -75.94387303   -76.04343578
 6327    2.1500  100.0000    1.6000   -76.32642639   -75.97081529   -76.07041514
 6328    2.1500  100.0000    1.7000   -76.33895894   -75.98640815   -76.08595483
 6329    2.1500  100.0000    1.7500   -76.34197037   -75.99110816   -76.09060254
 6330    2.1500  100.0000    1.8000   -76.34327773   -75.99422808   -76.09366459
 6331    2.1500  100.0000    1.8500   -76.34316419   -75.99606858   -76.09545044
 6332    2.1500  100.0000    1.9000   -76.34186922   -75.99688953   -76.09623837
 6333    2.1500  100.0000    2.0000   -76.33651900   -75.99635627   -76.09580084
 6334    2.1500  100.0000    2.1500   -76.32382524   -75.99281412   -76.09338588
 6335    2.1500  100.0000    2.3000   -76.30804966   -75.98924245   -76.09305426
 6336    2.1500  100.0000    2.4000   -76.29676085   -75.98798249   -76.09495850
 6337    2.1500  100.0000    2.6000   -76.27389953   -75.98878719   -76.10222569
 6338    2.1500  100.0000    2.8000   -76.25207169   -75.99220781   -76.11084085
 6339    2.1500  100.0000    3.0000   -76.23225249   -75.99609877   -76.11875987
 6340    2.1500  100.0000    3.3000   -76.20721741   -76.00089214   -76.12824076
 6341    2.1500  100.0000    3.6000   -76.18804348   -76.00399830   -76.13499394
 6342    2.1500  100.0000    4.0000   -76.17062772   -76.00621761   -76.14080059
 6343    2.1500  100.0000    4.5000   -76.15853644   -76.00750405   -76.14473874
 6344    2.1500  100.0000    5.0000   -76.15280692   -76.00814306   -76.14660754
 6345    2.1500  100.0000    6.0000   -76.14905216   -76.00857876   -76.14776016
 6346    2.1500  100.0000    7.0000   -76.14820545   -76.00855947   -76.14777955
 6347    2.1500  100.0000    8.0000   -76.14802835   -76.00851461   -76.14775569
 6348    2.1500  100.0000   10.0000   -76.14795993   -76.00846317   -76.14771126
 6349    2.1500  100.0000   12.0000   -76.14794813   -76.00844877   -76.14769820
 6350    2.1500  100.0000   14.0000   -76.14794480   -76.00844433   -76.14769413
 6351    2.1500  100.0000   16.0000   -76.14794364   -76.00844132   -76.14769273
    0    0.0000    0.0000    0.0000     0.00000000     0.00000000     0.00000000
 6352    2.1500  105.0000    1.2000   -76.09928464   -75.74234747   -75.83244905
 6353    2.1500  105.0000    1.3000   -76.19737165   -75.84271198   -75.93305715
 6354    2.1500  105.0000    1.4000   -76.26168940   -75.90946736   -76.00000785
 6355    2.1500  105.0000    1.5000   -76.30235939   -75.95278156   -76.04345070
 6356    2.1500  105.0000    1.6000   -76.32640164   -75.97972670   -76.07045227
 6357    2.1500  105.0000    1.7000   -76.33874149   -75.99529418   -76.08601951
 6358    2.1500  105.0000    1.7500   -76.34165627   -75.99997221   -76.09068617
 6359    2.1500  105.0000    1.8000   -76.34286752   -76.00306546   -76.09377100
 6360    2.1500  105.0000    1.8500   -76.34265856   -76.00487524   -76.09558610
 6361    2.1500  105.0000    1.9000   -76.34126954   -76.00566299   -76.09640922
 6362    2.1500  105.0000    2.0000   -76.33573626   -76.00506197   -76.09606546
 6363    2.1500  105.0000    2.1500   -76.32278652   -76.00143859   -76.09382396
 6364    2.1500  105.0000    2.3000   -76.30678422   -75.99783614   -76.09359262
 6365    2.1500  105.0000    2.4000   -76.29536240   -75.99654149   -76.09548174
 6366    2.1500  105.0000    2.6000   -76.27228630   -75.99701147   -76.10259834
 6367    2.1500  105.0000    2.8000   -76.25032017   -75.99978120   -76.11107904
 6368    2.1500  105.0000    3.0000   -76.23044695   -76.00288301   -76.11892407
 6369    2.1500  105.0000    3.3000   -76.20549218   -76.00641825   -76.12836236
 6370    2.1500  105.0000    3.6000   -76.18655465   -76.00822703   -76.13509623
 6371    2.1500  105.0000    4.0000   -76.16956494   -76.00884312   -76.14087990
 6372    2.1500  105.0000    4.5000   -76.15795392   -76.00872368   -76.14479107
 6373    2.1500  105.0000    5.0000   -76.15252575   -76.00865043   -76.14663825
 6374    2.1500  105.0000    6.0000   -76.14899710   -76.00865801   -76.14776789
 6375    2.1500  105.0000    7.0000   -76.14819468   -76.00857031   -76.14778047
 6376    2.1500  105.0000    8.0000   -76.14802639   -76.00851581   -76.14775570
 6377    2.1500  105.0000   10.0000   -76.14795984   -76.00846302   -76.14771118
 6378    2.1500  105.0000   12.0000   -76.14794812   -76.00844873   -76.14769818
 6379    2.1500  105.0000   14.0000   -76.14794480   -76.00844431   -76.14769412
 6380    2.1500  105.0000   16.0000   -76.14794364   -76.00844131   -76.14769273
    0    0.0000    0.0000    0.0000     0.00000000     0.00000000     0.00000000
 6381    2.1500  110.0000    1.2000   -76.09875379   -75.75033406   -75.83173846
 6382    2.1500  110.0000    1.3000   -76.19669579   -75.85077981   -75.93238813
 6383    2.1500  110.0000    1.4000   -76.26085422   -75.91759113   -75.99937576
 6384    2.1500  110.0000    1.5000   -76.30135561   -75.96094152   -76.04285498
 6385    2.1500  110.0000    1.6000   -76.32522346   -75.98789950   -76.06990213
 6386    2.1500  110.0000    1.7000   -76.33738755   -76.00346619   -76.08552843
 6387    2.1500  110.0000    1.7500   -76.34021484   -76.00814037   -76.09023403
 6388    2.1500  110.0000    1.8000   -76.34133948   -76.01122924   -76.09336532
 6389    2.1500  110.0000    1.8500   -76.34104512   -76.01303493   -76.09523643
 6390    2.1500  110.0000    1.9000   -76.33957225   -76.01382064   -76.09612646
 6391    2.1500  110.0000    2.0000   -76.33387769   -76.01322844   -76.09594951
 6392    2.1500  110.0000    2.1500   -76.32070689   -76.00966961   -76.09401108
 6393    2.1500  110.0000    2.3000   -76.30451545   -76.00617840   -76.09399042
 6394    2.1500  110.0000    2.4000   -76.29298851   -76.00493034   -76.09590594
 6395    2.1500  110.0000    2.6000   -76.26976052   -76.00526051   -76.10293139
 6396    2.1500  110.0000    2.8000   -76.24772964   -76.00759141   -76.11130937
 6397    2.1500  110.0000    3.0000   -76.22788302   -76.01005615   -76.11908932
 6398    2.1500  110.0000    3.3000   -76.20314322   -76.01243084   -76.12849169
 6399    2.1500  110.0000    3.6000   -76.18459255   -76.01293936   -76.13520933
 6400    2.1500  110.0000    4.0000   -76.16821273   -76.01183605   -76.14096874
 6401    2.1500  110.0000    4.5000   -76.15723782   -76.01013306   -76.14484975
 6402    2.1500  110.0000    5.0000   -76.15218886   -76.00923743   -76.14667252
 6403    2.1500  110.0000    6.0000   -76.14893367   -76.00874854   -76.14777624
 6404    2.1500  110.0000    7.0000   -76.14818297   -76.00858285   -76.14778165
 6405    2.1500  110.0000    8.0000   -76.14802446   -76.00851722   -76.14775579
 6406    2.1500  110.0000   10.0000   -76.14795984   -76.00846288   -76.14771114
 6407    2.1500  110.0000   12.0000   -76.14794815   -76.00844868   -76.14769817
 6408    2.1500  110.0000   14.0000   -76.14794481   -76.00844430   -76.14769413
 6409    2.1500  110.0000   16.0000   -76.14794364   -76.00844131   -76.14769273
    0    0.0000    0.0000    0.0000     0.00000000     0.00000000     0.00000000
 6410    2.1500  120.0000    1.2000   -76.09452721   -75.76446774   -75.82886586
 6411    2.1500  120.0000    1.3000   -76.19220695   -75.86502990   -75.92958564
 6412    2.1500  120.0000    1.4000   -76.25607518   -75.93193485   -75.99665304
 6413    2.1500  120.0000    1.5000   -76.29626817   -75.97535874   -76.04023587
 6414    2.1500  120.0000    1.6000   -76.31981932   -76.00238799   -76.06742541
 6415    2.1500  120.0000    1.7000   -76.33166598   -76.01803478   -76.08325600
 6416    2.1500  120.0000    1.7500   -76.33433660   -76.02275855   -76.08809368
 6417    2.1500  120.0000    1.8000   -76.33530703   -76.02590694   -76.09138120
 6418    2.1500  120.0000    1.8500   -76.33486168   -76.02778560   -76.09343651
 6419    2.1500  120.0000    1.9000   -76.33324186   -76.02866102   -76.09454082
 6420    2.1500  120.0000    2.0000   -76.32726845   -76.02831080   -76.09488430
 6421    2.1500  120.0000    2.1500   -76.31372702   -76.02528504   -76.09386083
 6422    2.1500  120.0000    2.3000   -76.29723549   -76.02240718   -76.09452959
 6423    2.1500  120.0000    2.4000   -76.28555565   -76.02146738   -76.09662909
 6424    2.1500  120.0000    2.6000   -76.26215560   -76.02189411   -76.10363109
 6425    2.1500  120.0000    2.8000   -76.24016316   -76.02369540   -76.11186569
 6426    2.1500  120.0000    3.0000   -76.22058682   -76.02518505   -76.11953212
 6427    2.1500  120.0000    3.3000   -76.19666856   -76.02540853   -76.12883421
 6428    2.1500  120.0000    3.6000   -76.17934982   -76.02328292   -76.13550782
 6429    2.1500  120.0000    4.0000   -76.16474444   -76.01850826   -76.14119526
 6430    2.1500  120.0000    4.5000   -76.15547821   -76.01330433   -76.14499419
 6431    2.1500  120.0000    5.0000   -76.15138595   -76.01055561   -76.14675457
 6432    2.1500  120.0000    6.0000   -76.14878863   -76.00894903   -76.14779529
 6433    2.1500  120.0000    7.0000   -76.14815761   -76.00861042   -76.14778468
 6434    2.1500  120.0000    8.0000   -76.14802058   -76.00852006   -76.14775596
 6435    2.1500  120.0000   10.0000   -76.14796002   -76.00846255   -76.14771110
 6436    2.1500  120.0000   12.0000   -76.14794829   -76.00844859   -76.14769820
 6437    2.1500  120.0000   14.0000   -76.14794487   -76.00844429   -76.14769415
 6438    2.1500  120.0000   16.0000   -76.14794367   -76.00844131   -76.14769274
    0    0.0000    0.0000    0.0000     0.00000000     0.00000000     0.00000000
 6439    2.1500  130.0000    1.2000   -76.08694625   -75.77660799   -75.82475804
 6440    2.1500  130.0000    1.3000   -76.18439016   -75.87724486   -75.92552935
 6441    2.1500  130.0000    1.4000   -76.24799333   -75.94423619   -75.99268207
 6442    2.1500  130.0000    1.5000   -76.28790223   -75.98776741   -76.03639863
 6443    2.1500  130.0000    1.6000   -76.31115955   -76.01493976   -76.06379025
 6444    2.1500  130.0000    1.7000   -76.32271065   -76.03078572   -76.07991545
 6445    2.1500  130.0000    1.7500   -76.32523506   -76.03563785   -76.08494329
 6446    2.1500  130.0000    1.8000   -76.32606142   -76.03893834   -76.08845447
 6447    2.1500  130.0000    1.8500   -76.32547501   -76.04099653   -76.09076891
 6448    2.1500  130.0000    1.9000   -76.32371797   -76.04208212   -76.09216948
 6449    2.1500  130.0000    2.0000   -76.31748483   -76.04225187   -76.09321068
 6450    2.1500  130.0000    2.1500   -76.30360066   -76.04022033   -76.09335501
 6451    2.1500  130.0000    2.3000   -76.28683937   -76.03836858   -76.09491519
 6452    2.1500  130.0000    2.4000   -76.27502954   -76.03796289   -76.09731986
 6453    2.1500  130.0000    2.6000   -76.25153029   -76.03887801   -76.10446301
 6454    2.1500  130.0000    2.8000   -76.22970260   -76.04046257   -76.11260674
 6455    2.1500  130.0000    3.0000   -76.21060589   -76.04117633   -76.12016342
 6456    2.1500  130.0000    3.3000   -76.18801294   -76.03932005   -76.12931689
 6457    2.1500  130.0000    3.6000   -76.17255870   -76.03435224   -76.13591558
 6458    2.1500  130.0000    4.0000   -76.16047412   -76.02560134   -76.14148966
 6459    2.1500  130.0000    4.5000   -76.15342376   -76.01665430   -76.14517397
 6460    2.1500  130.0000    5.0000   -76.15048003   -76.01193724   -76.14685352
 6461    2.1500  130.0000    6.0000   -76.14863163   -76.00915406   -76.14781791
 6462    2.1500  130.0000    7.0000   -76.14813137   -76.00863825   -76.14778849
 6463    2.1500  130.0000    8.0000   -76.14801674   -76.00852231   -76.14775595
 6464    2.1500  130.0000   10.0000   -76.14796035   -76.00846209   -76.14771104
 6465    2.1500  130.0000   12.0000   -76.14794850   -76.00844847   -76.14769823
 6466    2.1500  130.0000   14.0000   -76.14794496   -76.00844427   -76.14769417
 6467    2.1500  130.0000   16.0000   -76.14794370   -76.00844131   -76.14769276
    0    0.0000    0.0000    0.0000     0.00000000     0.00000000     0.00000000
 6468    2.1500  140.0000    1.2000   -76.07725368   -75.78716565   -75.82023586
 6469    2.1500  140.0000    1.3000   -76.17447800   -75.88785454   -75.92104077
 6470    2.1500  140.0000    1.4000   -76.23782958   -75.95494009   -75.98827831
 6471    2.1500  140.0000    1.5000   -76.27746404   -75.99861889   -76.03214665
 6472    2.1500  140.0000    1.6000   -76.30043181   -76.02600968   -76.05977688
 6473    2.1500  140.0000    1.7000   -76.31168458   -76.04216814   -76.07625072
 6474    2.1500  140.0000    1.7500   -76.31405832   -76.04722024   -76.08150173
 6475    2.1500  140.0000    1.8000   -76.31473398   -76.05075460   -76.08527186
 6476    2.1500  140.0000    1.8500   -76.31399767   -76.05308371   -76.08788248
 6477    2.1500  140.0000    1.9000   -76.31209237   -76.05447954   -76.08961596
 6478    2.1500  140.0000    2.0000   -76.30557060   -76.05538715   -76.09141702
 6479    2.1500  140.0000    2.1500   -76.29128474   -76.05467581   -76.09276612
 6480    2.1500  140.0000    2.3000   -76.27417774   -76.05413541   -76.09523754
 6481    2.1500  140.0000    2.4000   -76.26218507   -76.05444017   -76.09798894
 6482    2.1500  140.0000    2.6000   -76.23848729   -76.05619364   -76.10536012
 6483    2.1500  140.0000    2.8000   -76.21678036   -76.05786662   -76.11345528
 6484    2.1500  140.0000    3.0000   -76.19824547   -76.05796959   -76.12091043
 6485    2.1500  140.0000    3.3000   -76.17744556   -76.05394339   -76.12991158
 6486    2.1500  140.0000    3.6000   -76.16456122   -76.04573006   -76.13639405
 6487    2.1500  140.0000    4.0000   -76.15574182   -76.03263645   -76.14182691
 6488    2.1500  140.0000    4.5000   -76.15127272   -76.01989135   -76.14537424
 6489    2.1500  140.0000    5.0000   -76.14956118   -76.01325507   -76.14696207
 6490    2.1500  140.0000    6.0000   -76.14847767   -76.00934662   -76.14784300
 6491    2.1500  140.0000    7.0000   -76.14810648   -76.00866378   -76.14779279
 6492    2.1500  140.0000    8.0000   -76.14801326   -76.00852378   -76.14775584
 6493    2.1500  140.0000   10.0000   -76.14796073   -76.00846151   -76.14771093
 6494    2.1500  140.0000   12.0000   -76.14794873   -76.00844833   -76.14769825
 6495    2.1500  140.0000   14.0000   -76.14794505   -76.00844424   -76.14769420
 6496    2.1500  140.0000   16.0000   -76.14794374   -76.00844130   -76.14769277
    0    0.0000    0.0000    0.0000     0.00000000     0.00000000     0.00000000
 6497    2.1500  150.0000    1.2000   -76.06694464   -75.79623023   -75.81601448
 6498    2.1500  150.0000    1.3000   -76.16396283   -75.89696363   -75.91683778
 6499    2.1500  150.0000    1.4000   -76.22707228   -75.96415637   -75.98415200
 6500    2.1500  150.0000    1.5000   -76.26643652   -76.00801680   -76.02817035
 6501    2.1500  150.0000    1.6000   -76.28911075   -76.03568240   -76.05604112
 6502    2.1500  150.0000    1.7000   -76.30005024   -76.05223255   -76.07286469
 6503    2.1500  150.0000    1.7500   -76.30226101   -76.05753260   -76.07833680
 6504    2.1500  150.0000    1.8000   -76.30277013   -76.06135383   -76.08236050
 6505    2.1500  150.0000    1.8500   -76.30186413   -76.06401077   -76.08525688
 6506    2.1500  150.0000    1.9000   -76.29978654   -76.06577691   -76.08730621
 6507    2.1500  150.0000    2.0000   -76.29291383   -76.06754448   -76.08980662
 6508    2.1500  150.0000    2.1500   -76.27809335   -76.06832763   -76.09221621
 6509    2.1500  150.0000    2.3000   -76.26046325   -76.06927784   -76.09548597
 6510    2.1500  150.0000    2.4000   -76.24814280   -76.07044384   -76.09855777
 6511    2.1500  150.0000    2.6000   -76.22390982   -76.07344404   -76.10617610
 6512    2.1500  150.0000    2.8000   -76.20199845   -76.07566023   -76.11426429
 6513    2.1500  150.0000    3.0000   -76.18387888   -76.07544478   -76.12164338
 6514    2.1500  150.0000    3.3000   -76.16531045   -76.06903567   -76.13051265
 6515    2.1500  150.0000    3.6000   -76.15587677   -76.05694001   -76.13687214
 6516    2.1500  150.0000    4.0000   -76.15100504   -76.03913073   -76.14216146
 6517    2.1500  150.0000    4.5000   -76.14924930   -76.02275760   -76.14557106
 6518    2.1500  150.0000    5.0000   -76.14872232   -76.01440322   -76.14706859
 6519    2.1500  150.0000    6.0000   -76.14834098   -76.00951119   -76.14786804
 6520    2.1500  150.0000    7.0000   -76.14808508   -76.00868528   -76.14779714
 6521    2.1500  150.0000    8.0000   -76.14801048   -76.00852461   -76.14775580
 6522    2.1500  150.0000   10.0000   -76.14796108   -76.00846091   -76.14771079
 6523    2.1500  150.0000   12.0000   -76.14794895   -76.00844817   -76.14769825
 6524    2.1500  150.0000   14.0000   -76.14794513   -76.00844420   -76.14769422
 6525    2.1500  150.0000   16.0000   -76.14794378   -76.00844130   -76.14769278
    0    0.0000    0.0000    0.0000     0.00000000     0.00000000     0.00000000
 6526    2.1500  160.0000    1.2000   -76.05771004   -75.80347893   -75.81263500
 6527    2.1500  160.0000    1.3000   -76.15454382   -75.90425775   -75.91346561
 6528    2.1500  160.0000    1.4000   -76.21743458   -75.97156185   -75.98084164
 6529    2.1500  160.0000    1.5000   -76.25654865   -76.01561250   -76.02498627
 6530    2.1500  160.0000    1.6000   -76.27894248   -76.04356342   -76.05306056
 6531    2.1500  160.0000    1.7000   -76.28957165   -76.06051602   -76.07017740
 6532    2.1500  160.0000    1.7500   -76.29161626   -76.06606884   -76.07583274
 6533    2.1500  160.0000    1.8000   -76.29195191   -76.07018080   -76.08006428
 6534    2.1500  160.0000    1.8500   -76.29086505   -76.07316821   -76.08319197
 6535    2.1500  160.0000    1.9000   -76.28859874   -76.07530423   -76.08549319
 6536    2.1500  160.0000    2.0000   -76.28132413   -76.07792334   -76.08853964
 6537    2.1500  160.0000    2.1500   -76.26583861   -76.08018792   -76.09175382
 6538    2.1500  160.0000    2.3000   -76.24746676   -76.08268759   -76.09562974
 6539    2.1500  160.0000    2.4000   -76.23461067   -76.08484084   -76.09895329
 6540    2.1500  160.0000    2.6000   -76.20924842   -76.08961182   -76.10679095
 6541    2.1500  160.0000    2.8000   -76.18634113   -76.09317959   -76.11490364
 6542    2.1500  160.0000    3.0000   -76.16798786   -76.09335292   -76.12224235
 6543    2.1500  160.0000    3.3000   -76.15213831   -76.08420510   -76.13101811
 6544    2.1500  160.0000    3.6000   -76.14737079   -76.06718368   -76.13727567
 6545    2.1500  160.0000    4.0000   -76.14685203   -76.04451163   -76.14244441
 6546    2.1500  160.0000    4.5000   -76.14758520   -76.02501713   -76.14573761
 6547    2.1500  160.0000    5.0000   -76.14805039   -76.01529337   -76.14715899
 6548    2.1500  160.0000    6.0000   -76.14823398   -76.00963808   -76.14788944
 6549    2.1500  160.0000    7.0000   -76.14806890   -76.00870154   -76.14780099
 6550    2.1500  160.0000    8.0000   -76.14800861   -76.00852505   -76.14775589
 6551    2.1500  160.0000   10.0000   -76.14796135   -76.00846038   -76.14771065
 6552    2.1500  160.0000   12.0000   -76.14794913   -76.00844803   -76.14769825
 6553    2.1500  160.0000   14.0000   -76.14794520   -76.00844417   -76.14769423
 6554    2.1500  160.0000   16.0000   -76.14794380   -76.00844129   -76.14769279
    0    0.0000    0.0000    0.0000     0.00000000     0.00000000     0.00000000
 6555    2.1500  170.0000    1.2000   -76.05125113   -75.80827156   -75.81045946
 6556    2.1500  170.0000    1.3000   -76.14795361   -75.90909037   -75.91129426
 6557    2.1500  170.0000    1.4000   -76.21068497   -75.97648581   -75.97871065
 6558    2.1500  170.0000    1.5000   -76.24961259   -76.02068819   -76.02294010
 6559    2.1500  170.0000    1.6000   -76.27179141   -76.04886356   -76.05114951
 6560    2.1500  170.0000    1.7000   -76.28217479   -76.06612977   -76.06845842
 6561    2.1500  170.0000    1.7500   -76.28408448   -76.07187871   -76.07423235
 6562    2.1500  170.0000    1.8000   -76.28427680   -76.07621558   -76.07859728
 6563    2.1500  170.0000    1.8500   -76.28303745   -76.07945799   -76.08187178
 6564    2.1500  170.0000    1.9000   -76.28060855   -76.08187946   -76.08433135
 6565    2.1500  170.0000    2.0000   -76.27297519   -76.08515795   -76.08771669
 6566    2.1500  170.0000    2.1500   -76.25685423   -76.08859775   -76.09142484
 6567    2.1500  170.0000    2.3000   -76.23769378   -76.09241987   -76.09567582
 6568    2.1500  170.0000    2.4000   -76.22419818   -76.09551729   -76.09916100
 6569    2.1500  170.0000    2.6000   -76.19717940   -76.10239825   -76.10715410
 6570    2.1500  170.0000    2.8000   -76.17199761   -76.10851377   -76.11530150
 6571    2.1500  170.0000    3.0000   -76.15141406   -76.11105010   -76.12262866
 6572    2.1500  170.0000    3.3000   -76.13913987   -76.09836330   -76.13135415
 6573    2.1500  170.0000    3.6000   -76.14058281   -76.07498351   -76.13754092
 6574    2.1500  170.0000    4.0000   -76.14395648   -76.04813133   -76.14263343
 6575    2.1500  170.0000    4.5000   -76.14648839   -76.02646762   -76.14584935
 6576    2.1500  170.0000    5.0000   -76.14761633   -76.01585693   -76.14721990
 6577    2.1500  170.0000    6.0000   -76.14816607   -76.00971778   -76.14790396
 6578    2.1500  170.0000    7.0000   -76.14805899   -76.00871173   -76.14780372
 6579    2.1500  170.0000    8.0000   -76.14800761   -76.00852525   -76.14775605
 6580    2.1500  170.0000   10.0000   -76.14796153   -76.00846001   -76.14771054
 6581    2.1500  170.0000   12.0000   -76.14794924   -76.00844793   -76.14769825
 6582    2.1500  170.0000   14.0000   -76.14794525   -76.00844414   -76.14769424
 6583    2.1500  170.0000   16.0000   -76.14794382   -76.00844128   -76.14769280
    0    0.0000    0.0000    0.0000     0.00000000     0.00000000     0.00000000
 6584    2.1500  179.9900    1.2000   -76.04892151   -75.80996006   -75.80970793
 6585    2.1500  179.9900    1.3000   -76.14557580   -75.91079593   -75.91054439
 6586    2.1500  179.9900    1.4000   -76.20824796   -75.97822787   -75.97797553
 6587    2.1500  179.9900    1.5000   -76.24710539   -76.02248960   -76.02223503
 6588    2.1500  179.9900    1.6000   -76.26920168   -76.05075164   -76.05049175
 6589    2.1500  179.9900    1.7000   -76.27948881   -76.06813801   -76.06786697
 6590    2.1500  179.9900    1.7500   -76.28134488   -76.07396188   -76.07368144
 6591    2.1500  179.9900    1.8000   -76.28147958   -76.07838475   -76.07809151
 6592    2.1500  179.9900    1.8500   -76.28017819   -76.08172457   -76.08141552
 6593    2.1500  179.9900    1.9000   -76.27768230   -76.08425520   -76.08392766
 6594    2.1500  179.9900    2.0000   -76.26989799   -76.08778730   -76.08742416
 6595    2.1500  179.9900    2.1500   -76.25349860   -76.09168905   -76.09129538
 6596    2.1500  179.9900    2.3000   -76.23396998   -76.09606884   -76.09567716
 6597    2.1500  179.9900    2.4000   -76.22015259   -76.09959814   -76.09922003
 6598    2.1500  179.9900    2.6000   -76.19216489   -76.10761686   -76.10727099
 6599    2.1500  179.9900    2.8000   -76.16507488   -76.11574883   -76.11543498
 6600    2.1500  179.9900    3.0000   -76.13979611   -76.12305119   -76.12276196
 6601    2.1500  179.9900    3.3000   -76.13174226   -76.10615943   -76.13147975
 6602    2.1500  179.9900    3.6000   -76.13784442   -76.07805277   -76.13763191
 6603    2.1500  179.9900    4.0000   -76.14290975   -76.04941729   -76.14269983
 6604    2.1500  179.9900    4.5000   -76.14610516   -76.02696814   -76.14588873
 6605    2.1500  179.9900    5.0000   -76.14736857   -76.01598509   -76.14712945
 6606    2.1500  179.9900    6.0000   -76.14805072   -76.00971452   -76.14780179
 6607    2.1500  179.9900    7.0000   -76.14805568   -76.00871518   -76.14780472
 6608    2.1500  179.9900    8.0000   -76.14800731   -76.00852533   -76.14775613
 6609    2.1500  179.9900   10.0000   -76.14796159   -76.00845988   -76.14771050
 6610    2.1500  179.9900   12.0000   -76.14794928   -76.00844790   -76.14769825
 6611    2.1500  179.9900   14.0000   -76.14794526   -76.00844414   -76.14769424
 6612    2.1500  179.9900   16.0000   -76.14794383   -76.00844128   -76.14769281
    0    0.0000    0.0000    0.0000     0.00000000     0.00000000     0.00000000
 6613    2.3000    0.0100    1.2000   -75.79863270   -75.66690424   -75.66666526
 6614    2.3000    0.0100    1.3000   -75.87175160   -75.72622215   -75.72597817
 6615    2.3000    0.0100    1.4000   -75.89619883   -75.73962963   -75.73935151
 6616    2.3000    0.0100    1.5000   -75.87450961   -75.71065280   -75.71037496
 6617    2.3000    0.0100    1.6000   -75.80225007   -75.63548673   -75.63520190
 6618    2.3000    0.0100    1.7000   -40.00000000   -40.00000000   -40.00000000
 6619    2.3000    0.0100    1.7500   -40.00000000   -40.00000000   -40.00000000
 6620    2.3000    0.0100    1.8000   -40.00000000   -40.00000000   -40.00000000
 6621    2.3000    0.0100    1.8500   -40.00000000   -40.00000000   -40.00000000
 6622    2.3000    0.0100    1.9000   -40.00000000   -40.00000000   -40.00000000
 6623    2.3000    0.0100    2.0000   -40.00000000   -40.00000000   -40.00000000
 6624    2.3000    0.0100    2.1500   -40.00000000   -40.00000000   -40.00000000
 6625    2.3000    0.0100    2.3000   -40.00000000   -40.00000000   -40.00000000
 6626    2.3000    0.0100    2.4000   -40.00000000   -40.00000000   -40.00000000
 6627    2.3000    0.0100    2.6000   -40.00000000   -40.00000000   -40.00000000
 6628    2.3000    0.0100    2.8000   -40.00000000   -40.00000000   -40.00000000
 6629    2.3000    0.0100    3.0000   -75.84170745   -75.78922250   -75.78886052
 6630    2.3000    0.0100    3.3000   -76.05192276   -76.01405347   -76.01372241
 6631    2.3000    0.0100    3.6000   -76.10730333   -76.08604368   -76.08569561
 6632    2.3000    0.0100    4.0000   -76.11349144   -76.10832466   -76.11316625
 6633    2.3000    0.0100    4.5000   -76.12281056   -76.07981988   -76.12252789
 6634    2.3000    0.0100    5.0000   -76.12776679   -76.05018287   -76.12751547
 6635    2.3000    0.0100    6.0000   -76.13244877   -76.01386192   -76.13220078
 6636    2.3000    0.0100    7.0000   -76.13340431   -76.00244452   -76.13315986
 6637    2.3000    0.0100    8.0000   -76.13343754   -75.99988958   -76.13318940
 6638    2.3000    0.0100   10.0000   -76.13330925   -75.99919727   -76.13305829
 6639    2.3000    0.0100   12.0000   -76.13327174   -75.99913653   -76.13302069
 6640    2.3000    0.0100   14.0000   -76.13326201   -75.99912409   -76.13301101
 6641    2.3000    0.0100   16.0000   -76.13325892   -75.99912029   -76.13300795
    0    0.0000    0.0000    0.0000     0.00000000     0.00000000     0.00000000
 6642    2.3000   10.0000    1.2000   -75.81794360   -75.67295421   -75.68089132
 6643    2.3000   10.0000    1.3000   -75.89660025   -75.74090534   -75.74734492
 6644    2.3000   10.0000    1.4000   -75.93149669   -75.76715009   -75.77237815
 6645    2.3000   10.0000    1.5000   -75.92903032   -75.75894617   -75.76320921
 6646    2.3000   10.0000    1.6000   -75.89185208   -75.71966006   -75.72313432
 6647    2.3000   10.0000    1.7000   -40.00000000   -40.00000000   -40.00000000
 6648    2.3000   10.0000    1.7500   -40.00000000   -40.00000000   -40.00000000
 6649    2.3000   10.0000    1.8000   -40.00000000   -40.00000000   -40.00000000
 6650    2.3000   10.0000    1.8500   -40.00000000   -40.00000000   -40.00000000
 6651    2.3000   10.0000    1.9000   -40.00000000   -40.00000000   -40.00000000
 6652    2.3000   10.0000    2.0000   -40.00000000   -40.00000000   -40.00000000
 6653    2.3000   10.0000    2.1500   -40.00000000   -40.00000000   -40.00000000
 6654    2.3000   10.0000    2.3000   -40.00000000   -40.00000000   -40.00000000
 6655    2.3000   10.0000    2.4000   -40.00000000   -40.00000000   -40.00000000
 6656    2.3000   10.0000    2.6000   -40.00000000   -40.00000000   -40.00000000
 6657    2.3000   10.0000    2.8000   -40.00000000   -40.00000000   -40.00000000
 6658    2.3000   10.0000    3.0000   -75.97574737   -75.91761830   -75.91870242
 6659    2.3000   10.0000    3.3000   -76.08759611   -76.04547645   -76.04700346
 6660    2.3000   10.0000    3.6000   -76.11808787   -76.09174833   -76.09454340
 6661    2.3000   10.0000    4.0000   -76.11994660   -76.10177219   -76.11456463
 6662    2.3000   10.0000    4.5000   -76.12416405   -76.07561567   -76.12283865
 6663    2.3000   10.0000    5.0000   -76.12835239   -76.04718985   -76.12771806
 6664    2.3000   10.0000    6.0000   -76.13256643   -76.01280839   -76.13224678
 6665    2.3000   10.0000    7.0000   -76.13341697   -76.00219996   -76.13315833
 6666    2.3000   10.0000    8.0000   -76.13343375   -75.99983839   -76.13318301
 6667    2.3000   10.0000   10.0000   -76.13330740   -75.99919387   -76.13305653
 6668    2.3000   10.0000   12.0000   -76.13327133   -75.99913599   -76.13302034
 6669    2.3000   10.0000   14.0000   -76.13326189   -75.99912393   -76.13301091
 6670    2.3000   10.0000   16.0000   -76.13325888   -75.99912023   -76.13300791
    0    0.0000    0.0000    0.0000     0.00000000     0.00000000     0.00000000
 6671    2.3000   20.0000    1.2000   -75.86329541   -75.68443986   -75.71380192
 6672    2.3000   20.0000    1.3000   -75.95217145   -75.76882899   -75.79378869
 6673    2.3000   20.0000    1.4000   -76.00449252   -75.81757857   -75.83875338
 6674    2.3000   20.0000    1.5000   -76.03019221   -75.84129139   -75.85923605
 6675    2.3000   20.0000    1.6000   -76.03642004   -75.84771604   -75.86294041
 6676    2.3000   20.0000    1.7000   -76.02918925   -75.84318517   -75.85614228
 6677    2.3000   20.0000    1.7500   -76.02212432   -75.83845363   -75.85043013
 6678    2.3000   20.0000    1.8000   -76.01361393   -75.83290651   -75.84399874
 6679    2.3000   20.0000    1.8500   -76.00429970   -75.82713923   -75.83743941
 6680    2.3000   20.0000    1.9000   -75.99482238   -75.82172744   -75.83132281
 6681    2.3000   20.0000    2.0000   -75.97826727   -75.81428122   -75.82274505
 6682    2.3000   20.0000    2.1500   -75.96552381   -75.81729052   -75.82452965
 6683    2.3000   20.0000    2.3000   -75.97394595   -75.84208036   -75.84846512
 6684    2.3000   20.0000    2.4000   -75.99073231   -75.86909018   -75.87514417
 6685    2.3000   20.0000    2.6000   -76.03742238   -75.93436090   -75.94011674
 6686    2.3000   20.0000    2.8000   -76.08240747   -75.99545756   -76.00131138
 6687    2.3000   20.0000    3.0000   -76.11375055   -76.04087583   -76.04727296
 6688    2.3000   20.0000    3.3000   -76.13414633   -76.07946816   -76.08775685
 6689    2.3000   20.0000    3.6000   -76.13437855   -76.09354980   -76.10622445
 6690    2.3000   20.0000    4.0000   -76.12780201   -76.08901804   -76.11667658
 6691    2.3000   20.0000    4.5000   -76.12739214   -76.06420662   -76.12364612
 6692    2.3000   20.0000    5.0000   -76.12990628   -76.03917296   -76.12828127
 6693    2.3000   20.0000    6.0000   -76.13287971   -76.01009281   -76.13236796
 6694    2.3000   20.0000    7.0000   -76.13344964   -76.00158067   -76.13315322
 6695    2.3000   20.0000    8.0000   -76.13342369   -75.99970843   -76.13316625
 6696    2.3000   20.0000   10.0000   -76.13330271   -75.99918507   -76.13305203
 6697    2.3000   20.0000   12.0000   -76.13327023   -75.99913454   -76.13301936
 6698    2.3000   20.0000   14.0000   -76.13326157   -75.99912350   -76.13301061
 6699    2.3000   20.0000   16.0000   -76.13325876   -75.99912007   -76.13300779
    0    0.0000    0.0000    0.0000     0.00000000     0.00000000     0.00000000
 6700    2.3000   30.0000    1.2000   -75.91485738   -75.69131385   -75.74962559
 6701    2.3000   30.0000    1.3000   -76.01082043   -75.78818901   -75.83978704
 6702    2.3000   30.0000    1.4000   -76.07325491   -75.85191122   -75.89740606
 6703    2.3000   30.0000    1.5000   -76.11256588   -75.89323372   -75.93324788
 6704    2.3000   30.0000    1.6000   -76.13614371   -75.91987946   -75.95502754
 6705    2.3000   30.0000    1.7000   -76.14932973   -75.93745837   -75.96834424
 6706    2.3000   30.0000    1.7500   -76.15328929   -75.94416296   -75.97314124
 6707    2.3000   30.0000    1.8000   -76.15602132   -75.95001453   -75.97723297
 6708    2.3000   30.0000    1.8500   -76.15776369   -75.95530593   -75.98095473
 6709    2.3000   30.0000    1.9000   -76.15894840   -75.96032940   -75.98452586
 6710    2.3000   30.0000    2.0000   -76.16021516   -75.97020550   -75.99192256
 6711    2.3000   30.0000    2.1500   -76.16136728   -75.98598956   -76.00495123
 6712    2.3000   30.0000    2.3000   -76.16304860   -76.00331261   -76.02053430
 6713    2.3000   30.0000    2.4000   -76.16448947   -76.01521279   -76.03174077
 6714    2.3000   30.0000    2.6000   -76.16702074   -76.03778470   -76.05382425
 6715    2.3000   30.0000    2.8000   -76.16737627   -76.05630013   -76.07286194
 6716    2.3000   30.0000    3.0000   -76.16457527   -76.06944044   -76.08748318
 6717    2.3000   30.0000    3.3000   -76.15545630   -76.07954570   -76.10192442
 6718    2.3000   30.0000    3.6000   -76.14444900   -76.08031744   -76.11059642
 6719    2.3000   30.0000    4.0000   -76.13449395   -76.07015974   -76.11820298
 6720    2.3000   30.0000    4.5000   -76.13138546   -76.04854847   -76.12485432
 6721    2.3000   30.0000    5.0000   -76.13198185   -76.02853106   -76.12908873
 6722    2.3000   30.0000    6.0000   -76.13329307   -76.00677137   -76.13253252
 6723    2.3000   30.0000    7.0000   -76.13348986   -76.00083921   -76.13314455
 6724    2.3000   30.0000    8.0000   -76.13341021   -75.99955150   -76.13314393
 6725    2.3000   30.0000   10.0000   -76.13329678   -75.99917390   -76.13304629
 6726    2.3000   30.0000   12.0000   -76.13326872   -75.99913254   -76.13301801
 6727    2.3000   30.0000   14.0000   -76.13326111   -75.99912290   -76.13301019
 6728    2.3000   30.0000   16.0000   -76.13325859   -75.99911984   -76.13300764
    0    0.0000    0.0000    0.0000     0.00000000     0.00000000     0.00000000
 6729    2.3000   45.0000    1.2000   -75.98159529   -75.68610486   -75.79214472
 6730    2.3000   45.0000    1.3000   -76.08110528   -75.79103951   -75.88904989
 6731    2.3000   45.0000    1.4000   -76.14750118   -75.86306290   -75.95336006
 6732    2.3000   45.0000    1.5000   -76.19094061   -75.91240721   -75.99537675
 6733    2.3000   45.0000    1.6000   -76.21844389   -75.94618485   -76.02226207
 6734    2.3000   45.0000    1.7000   -76.23489815   -75.96938031   -76.03904521
 6735    2.3000   45.0000    1.7500   -76.24009286   -75.97814959   -76.04480368
 6736    2.3000   45.0000    1.8000   -76.24371609   -75.98549755   -76.04928088
 6737    2.3000   45.0000    1.8500   -76.24603642   -75.99170062   -76.05276271
 6738    2.3000   45.0000    1.9000   -76.24727763   -75.99699045   -76.05548978
 6739    2.3000   45.0000    2.0000   -76.24723753   -76.00555410   -76.05945280
 6740    2.3000   45.0000    2.1500   -76.24283063   -76.01526945   -76.06376877
 6741    2.3000   45.0000    2.3000   -76.23528958   -76.02303800   -76.06814828
 6742    2.3000   45.0000    2.4000   -76.22924658   -76.02760992   -76.07156691
 6743    2.3000   45.0000    2.6000   -76.21589643   -76.03558141   -76.07948224
 6744    2.3000   45.0000    2.8000   -76.20196138   -76.04179354   -76.08785501
 6745    2.3000   45.0000    3.0000   -76.18836601   -76.04596731   -76.09569493
 6746    2.3000   45.0000    3.3000   -76.17011180   -76.04827337   -76.10562994
 6747    2.3000   45.0000    3.6000   -76.15587454   -76.04611904   -76.11339516
 6748    2.3000   45.0000    4.0000   -76.14395084   -76.03799970   -76.12100203
 6749    2.3000   45.0000    4.5000   -76.13735773   -76.02456266   -76.12703092
 6750    2.3000   45.0000    5.0000   -76.13507011   -76.01329588   -76.13034800
 6751    2.3000   45.0000    6.0000   -76.13387653   -76.00255443   -76.13275226
 6752    2.3000   45.0000    7.0000   -76.13353951   -75.99993958   -76.13312753
 6753    2.3000   45.0000    8.0000   -76.13338917   -75.99935711   -76.13311214
 6754    2.3000   45.0000   10.0000   -76.13328798   -75.99915829   -76.13303784
 6755    2.3000   45.0000   12.0000   -76.13326634   -75.99912944   -76.13301588
 6756    2.3000   45.0000   14.0000   -76.13326035   -75.99912194   -76.13300951
 6757    2.3000   45.0000   16.0000   -76.13325830   -75.99911946   -76.13300737
    0    0.0000    0.0000    0.0000     0.00000000     0.00000000     0.00000000
 6758    2.3000   60.0000    1.2000   -76.02983735   -75.66886790   -75.81925714
 6759    2.3000   60.0000    1.3000   -76.12949849   -75.77526572   -75.91820319
 6760    2.3000   60.0000    1.4000   -76.19569762   -75.84859603   -75.98396164
 6761    2.3000   60.0000    1.5000   -76.23853376   -75.89883410   -76.02668130
 6762    2.3000   60.0000    1.6000   -76.26499409   -75.93292967   -76.05340177
 6763    2.3000   60.0000    1.7000   -76.27996173   -75.95576576   -76.06907212
 6764    2.3000   60.0000    1.7500   -76.28425375   -75.96408884   -76.07390844
 6765    2.3000   60.0000    1.8000   -76.28687540   -75.97081214   -76.07722220
 6766    2.3000   60.0000    1.8500   -76.28810289   -75.97621831   -76.07930783
 6767    2.3000   60.0000    1.9000   -76.28816927   -75.98054759   -76.08042056
 6768    2.3000   60.0000    2.0000   -76.28557599   -75.98676360   -76.08059766
 6769    2.3000   60.0000    2.1500   -76.27700972   -75.99223047   -76.07844438
 6770    2.3000   60.0000    2.3000   -76.26521706   -75.99556826   -76.07683817
 6771    2.3000   60.0000    2.4000   -76.25644276   -75.99747057   -76.07734315
 6772    2.3000   60.0000    2.6000   -76.23818495   -76.00145831   -76.08250799
 6773    2.3000   60.0000    2.8000   -76.22032095   -76.00564800   -76.09059116
 6774    2.3000   60.0000    3.0000   -76.20381234   -76.00933890   -76.09881581
 6775    2.3000   60.0000    3.3000   -76.18265716   -76.01284593   -76.10919713
 6776    2.3000   60.0000    3.6000   -76.16635654   -76.01363959   -76.11688632
 6777    2.3000   60.0000    4.0000   -76.15170127   -76.01153044   -76.12377308
 6778    2.3000   60.0000    4.5000   -76.14181722   -76.00703125   -76.12871784
 6779    2.3000   60.0000    5.0000   -76.13726215   -76.00338559   -76.13121685
 6780    2.3000   60.0000    6.0000   -76.13425021   -76.00022309   -76.13288311
 6781    2.3000   60.0000    7.0000   -76.13356156   -75.99945680   -76.13311131
 6782    2.3000   60.0000    8.0000   -76.13337079   -75.99924880   -76.13308898
 6783    2.3000   60.0000   10.0000   -76.13328121   -75.99914780   -76.13303153
 6784    2.3000   60.0000   12.0000   -76.13326445   -75.99912714   -76.13301421
 6785    2.3000   60.0000   14.0000   -76.13325970   -75.99912118   -76.13300893
 6786    2.3000   60.0000   16.0000   -76.13325804   -75.99911915   -76.13300713
    0    0.0000    0.0000    0.0000     0.00000000     0.00000000     0.00000000
 6787    2.3000   70.0000    1.2000   -76.05245939   -75.67284503   -75.83060208
 6788    2.3000   70.0000    1.3000   -76.15179951   -75.77122784   -75.93008723
 6789    2.3000   70.0000    1.4000   -76.21752298   -75.83736737   -75.99614352
 6790    2.3000   70.0000    1.5000   -76.25977612   -75.88376819   -76.03889783
 6791    2.3000   70.0000    1.6000   -76.28550055   -75.91742737   -76.06537628
 6792    2.3000   70.0000    1.7000   -76.29961786   -75.93983992   -76.08052062
 6793    2.3000   70.0000    1.7500   -76.30344863   -75.94790740   -76.08498636
 6794    2.3000   70.0000    1.8000   -76.30558925   -75.95434192   -76.08785774
 6795    2.3000   70.0000    1.8500   -76.30631921   -75.95942516   -76.08942956
 6796    2.3000   70.0000    1.9000   -76.30587489   -75.96339784   -76.08995812
 6797    2.3000   70.0000    2.0000   -76.30223363   -75.96881064   -76.08876751
 6798    2.3000   70.0000    2.1500   -76.29207461   -75.97292015   -76.08419845
 6799    2.3000   70.0000    2.3000   -76.27873107   -75.97493550   -76.08032809
 6800    2.3000   70.0000    2.4000   -76.26897542   -75.97614491   -76.07990326
 6801    2.3000   70.0000    2.6000   -76.24892811   -75.97955718   -76.08471705
 6802    2.3000   70.0000    2.8000   -76.22952866   -75.98420253   -76.09300416
 6803    2.3000   70.0000    3.0000   -76.21172309   -75.98895848   -76.10123844
 6804    2.3000   70.0000    3.3000   -76.18896137   -75.99464811   -76.11133348
 6805    2.3000   70.0000    3.6000   -76.17129662   -75.99811628   -76.11861313
 6806    2.3000   70.0000    4.0000   -76.15504367   -76.00004061   -76.12496965
 6807    2.3000   70.0000    4.5000   -76.14359655   -76.00029057   -76.12935660
 6808    2.3000   70.0000    5.0000   -76.13808722   -75.99996367   -76.13152364
 6809    2.3000   70.0000    6.0000   -76.13437215   -75.99950674   -76.13292439
 6810    2.3000   70.0000    7.0000   -76.13356200   -75.99930978   -76.13310277
 6811    2.3000   70.0000    8.0000   -76.13336121   -75.99921438   -76.13307970
 6812    2.3000   70.0000   10.0000   -76.13327821   -75.99914387   -76.13302891
 6813    2.3000   70.0000   12.0000   -76.13326355   -75.99912615   -76.13301346
 6814    2.3000   70.0000   14.0000   -76.13325937   -75.99912084   -76.13300866
 6815    2.3000   70.0000   16.0000   -76.13325790   -75.99911901   -76.13300702
    0    0.0000    0.0000    0.0000     0.00000000     0.00000000     0.00000000
 6816    2.3000   80.0000    1.2000   -76.06828135   -75.69749507   -75.83773922
 6817    2.3000   80.0000    1.3000   -76.16726150   -75.79646716   -75.93753603
 6818    2.3000   80.0000    1.4000   -76.23255499   -75.86204740   -76.00376045
 6819    2.3000   80.0000    1.5000   -76.27426921   -75.90440440   -76.04653502
 6820    2.3000   80.0000    1.6000   -76.29940976   -75.93060073   -76.07288546
 6821    2.3000   80.0000    1.7000   -76.31288788   -75.94563232   -76.08775502
 6822    2.3000   80.0000    1.7500   -76.31638202   -75.95012779   -76.09202871
 6823    2.3000   80.0000    1.8000   -76.31817695   -75.95310424   -76.09467163
 6824    2.3000   80.0000    1.8500   -76.31855394   -75.95487859   -76.09597862
 6825    2.3000   80.0000    1.9000   -76.31775129   -75.95573280   -76.09620512
 6826    2.3000   80.0000    2.0000   -76.31338477   -75.95575464   -76.09429924
 6827    2.3000   80.0000    2.1500   -76.30214790   -75.95499070   -76.08842139
 6828    2.3000   80.0000    2.3000   -76.28775103   -75.95568688   -76.08326367
 6829    2.3000   80.0000    2.4000   -76.27731812   -75.95712090   -76.08231469
 6830    2.3000   80.0000    2.6000   -76.25601118   -75.96259693   -76.08686881
 6831    2.3000   80.0000    2.8000   -76.23549704   -75.96959809   -76.09501869
 6832    2.3000   80.0000    3.0000   -76.21672145   -75.97622189   -76.10300682
 6833    2.3000   80.0000    3.3000   -76.19274085   -75.98414257   -76.11270016
 6834    2.3000   80.0000    3.6000   -76.17408746   -75.98965935   -76.11963957
 6835    2.3000   80.0000    4.0000   -76.15681140   -75.99423080   -76.12566172
 6836    2.3000   80.0000    4.5000   -76.14450262   -75.99715580   -76.12979755
 6837    2.3000   80.0000    5.0000   -76.13851247   -75.99846495   -76.13179052
 6838    2.3000   80.0000    6.0000   -76.13441024   -75.99920068   -76.13294526
 6839    2.3000   80.0000    7.0000   -76.13355477   -75.99924602   -76.13309805
 6840    2.3000   80.0000    8.0000   -76.13335402   -75.99919847   -76.13307461
 6841    2.3000   80.0000   10.0000   -76.13327625   -75.99914171   -76.13302732
 6842    2.3000   80.0000   12.0000   -76.13326293   -75.99912558   -76.13301298
 6843    2.3000   80.0000   14.0000   -76.13325914   -75.99912063   -76.13300848
 6844    2.3000   80.0000   16.0000   -76.13325781   -75.99911892   -76.13300694
    0    0.0000    0.0000    0.0000     0.00000000     0.00000000     0.00000000
 6845    2.3000   90.0000    1.2000   -76.07793394   -75.71938657   -75.84145243
 6846    2.3000   90.0000    1.3000   -76.17657983   -75.81884794   -75.94145959
 6847    2.3000   90.0000    1.4000   -76.24148728   -75.88477224   -76.00781241
 6848    2.3000   90.0000    1.5000   -76.28277100   -75.92732989   -76.05063362
 6849    2.3000   90.0000    1.6000   -76.30744801   -75.95360728   -76.07695408
 6850    2.3000   90.0000    1.7000   -76.32043859   -75.96857164   -76.09172574
 6851    2.3000   90.0000    1.7500   -76.32368196   -75.97295666   -76.09592735
 6852    2.3000   90.0000    1.8000   -76.32522256   -75.97575269   -76.09848309
 6853    2.3000   90.0000    1.8500   -76.32534257   -75.97725131   -76.09968868
 6854    2.3000   90.0000    1.9000   -76.32428115   -75.97770403   -76.09980099
 6855    2.3000   90.0000    2.0000   -76.31939531   -75.97630983   -76.09763035
 6856    2.3000   90.0000    2.1500   -76.30738215   -75.97098089   -76.09128606
 6857    2.3000   90.0000    2.3000   -76.29224682   -75.96499944   -76.08566214
 6858    2.3000   90.0000    2.4000   -76.28135011   -75.96235935   -76.08445910
 6859    2.3000   90.0000    2.6000   -76.25918298   -75.96349640   -76.08858484
 6860    2.3000   90.0000    2.8000   -76.23792313   -75.96944896   -76.09635206
 6861    2.3000   90.0000    3.0000   -76.21852464   -75.97568002   -76.10403816
 6862    2.3000   90.0000    3.3000   -76.19382916   -75.98328719   -76.11341949
 6863    2.3000   90.0000    3.6000   -76.17469686   -75.98871831   -76.12015815
 6864    2.3000   90.0000    4.0000   -76.15705129   -75.99341837   -76.12599300
 6865    2.3000   90.0000    4.5000   -76.14454061   -75.99664543   -76.12997477
 6866    2.3000   90.0000    5.0000   -76.13849060   -75.99820164   -76.13187933
 6867    2.3000   90.0000    6.0000   -76.13438203   -75.99913862   -76.13295846
 6868    2.3000   90.0000    7.0000   -76.13354175   -75.99922994   -76.13309670
 6869    2.3000   90.0000    8.0000   -76.13334867   -75.99919321   -76.13307236
 6870    2.3000   90.0000   10.0000   -76.13327508   -75.99914064   -76.13302645
 6871    2.3000   90.0000   12.0000   -76.13326254   -75.99912526   -76.13301269
 6872    2.3000   90.0000   14.0000   -76.13325900   -75.99912051   -76.13300838
 6873    2.3000   90.0000   16.0000   -76.13325775   -75.99911888   -76.13300690
    0    0.0000    0.0000    0.0000     0.00000000     0.00000000     0.00000000
 6874    2.3000  100.0000    1.2000   -76.08198436   -75.73830753   -75.84242134
 6875    2.3000  100.0000    1.3000   -76.18034368   -75.83813370   -75.94257818
 6876    2.3000  100.0000    1.4000   -76.24493591   -75.90433874   -76.00904074
 6877    2.3000  100.0000    1.5000   -76.28588205   -75.94708048   -76.05193957
 6878    2.3000  100.0000    1.6000   -76.31020122   -75.97341488   -76.07831250
 6879    2.3000  100.0000    1.7000   -76.32281775   -75.98830883   -76.09311920
 6880    2.3000  100.0000    1.7500   -76.32587019   -75.99261492   -76.09733582
 6881    2.3000  100.0000    1.8000   -76.32721835   -75.99530478   -76.09990838
 6882    2.3000  100.0000    1.8500   -76.32714529   -75.99667261   -76.10113433
 6883    2.3000  100.0000    1.9000   -76.32589073   -75.99697020   -76.10127355
 6884    2.3000  100.0000    2.0000   -76.32062115   -75.99520622   -76.09918584
 6885    2.3000  100.0000    2.1500   -76.30804966   -75.98924245   -76.09305426
 6886    2.3000  100.0000    2.3000   -76.29240130   -75.98261850   -76.08764094
 6887    2.3000  100.0000    2.4000   -76.28119754   -75.97935805   -76.08640540
 6888    2.3000  100.0000    2.6000   -76.25850185   -75.97771133   -76.09001653
 6889    2.3000  100.0000    2.8000   -76.23682931   -75.98062457   -76.09728435
 6890    2.3000  100.0000    3.0000   -76.21714873   -75.98466383   -76.10466837
 6891    2.3000  100.0000    3.3000   -76.19227805   -75.98986877   -76.11382108
 6892    2.3000  100.0000    3.6000   -76.17322392   -75.99341630   -76.12045029
 6893    2.3000  100.0000    4.0000   -76.15590853   -75.99616754   -76.12619074
 6894    2.3000  100.0000    4.5000   -76.14386495   -75.99787873   -76.13009148
 6895    2.3000  100.0000    5.0000   -76.13814363   -75.99870999   -76.13194352
 6896    2.3000  100.0000    6.0000   -76.13430161   -75.99921387   -76.13297114
 6897    2.3000  100.0000    7.0000   -76.13352368   -75.99923874   -76.13309745
 6898    2.3000  100.0000    8.0000   -76.13334431   -75.99919322   -76.13307165
 6899    2.3000  100.0000   10.0000   -76.13327449   -75.99914012   -76.13302603
 6900    2.3000  100.0000   12.0000   -76.13326237   -75.99912510   -76.13301255
 6901    2.3000  100.0000   14.0000   -76.13325894   -75.99912045   -76.13300833
 6902    2.3000  100.0000   16.0000   -76.13325773   -75.99911886   -76.13300688
    0    0.0000    0.0000    0.0000     0.00000000     0.00000000     0.00000000
 6903    2.3000  105.0000    1.2000   -76.08211873   -75.74685965   -75.84211118
 6904    2.3000  105.0000    1.3000   -76.18034910   -75.84681068   -75.94232832
 6905    2.3000  105.0000    1.4000   -76.24480002   -75.91310642   -76.00884398
 6906    2.3000  105.0000    1.5000   -76.28559627   -75.95590701   -76.05179125
 6907    2.3000  105.0000    1.6000   -76.30976025   -75.98226909   -76.07821256
 6908    2.3000  105.0000    1.7000   -76.32221917   -75.99716081   -76.09307394
 6909    2.3000  105.0000    1.7500   -76.32519277   -76.00145521   -76.09732277
 6910    2.3000  105.0000    1.8000   -76.32646254   -76.00412694   -76.09993239
 6911    2.3000  105.0000    1.8500   -76.32631178   -76.00547009   -76.10120196
 6912    2.3000  105.0000    1.9000   -76.32498071   -76.00573842   -76.10139230
 6913    2.3000  105.0000    2.0000   -76.31956278   -76.00390499   -76.09943676
 6914    2.3000  105.0000    2.1500   -76.30678422   -75.99783614   -76.09359262
 6915    2.3000  105.0000    2.3000   -76.29095017   -75.99114518   -76.08849262
 6916    2.3000  105.0000    2.4000   -76.27963965   -75.98781350   -76.08733339
 6917    2.3000  105.0000    2.6000   -76.25677847   -75.98563536   -76.09073165
 6918    2.3000  105.0000    2.8000   -76.23501138   -75.98765402   -76.09773763
 6919    2.3000  105.0000    3.0000   -76.21531206   -75.99078269   -76.10496463
 6920    2.3000  105.0000    3.3000   -76.19055431   -75.99471380   -76.11400389
 6921    2.3000  105.0000    3.6000   -76.17175277   -75.99706750   -76.12058666
 6922    2.3000  105.0000    4.0000   -76.15486803   -75.99841338   -76.12628714
 6923    2.3000  105.0000    4.5000   -76.14329697   -75.99892199   -76.13015088
 6924    2.3000  105.0000    5.0000   -76.13786953   -75.99914736   -76.13197717
 6925    2.3000  105.0000    6.0000   -76.13424574   -75.99928158   -76.13297843
 6926    2.3000  105.0000    7.0000   -76.13351298   -75.99924808   -76.13309776
 6927    2.3000  105.0000    8.0000   -76.13334228   -75.99919413   -76.13307158
 6928    2.3000  105.0000   10.0000   -76.13327435   -75.99913993   -76.13302591
 6929    2.3000  105.0000   12.0000   -76.13326235   -75.99912505   -76.13301251
 6930    2.3000  105.0000   14.0000   -76.13325894   -75.99912044   -76.13300832
 6931    2.3000  105.0000   16.0000   -76.13325773   -75.99911885   -76.13300688
    0    0.0000    0.0000    0.0000     0.00000000     0.00000000     0.00000000
 6932    2.3000  110.0000    1.2000   -76.08111308   -75.75492978   -75.84138139
 6933    2.3000  110.0000    1.3000   -76.17922289   -75.85497296   -75.94165253
 6934    2.3000  110.0000    1.4000   -76.24354200   -75.92134104   -76.00822022
 6935    2.3000  110.0000    1.5000   -76.28419906   -75.96419235   -76.05122198
 6936    2.3000  110.0000    1.6000   -76.30821997   -75.99058531   -76.07770606
 6937    2.3000  110.0000    1.7000   -76.32053513   -76.00549219   -76.09264627
 6938    2.3000  110.0000    1.7500   -76.32343737   -76.00978794   -76.09694314
 6939    2.3000  110.0000    1.8000   -76.32463663   -76.01245836   -76.09960842
 6940    2.3000  110.0000    1.8500   -76.32441656   -76.01379862   -76.10094285
 6941    2.3000  110.0000    1.9000   -76.32301769   -76.01406321   -76.10120906
 6942    2.3000  110.0000    2.0000   -76.31746997   -76.01222565   -76.09944420
 6943    2.3000  110.0000    2.1500   -76.30451545   -76.00617840   -76.09399042
 6944    2.3000  110.0000    2.3000   -76.28853410   -75.99955189   -76.08929060
 6945    2.3000  110.0000    2.4000   -76.27714304   -75.99623440   -76.08825205
 6946    2.3000  110.0000    2.6000   -76.25417462   -75.99375396   -76.09149193
 6947    2.3000  110.0000    2.8000   -76.23237982   -75.99509876   -76.09824244
 6948    2.3000  110.0000    3.0000   -76.21273864   -75.99745505   -76.10530361
 6949    2.3000  110.0000    3.3000   -76.18822524   -76.00016776   -76.11421501
 6950    2.3000  110.0000    3.6000   -76.16981987   -76.00126772   -76.12074366
 6951    2.3000  110.0000    4.0000   -76.15354379   -76.00104732   -76.12639770
 6952    2.3000  110.0000    4.5000   -76.14259695   -76.00015777   -76.13021831
 6953    2.3000  110.0000    5.0000   -76.13754002   -75.99966558   -76.13201497
 6954    2.3000  110.0000    6.0000   -76.13418158   -75.99936166   -76.13298671
 6955    2.3000  110.0000    7.0000   -76.13350132   -75.99925928   -76.13309893
 6956    2.3000  110.0000    8.0000   -76.13334028   -75.99919529   -76.13307158
 6957    2.3000  110.0000   10.0000   -76.13327431   -75.99913976   -76.13302583
 6958    2.3000  110.0000   12.0000   -76.13326236   -75.99912500   -76.13301250
 6959    2.3000  110.0000   14.0000   -76.13325895   -75.99912043   -76.13300832
 6960    2.3000  110.0000   16.0000   -76.13325773   -75.99911885   -76.13300688
    0    0.0000    0.0000    0.0000     0.00000000     0.00000000     0.00000000
 6961    2.3000  120.0000    1.2000   -76.07608123   -75.76989350   -75.83900420
 6962    2.3000  120.0000    1.3000   -76.17397063   -75.87006591   -75.93935895
 6963    2.3000  120.0000    1.4000   -76.23804686   -75.93654343   -76.00602670
 6964    2.3000  120.0000    1.5000   -76.27844738   -75.97948724   -76.04915288
 6965    2.3000  120.0000    1.6000   -76.30220609   -76.00596179   -76.07580010
 6966    2.3000  120.0000    1.7000   -76.31426024   -76.02094785   -76.09095898
 6967    2.3000  120.0000    1.7500   -76.31703443   -76.02528787   -76.09539266
 6968    2.3000  120.0000    1.8000   -76.31810820   -76.02800770   -76.09821698
 6969    2.3000  120.0000    1.8500   -76.31776588   -76.02940463   -76.09973590
 6970    2.3000  120.0000    1.9000   -76.31624866   -76.02973557   -76.10021529
 6971    2.3000  120.0000    2.0000   -76.31047863   -76.02807013   -76.09897344
 6972    2.3000  120.0000    2.1500   -76.29723549   -76.02240718   -76.09452959
 6973    2.3000  120.0000    2.3000   -76.28103146   -76.01626260   -76.09081301
 6974    2.3000  120.0000    2.4000   -76.26953493   -76.01317649   -76.09011566
 6975    2.3000  120.0000    2.6000   -76.24648161   -76.01048472   -76.09320476
 6976    2.3000  120.0000    2.8000   -76.22479667   -76.01086528   -76.09948224
 6977    2.3000  120.0000    3.0000   -76.20547923   -76.01192891   -76.10618876
 6978    2.3000  120.0000    3.3000   -76.18184278   -76.01231902   -76.11478876
 6979    2.3000  120.0000    3.6000   -76.16466676   -76.01076599   -76.12115727
 6980    2.3000  120.0000    4.0000   -76.15014655   -76.00707645   -76.12668218
 6981    2.3000  120.0000    4.5000   -76.14087307   -76.00299800   -76.13038615
 6982    2.3000  120.0000    5.0000   -76.13675225   -76.00085091   -76.13210652
 6983    2.3000  120.0000    6.0000   -76.13403524   -75.99954302   -76.13300690
 6984    2.3000  120.0000    7.0000   -76.13347605   -75.99928444   -76.13310204
 6985    2.3000  120.0000    8.0000   -76.13333624   -75.99919765   -76.13307157
 6986    2.3000  120.0000   10.0000   -76.13327443   -75.99913936   -76.13302570
 6987    2.3000  120.0000   12.0000   -76.13326247   -75.99912489   -76.13301249
 6988    2.3000  120.0000   14.0000   -76.13325899   -75.99912041   -76.13300833
 6989    2.3000  120.0000   16.0000   -76.13325775   -75.99911885   -76.13300689
    0    0.0000    0.0000    0.0000     0.00000000     0.00000000     0.00000000
 6990    2.3000  130.0000    1.2000   -76.06779753   -75.78363578   -75.83592992
 6991    2.3000  130.0000    1.3000   -76.16548414   -75.88388379   -75.93634346
 6992    2.3000  130.0000    1.4000   -76.22933326   -75.95044802   -76.00310418
 6993    2.3000  130.0000    1.5000   -76.26949169   -75.99349398   -76.04637008
 6994    2.3000  130.0000    1.6000   -76.29300185   -76.02009561   -76.07321875
 6995    2.3000  130.0000    1.7000   -76.30480816   -76.03524703   -76.08865854
 6996    2.3000  130.0000    1.7500   -76.30746068   -76.03968922   -76.09326923
 6997    2.3000  130.0000    1.8000   -76.30841525   -76.04252721   -76.09629870
 6998    2.3000  130.0000    1.8500   -76.30795692   -76.04406092   -76.09805359
 6999    2.3000  130.0000    1.9000   -76.30632765   -76.04454996   -76.09880193
 7000    2.3000  130.0000    2.0000   -76.30034836   -76.04327242   -76.09820046
 7001    2.3000  130.0000    2.1500   -76.28683937   -76.03836858   -76.09491519
 7002    2.3000  130.0000    2.3000   -76.27043994   -76.03305948   -76.09226216
 7003    2.3000  130.0000    2.4000   -76.25886381   -76.03040481   -76.09197456
 7004    2.3000  130.0000    2.6000   -76.23580557   -76.02788920   -76.09509895
 7005    2.3000  130.0000    2.8000   -76.21436776   -76.02764755   -76.10098582
 7006    2.3000  130.0000    3.0000   -76.19559274   -76.02760455   -76.10733081
 7007    2.3000  130.0000    3.3000   -76.17333334   -76.02566182   -76.11556796
 7008    2.3000  130.0000    3.6000   -76.15800104   -76.02118908   -76.12170453
 7009    2.3000  130.0000    4.0000   -76.14596269   -76.01363708   -76.12705060
 7010    2.3000  130.0000    4.5000   -76.13885636   -76.00605195   -76.13059608
 7011    2.3000  130.0000    5.0000   -76.13586103   -76.00211035   -76.13221792
 7012    2.3000  130.0000    6.0000   -76.13387702   -75.99973310   -76.13303198
 7013    2.3000  130.0000    7.0000   -76.13344982   -75.99931007   -76.13310600
 7014    2.3000  130.0000    8.0000   -76.13333225   -75.99919947   -76.13307142
 7015    2.3000  130.0000   10.0000   -76.13327469   -75.99913883   -76.13302555
 7016    2.3000  130.0000   12.0000   -76.13326265   -75.99912476   -76.13301248
 7017    2.3000  130.0000   14.0000   -76.13325907   -75.99912039   -76.13300835
 7018    2.3000  130.0000   16.0000   -76.13325779   -75.99911885   -76.13300691
    0    0.0000    0.0000    0.0000     0.00000000     0.00000000     0.00000000
 7019    2.3000  140.0000    1.2000   -76.05740330   -75.79632528   -75.83271992
 7020    2.3000  140.0000    1.3000   -76.15489392   -75.89662571   -75.93317215
 7021    2.3000  140.0000    1.4000   -76.21851991   -75.96327852   -76.00001910
 7022    2.3000  140.0000    1.5000   -76.25843512   -76.00645593   -76.04343033
 7023    2.3000  140.0000    1.6000   -76.28169024   -76.03324204   -76.07049737
 7024    2.3000  140.0000    1.7000   -76.29323583   -76.04864543   -76.08624585
 7025    2.3000  140.0000    1.7500   -76.29575758   -76.05324470   -76.09105016
 7026    2.3000  140.0000    1.8000   -76.29658205   -76.05626359   -76.09430214
 7027    2.3000  140.0000    1.8500   -76.29599504   -76.05800431   -76.09630999
 7028    2.3000  140.0000    1.9000   -76.29423928   -76.05872855   -76.09734251
 7029    2.3000  140.0000    2.0000   -76.28801676   -76.05800977   -76.09739874
 7030    2.3000  140.0000    2.1500   -76.27417774   -76.05413541   -76.09523754
 7031    2.3000  140.0000    2.3000   -76.25751301   -76.04990393   -76.09357048
 7032    2.3000  140.0000    2.4000   -76.24581028   -76.04782847   -76.09368434
 7033    2.3000  140.0000    2.6000   -76.22267033   -76.04583104   -76.09695048
 7034    2.3000  140.0000    2.8000   -76.20146783   -76.04529125   -76.10255465
 7035    2.3000  140.0000    3.0000   -76.18335065   -76.04430044   -76.10857955
 7036    2.3000  140.0000    3.3000   -76.16295292   -76.03987861   -76.11645383
 7037    2.3000  140.0000    3.6000   -76.15015962   -76.03207949   -76.12232879
 7038    2.3000  140.0000    4.0000   -76.14132498   -76.02024959   -76.12746764
 7039    2.3000  140.0000    4.5000   -76.13674134   -76.00904041   -76.13082964
 7040    2.3000  140.0000    5.0000   -76.13495501   -76.00332236   -76.13234041
 7041    2.3000  140.0000    6.0000   -76.13372176   -75.99991378   -76.13306027
 7042    2.3000  140.0000    7.0000   -76.13342490   -75.99933376   -76.13311049
 7043    2.3000  140.0000    8.0000   -76.13332866   -75.99920059   -76.13307122
 7044    2.3000  140.0000   10.0000   -76.13327499   -75.99913818   -76.13302535
 7045    2.3000  140.0000   12.0000   -76.13326286   -75.99912458   -76.13301247
 7046    2.3000  140.0000   14.0000   -76.13325915   -75.99912035   -76.13300836
 7047    2.3000  140.0000   16.0000   -76.13325782   -75.99911885   -76.13300692
    0    0.0000    0.0000    0.0000     0.00000000     0.00000000     0.00000000
 7048    2.3000  150.0000    1.2000   -76.04633066   -75.80773403   -75.82981791
 7049    2.3000  150.0000    1.3000   -76.14362628   -75.90808638   -75.93029341
 7050    2.3000  150.0000    1.4000   -76.20702401   -75.97484565   -75.99721486
 7051    2.3000  150.0000    1.5000   -76.24668649   -76.01819013   -76.04076184
 7052    2.3000  150.0000    1.6000   -76.26966840   -76.04521447   -76.06803722
 7053    2.3000  150.0000    1.7000   -76.28092406   -76.06094191   -76.08407904
 7054    2.3000  150.0000    1.7500   -76.28329574   -76.06574064   -76.08906553
 7055    2.3000  150.0000    1.8000   -76.28396740   -76.06898711   -76.09252485
 7056    2.3000  150.0000    1.8500   -76.28322541   -76.07098550   -76.09476560
 7057    2.3000  150.0000    1.9000   -76.28131305   -76.07199881   -76.09605606
 7058    2.3000  150.0000    2.0000   -76.27477434   -76.07195235   -76.09669474
 7059    2.3000  150.0000    2.1500   -76.26046325   -76.06927784   -76.09548597
 7060    2.3000  150.0000    2.3000   -76.24335083   -76.06629606   -76.09462712
 7061    2.3000  150.0000    2.4000   -76.23137998   -76.06494238   -76.09507823
 7062    2.3000  150.0000    2.6000   -76.20784853   -76.06387479   -76.09852620
 7063    2.3000  150.0000    2.8000   -76.18661336   -76.06349373   -76.10395733
 7064    2.3000  150.0000    3.0000   -76.16908279   -76.06181599   -76.10974030
 7065    2.3000  150.0000    3.3000   -76.15105248   -76.05466049   -76.11730836
 7066    2.3000  150.0000    3.6000   -76.14165957   -76.04292019   -76.12294492
 7067    2.3000  150.0000    4.0000   -76.13668194   -76.02642333   -76.12787746
 7068    2.3000  150.0000    4.5000   -76.13474889   -76.01171229   -76.13105769
 7069    2.3000  150.0000    5.0000   -76.13412633   -76.00438542   -76.13246029
 7070    2.3000  150.0000    6.0000   -76.13358379   -76.00007039   -76.13308845
 7071    2.3000  150.0000    7.0000   -76.13340347   -75.99935375   -76.13311505
 7072    2.3000  150.0000    8.0000   -76.13332582   -75.99920116   -76.13307115
 7073    2.3000  150.0000   10.0000   -76.13327526   -75.99913748   -76.13302510
 7074    2.3000  150.0000   12.0000   -76.13326305   -75.99912440   -76.13301243
 7075    2.3000  150.0000   14.0000   -76.13325923   -75.99912031   -76.13300837
 7076    2.3000  150.0000   16.0000   -76.13325786   -75.99911884   -76.13300693
    0    0.0000    0.0000    0.0000     0.00000000     0.00000000     0.00000000
 7077    2.3000  160.0000    1.2000   -76.03629861   -75.81716683   -75.82753528
 7078    2.3000  160.0000    1.3000   -76.13341105   -75.91758110   -75.92802444
 7079    2.3000  160.0000    1.4000   -76.19659073   -75.98446141   -75.99500408
 7080    2.3000  160.0000    1.5000   -76.23600436   -76.02799243   -76.03866104
 7081    2.3000  160.0000    1.6000   -76.25870821   -76.05527882   -76.06610585
 7082    2.3000  160.0000    1.7000   -76.26965709   -76.07135754   -76.08238439
 7083    2.3000  160.0000    1.7500   -76.27186487   -76.07637045   -76.08751638
 7084    2.3000  160.0000    1.8000   -76.27236572   -76.07985977   -76.09113988
 7085    2.3000  160.0000    1.8500   -76.27144609   -76.08213142   -76.09356315
 7086    2.3000  160.0000    1.9000   -76.26934917   -76.08344934   -76.09505347
 7087    2.3000  160.0000    2.0000   -76.26241956   -76.08410609   -76.09613566
 7088    2.3000  160.0000    2.1500   -76.24746676   -76.08268759   -76.09562974
 7089    2.3000  160.0000    2.3000   -76.22965037   -76.08107278   -76.09535591
 7090    2.3000  160.0000    2.4000   -76.21718176   -76.08059995   -76.09605868
 7091    2.3000  160.0000    2.6000   -76.19264515   -76.08104592   -76.09967687
 7092    2.3000  160.0000    2.8000   -76.17063799   -76.08163966   -76.10502557
 7093    2.3000  160.0000    3.0000   -76.15319818   -76.07988187   -76.11065769
 7094    2.3000  160.0000    3.3000   -76.13819148   -76.06951592   -76.11800660
 7095    2.3000  160.0000    3.6000   -76.13336008   -76.05287174   -76.12346071
 7096    2.3000  160.0000    4.0000   -76.13261087   -76.03157784   -76.12822063
 7097    2.3000  160.0000    4.5000   -76.13310833   -76.01383399   -76.13125037
 7098    2.3000  160.0000    5.0000   -76.13346166   -76.00521392   -76.13256109
 7099    2.3000  160.0000    6.0000   -76.13347570   -76.00019104   -76.13311256
 7100    2.3000  160.0000    7.0000   -76.13338726   -75.99936888   -76.13311911
 7101    2.3000  160.0000    8.0000   -76.13332392   -75.99920139   -76.13307125
 7102    2.3000  160.0000   10.0000   -76.13327548   -75.99913687   -76.13302487
 7103    2.3000  160.0000   12.0000   -76.13326321   -75.99912423   -76.13301240
 7104    2.3000  160.0000   14.0000   -76.13325930   -75.99912027   -76.13300837
 7105    2.3000  160.0000   16.0000   -76.13325788   -75.99911883   -76.13300694
    0    0.0000    0.0000    0.0000     0.00000000     0.00000000     0.00000000
 7106    2.3000  170.0000    1.2000   -76.02918447   -75.82355427   -75.82607712
 7107    2.3000  170.0000    1.3000   -76.12615829   -75.92402807   -75.92657458
 7108    2.3000  170.0000    1.4000   -76.18916952   -75.99101504   -75.99359214
 7109    2.3000  170.0000    1.5000   -76.22838612   -76.03470545   -76.03732102
 7110    2.3000  170.0000    1.6000   -76.25086313   -76.06221177   -76.06487553
 7111    2.3000  170.0000    1.7000   -76.26155301   -76.07858186   -76.08130504
 7112    2.3000  170.0000    1.7500   -76.26361847   -76.08377175   -76.08652889
 7113    2.3000  170.0000    1.8000   -76.26396813   -76.08746127   -76.09025516
 7114    2.3000  170.0000    1.8500   -76.26288794   -76.08995797   -76.09279180
 7115    2.3000  170.0000    1.9000   -76.26062020   -76.09152715   -76.09440540
 7116    2.3000  170.0000    2.0000   -76.25331408   -76.09276741   -76.09575907
 7117    2.3000  170.0000    2.1500   -76.23769378   -76.09241987   -76.09567582
 7118    2.3000  170.0000    2.3000   -76.21905195   -76.09206720   -76.09575262
 7119    2.3000  170.0000    2.4000   -76.20591764   -76.09251849   -76.09661138
 7120    2.3000  170.0000    2.6000   -76.17968262   -76.09503050   -76.10035580
 7121    2.3000  170.0000    2.8000   -76.15546430   -76.09801463   -76.10567995
 7122    2.3000  170.0000    3.0000   -76.13630818   -76.09801923   -76.11123787
 7123    2.3000  170.0000    3.3000   -76.12569350   -76.08319004   -76.11846026
 7124    2.3000  170.0000    3.6000   -76.12677269   -76.06044624   -76.12380063
 7125    2.3000  170.0000    4.0000   -76.12977268   -76.03506101   -76.12844889
 7126    2.3000  170.0000    4.5000   -76.13202615   -76.01520276   -76.13137919
 7127    2.3000  170.0000    5.0000   -76.13303197   -76.00574039   -76.13262921
 7128    2.3000  170.0000    6.0000   -76.13340710   -76.00026726   -76.13312836
 7129    2.3000  170.0000    7.0000   -76.13337733   -75.99937831   -76.13312198
 7130    2.3000  170.0000    8.0000   -76.13332291   -75.99920147   -76.13307142
 7131    2.3000  170.0000   10.0000   -76.13327562   -75.99913644   -76.13302471
 7132    2.3000  170.0000   12.0000   -76.13326331   -75.99912412   -76.13301237
 7133    2.3000  170.0000   14.0000   -76.13325934   -75.99912025   -76.13300838
 7134    2.3000  170.0000   16.0000   -76.13325790   -75.99911882   -76.13300694
    0    0.0000    0.0000    0.0000     0.00000000     0.00000000     0.00000000
 7135    2.3000  179.9900    1.2000   -76.02659355   -75.82583583   -75.82557433
 7136    2.3000  179.9900    1.3000   -76.12351458   -75.92633570   -75.92607489
 7137    2.3000  179.9900    1.4000   -76.18646077   -75.99336713   -75.99310602
 7138    2.3000  179.9900    1.5000   -76.22560014   -76.03712259   -76.03686020
 7139    2.3000  179.9900    1.6000   -76.24798660   -76.06471753   -76.06445257
 7140    2.3000  179.9900    1.7000   -76.25857076   -76.08120439   -76.08093346
 7141    2.3000  179.9900    1.7500   -76.26057709   -76.08646509   -76.08618825
 7142    2.3000  179.9900    1.8000   -76.26086316   -76.09023478   -76.08994892
 7143    2.3000  179.9900    1.8500   -76.25971455   -76.09282183   -76.09252325
 7144    2.3000  179.9900    1.9000   -76.25737297   -76.09449219   -76.09417767
 7145    2.3000  179.9900    2.0000   -76.24990017   -76.09596792   -76.09562151
 7146    2.3000  179.9900    2.1500   -76.23396998   -76.09606884   -76.09567716
 7147    2.3000  179.9900    2.3000   -76.21491431   -76.09628109   -76.09586622
 7148    2.3000  179.9900    2.4000   -76.20141555   -76.09718984   -76.09678255
 7149    2.3000  179.9900    2.6000   -76.17407042   -76.10095187   -76.10057657
 7150    2.3000  179.9900    2.8000   -76.14762812   -76.10623841   -76.10589845
 7151    2.3000  179.9900    3.0000   -76.12300705   -76.11174477   -76.11143673
 7152    2.3000  179.9900    3.3000   -76.11890984   -76.09038627   -76.11863471
 7153    2.3000  179.9900    3.6000   -76.12413040   -76.06341909   -76.12391899
 7154    2.3000  179.9900    4.0000   -76.12874682   -76.03630101   -76.12852881
 7155    2.3000  179.9900    4.5000   -76.13154441   -76.01560356   -76.13131040
 7156    2.3000  179.9900    5.0000   -76.13278078   -76.00587183   -76.13253882
 7157    2.3000  179.9900    6.0000   -76.13338363   -76.00029332   -76.13313418
 7158    2.3000  179.9900    7.0000   -76.13337401   -75.99938152   -76.13312303
 7159    2.3000  179.9900    8.0000   -76.13332263   -75.99920148   -76.13307150
 7160    2.3000  179.9900   10.0000   -76.13327567   -75.99913628   -76.13302465
 7161    2.3000  179.9900   12.0000   -76.13326334   -75.99912408   -76.13301237
 7162    2.3000  179.9900   14.0000   -76.13325935   -75.99912024   -76.13300839
 7163    2.3000  179.9900   16.0000   -76.13325791   -75.99911882   -76.13300694
    0    0.0000    0.0000    0.0000     0.00000000     0.00000000     0.00000000
 7164    2.4000    0.0100    1.2000   -75.81512327   -75.71049637   -75.71026243
 7165    2.4000    0.0100    1.3000   -75.89911640   -75.77975044   -75.77951063
 7166    2.4000    0.0100    1.4000   -75.93923862   -75.80749354   -75.80721588
 7167    2.4000    0.0100    1.5000   -75.94060342   -75.79985252   -75.79957395
 7168    2.4000    0.0100    1.6000   -75.90317102   -75.75741299   -75.75712860
 7169    2.4000    0.0100    1.7000   -75.82024510   -75.67397187   -75.67367604
 7170    2.4000    0.0100    1.7500   -40.00000000   -40.00000000   -40.00000000
 7171    2.4000    0.0100    1.8000   -40.00000000   -40.00000000   -40.00000000
 7172    2.4000    0.0100    1.8500   -40.00000000   -40.00000000   -40.00000000
 7173    2.4000    0.0100    1.9000   -40.00000000   -40.00000000   -40.00000000
 7174    2.4000    0.0100    2.0000   -40.00000000   -40.00000000   -40.00000000
 7175    2.4000    0.0100    2.1500   -40.00000000   -40.00000000   -40.00000000
 7176    2.4000    0.0100    2.3000   -40.00000000   -40.00000000   -40.00000000
 7177    2.4000    0.0100    2.4000   -40.00000000   -40.00000000   -40.00000000
 7178    2.4000    0.0100    2.6000   -40.00000000   -40.00000000   -40.00000000
 7179    2.4000    0.0100    2.8000   -40.00000000   -40.00000000   -40.00000000
 7180    2.4000    0.0100    3.0000   -40.00000000   -40.00000000   -40.00000000
 7181    2.4000    0.0100    3.3000   -76.00736107   -75.97199930   -75.97167671
 7182    2.4000    0.0100    3.6000   -76.09513578   -76.07240676   -76.07205173
 7183    2.4000    0.0100    4.0000   -76.10851563   -76.10662515   -76.10629093
 7184    2.4000    0.0100    4.5000   -76.11365080   -76.08183242   -76.11335625
 7185    2.4000    0.0100    5.0000   -76.11704835   -76.05042073   -76.11679102
 7186    2.4000    0.0100    6.0000   -76.12161622   -76.00976608   -76.12137180
 7187    2.4000    0.0100    7.0000   -76.12278156   -75.99618589   -76.12253952
 7188    2.4000    0.0100    8.0000   -76.12286835   -75.99305616   -76.12262163
 7189    2.4000    0.0100   10.0000   -76.12274206   -75.99221558   -76.12249217
 7190    2.4000    0.0100   12.0000   -76.12270093   -75.99214546   -76.12245092
 7191    2.4000    0.0100   14.0000   -76.12269026   -75.99213167   -76.12244028
 7192    2.4000    0.0100   16.0000   -76.12268693   -75.99212747   -76.12243697
    0    0.0000    0.0000    0.0000     0.00000000     0.00000000     0.00000000
 7193    2.4000   10.0000    1.2000   -75.83230732   -75.71165672   -75.72084171
 7194    2.4000   10.0000    1.3000   -75.91912747   -75.78762286   -75.79493886
 7195    2.4000   10.0000    1.4000   -75.96531489   -75.82442549   -75.83027019
 7196    2.4000   10.0000    1.5000   -75.97824570   -75.83035312   -75.83505513
 7197    2.4000   10.0000    1.6000   -75.96180357   -75.81010824   -75.81388897
 7198    2.4000   10.0000    1.7000   -75.91661328   -75.76482127   -75.76786009
 7199    2.4000   10.0000    1.7500   -75.88284385   -75.73244221   -75.73516786
 7200    2.4000   10.0000    1.8000   -75.84123077   -75.69313876   -75.69558636
 7201    2.4000   10.0000    1.8500   -40.00000000   -40.00000000   -40.00000000
 7202    2.4000   10.0000    1.9000   -40.00000000   -40.00000000   -40.00000000
 7203    2.4000   10.0000    2.0000   -40.00000000   -40.00000000   -40.00000000
 7204    2.4000   10.0000    2.1500   -40.00000000   -40.00000000   -40.00000000
 7205    2.4000   10.0000    2.3000   -40.00000000   -40.00000000   -40.00000000
 7206    2.4000   10.0000    2.4000   -40.00000000   -40.00000000   -40.00000000
 7207    2.4000   10.0000    2.6000   -40.00000000   -40.00000000   -40.00000000
 7208    2.4000   10.0000    2.8000   -40.00000000   -40.00000000   -40.00000000
 7209    2.4000   10.0000    3.0000   -75.91271217   -75.86017382   -75.86099263
 7210    2.4000   10.0000    3.3000   -76.06364550   -76.02410161   -76.02517577
 7211    2.4000   10.0000    3.6000   -76.11049930   -76.08378484   -76.08559797
 7212    2.4000   10.0000    4.0000   -76.11505929   -76.10070210   -76.10778957
 7213    2.4000   10.0000    4.5000   -76.11481529   -76.07706657   -76.11336660
 7214    2.4000   10.0000    5.0000   -76.11757911   -76.04691502   -76.11692343
 7215    2.4000   10.0000    6.0000   -76.12174961   -76.00846335   -76.12143217
 7216    2.4000   10.0000    7.0000   -76.12279778   -75.99587228   -76.12254161
 7217    2.4000   10.0000    8.0000   -76.12286461   -75.99299052   -76.12261509
 7218    2.4000   10.0000   10.0000   -76.12273984   -75.99221138   -76.12249008
 7219    2.4000   10.0000   12.0000   -76.12270046   -75.99214483   -76.12245049
 7220    2.4000   10.0000   14.0000   -76.12269013   -75.99213148   -76.12244016
 7221    2.4000   10.0000   16.0000   -76.12268688   -75.99212741   -76.12243692
    0    0.0000    0.0000    0.0000     0.00000000     0.00000000     0.00000000
 7222    2.4000   20.0000    1.2000   -75.87232746   -75.71334628   -75.74585540
 7223    2.4000   20.0000    1.3000   -75.96497622   -75.80207440   -75.82950689
 7224    2.4000   20.0000    1.4000   -76.02194242   -75.85550474   -75.87858858
 7225    2.4000   20.0000    1.5000   -76.05301703   -75.88412646   -75.90351567
 7226    2.4000   20.0000    1.6000   -76.06500265   -75.89538041   -75.91167617
 7227    2.4000   20.0000    1.7000   -76.06331338   -75.89513907   -75.90885222
 7228    2.4000   20.0000    1.7500   -76.05866847   -75.89211425   -75.90470935
 7229    2.4000   20.0000    1.8000   -76.05216520   -75.88782837   -75.89941292
 7230    2.4000   20.0000    1.8500   -76.04430103   -75.88275215   -75.89342806
 7231    2.4000   20.0000    1.9000   -76.03557576   -75.87733896   -75.88720250
 7232    2.4000   20.0000    2.0000   -76.01798241   -75.86741835   -75.87595550
 7233    2.4000   20.0000    2.1500   -75.99672174   -75.86010548   -75.86718877
 7234    2.4000   20.0000    2.3000   -75.99073231   -75.86909018   -75.87514417
 7235    2.4000   20.0000    2.4000   -75.99750745   -75.88531093   -75.89093044
 7236    2.4000   20.0000    2.6000   -76.02989512   -75.93486331   -75.93998522
 7237    2.4000   20.0000    2.8000   -76.07022159   -75.98989116   -75.99489393
 7238    2.4000   20.0000    3.0000   -76.10285355   -76.03509305   -76.04035411
 7239    2.4000   20.0000    3.3000   -76.12764547   -76.07594078   -76.08240180
 7240    2.4000   20.0000    3.6000   -76.13013906   -76.09143397   -76.10083282
 7241    2.4000   20.0000    4.0000   -76.12134692   -76.08863851   -76.10899096
 7242    2.4000   20.0000    4.5000   -76.11746510   -76.06419674   -76.11349355
 7243    2.4000   20.0000    5.0000   -76.11903995   -76.03757852   -76.11737251
 7244    2.4000   20.0000    6.0000   -76.12210700   -76.00512676   -76.12159478
 7245    2.4000   20.0000    7.0000   -76.12284145   -75.99508566   -76.12254621
 7246    2.4000   20.0000    8.0000   -76.12285473   -75.99282539   -76.12259804
 7247    2.4000   20.0000   10.0000   -76.12273433   -75.99220055   -76.12248478
 7248    2.4000   20.0000   12.0000   -76.12269916   -75.99214311   -76.12244933
 7249    2.4000   20.0000   14.0000   -76.12268976   -75.99213098   -76.12243981
 7250    2.4000   20.0000   16.0000   -76.12268675   -75.99212722   -76.12243680
    0    0.0000    0.0000    0.0000     0.00000000     0.00000000     0.00000000
 7251    2.4000   30.0000    1.2000   -75.91819661   -75.71158890   -75.77401179
 7252    2.4000   30.0000    1.3000   -76.01533701   -75.81019477   -75.86531389
 7253    2.4000   30.0000    1.4000   -76.07898628   -75.87539566   -75.92384068
 7254    2.4000   30.0000    1.5000   -76.11942374   -75.91779361   -75.96022352
 7255    2.4000   30.0000    1.6000   -76.14389337   -75.94497182   -75.98203867
 7256    2.4000   30.0000    1.7000   -76.15758966   -75.96241794   -75.99476382
 7257    2.4000   30.0000    1.7500   -76.16162082   -75.96878222   -75.99900423
 7258    2.4000   30.0000    1.8000   -76.16428730   -75.97410714   -76.00236079
 7259    2.4000   30.0000    1.8500   -76.16590340   -75.97871012   -76.00514935
 7260    2.4000   30.0000    1.9000   -76.16663257   -75.98277625   -76.00761568
 7261    2.4000   30.0000    2.0000   -76.16679866   -75.99043420   -76.01242165
 7262    2.4000   30.0000    2.1500   -76.16555319   -76.00215991   -76.02088067
 7263    2.4000   30.0000    2.3000   -76.16448947   -76.01521279   -76.03174077
 7264    2.4000   30.0000    2.4000   -76.16422344   -76.02448385   -76.04004134
 7265    2.4000   30.0000    2.6000   -76.16417277   -76.04283082   -76.05737513
 7266    2.4000   30.0000    2.8000   -76.16318799   -76.05858111   -76.07310912
 7267    2.4000   30.0000    3.0000   -76.15989402   -76.07002906   -76.08542436
 7268    2.4000   30.0000    3.3000   -76.15040434   -76.07867727   -76.09721151
 7269    2.4000   30.0000    3.6000   -76.13833577   -76.07881926   -76.10357100
 7270    2.4000   30.0000    4.0000   -76.12590852   -76.06874590   -76.10883839
 7271    2.4000   30.0000    4.5000   -76.12090303   -76.04665357   -76.11416812
 7272    2.4000   30.0000    5.0000   -76.12110099   -76.02531575   -76.11816436
 7273    2.4000   30.0000    6.0000   -76.12257902   -76.00108928   -76.12181609
 7274    2.4000   30.0000    7.0000   -76.12289525   -75.99415982   -76.12254989
 7275    2.4000   30.0000    8.0000   -76.12284136   -75.99262943   -76.12257596
 7276    2.4000   30.0000   10.0000   -76.12272747   -75.99218698   -76.12247812
 7277    2.4000   30.0000   12.0000   -76.12269740   -75.99214075   -76.12244774
 7278    2.4000   30.0000   14.0000   -76.12268924   -75.99213027   -76.12243934
 7279    2.4000   30.0000   16.0000   -76.12268656   -75.99212695   -76.12243661
    0    0.0000    0.0000    0.0000     0.00000000     0.00000000     0.00000000
 7280    2.4000   45.0000    1.2000   -75.97872794   -75.69859026   -75.80857714
 7281    2.4000   45.0000    1.3000   -76.07825307   -75.80374201   -75.90539914
 7282    2.4000   45.0000    1.4000   -76.14457538   -75.87579253   -75.96941370
 7283    2.4000   45.0000    1.5000   -76.18785213   -75.92495547   -76.01090543
 7284    2.4000   45.0000    1.6000   -76.21510961   -75.95833419   -76.03702782
 7285    2.4000   45.0000    1.7000   -76.23124619   -75.98091241   -76.05280781
 7286    2.4000   45.0000    1.7500   -76.23625978   -75.98929397   -76.05797537
 7287    2.4000   45.0000    1.8000   -76.23969118   -75.99620386   -76.06180272
 7288    2.4000   45.0000    1.8500   -76.24180975   -76.00192256   -76.06457687
 7289    2.4000   45.0000    1.9000   -76.24284299   -76.00668386   -76.06653973
 7290    2.4000   45.0000    2.0000   -76.24237862   -76.01407913   -76.06881449
 7291    2.4000   45.0000    2.1500   -76.23734965   -76.02185094   -76.07026381
 7292    2.4000   45.0000    2.3000   -76.22924658   -76.02760992   -76.07156691
 7293    2.4000   45.0000    2.4000   -76.22287387   -76.03089551   -76.07296894
 7294    2.4000   45.0000    2.6000   -76.20896718   -76.03660748   -76.07730788
 7295    2.4000   45.0000    2.8000   -76.19456776   -76.04109017   -76.08294387
 7296    2.4000   45.0000    3.0000   -76.18053005   -76.04404299   -76.08881357
 7297    2.4000   45.0000    3.3000   -76.16154279   -76.04527162   -76.09682147
 7298    2.4000   45.0000    3.6000   -76.14649648   -76.04266155   -76.10348686
 7299    2.4000   45.0000    4.0000   -76.13368725   -76.03422997   -76.11040499
 7300    2.4000   45.0000    4.5000   -76.12663320   -76.02017029   -76.11621687
 7301    2.4000   45.0000    5.0000   -76.12430789   -76.00809264   -76.11957345
 7302    2.4000   45.0000    6.0000   -76.12324398   -75.99608244   -76.12211861
 7303    2.4000   45.0000    7.0000   -76.12296041   -75.99306795   -76.12254846
 7304    2.4000   45.0000    8.0000   -76.12281988   -75.99239315   -76.12254362
 7305    2.4000   45.0000   10.0000   -76.12271750   -75.99216842   -76.12246846
 7306    2.4000   45.0000   12.0000   -76.12269469   -75.99213716   -76.12244527
 7307    2.4000   45.0000   14.0000   -76.12268839   -75.99212916   -76.12243857
 7308    2.4000   45.0000   16.0000   -76.12268624   -75.99212652   -76.12243631
    0    0.0000    0.0000    0.0000     0.00000000     0.00000000     0.00000000
 7309    2.4000   60.0000    1.2000   -76.02307257   -75.67732931   -75.83093543
 7310    2.4000   60.0000    1.3000   -76.12264684   -75.78380601   -75.92963232
 7311    2.4000   60.0000    1.4000   -76.18871504   -75.85699700   -75.99504080
 7312    2.4000   60.0000    1.5000   -76.23138509   -75.90695223   -76.03730713
 7313    2.4000   60.0000    1.6000   -76.25765343   -75.94064709   -76.06346591
 7314    2.4000   60.0000    1.7000   -76.27241305   -75.96298030   -76.07845499
 7315    2.4000   60.0000    1.7500   -76.27659741   -75.97101093   -76.08289959
 7316    2.4000   60.0000    1.8000   -76.27911034   -75.97741467   -76.08578245
 7317    2.4000   60.0000    1.8500   -76.28022891   -75.98247353   -76.08739271
 7318    2.4000   60.0000    1.9000   -76.28018693   -75.98642714   -76.08797897
 7319    2.4000   60.0000    2.0000   -76.27738099   -75.99180486   -76.08691603
 7320    2.4000   60.0000    2.1500   -76.26851303   -75.99580156   -76.08228556
 7321    2.4000   60.0000    2.3000   -76.25644276   -75.99747057   -76.07734315
 7322    2.4000   60.0000    2.4000   -76.24749917   -75.99822094   -76.07535401
 7323    2.4000   60.0000    2.6000   -76.22893621   -76.00010291   -76.07631641
 7324    2.4000   60.0000    2.8000   -76.21080208   -76.00275817   -76.08210739
 7325    2.4000   60.0000    3.0000   -76.19404807   -76.00550078   -76.08925865
 7326    2.4000   60.0000    3.3000   -76.17256385   -76.00826964   -76.09894632
 7327    2.4000   60.0000    3.6000   -76.15599506   -76.00868306   -76.10635705
 7328    2.4000   60.0000    4.0000   -76.14111617   -76.00618465   -76.11311878
 7329    2.4000   60.0000    4.5000   -76.13115036   -76.00116630   -76.11805225
 7330    2.4000   60.0000    5.0000   -76.12661463   -75.99705284   -76.12058028
 7331    2.4000   60.0000    6.0000   -76.12366104   -75.99339897   -76.12229522
 7332    2.4000   60.0000    7.0000   -76.12298918   -75.99250336   -76.12253904
 7333    2.4000   60.0000    8.0000   -76.12280077   -75.99226611   -76.12251985
 7334    2.4000   60.0000   10.0000   -76.12270994   -75.99215628   -76.12246135
 7335    2.4000   60.0000   12.0000   -76.12269259   -75.99213453   -76.12244339
 7336    2.4000   60.0000   14.0000   -76.12268767   -75.99212829   -76.12243793
 7337    2.4000   60.0000   16.0000   -76.12268595   -75.99212618   -76.12243606
    0    0.0000    0.0000    0.0000     0.00000000     0.00000000     0.00000000
 7338    2.4000   70.0000    1.2000   -76.04386931   -75.67816164   -75.84017387
 7339    2.4000   70.0000    1.3000   -76.14316520   -75.77544242   -75.93941638
 7340    2.4000   70.0000    1.4000   -76.20882383   -75.84034441   -76.00516839
 7341    2.4000   70.0000    1.5000   -76.25096299   -75.89023548   -76.04755375
 7342    2.4000   70.0000    1.6000   -76.27657466   -75.92390283   -76.07359212
 7343    2.4000   70.0000    1.7000   -76.29057097   -75.94594972   -76.08821197
 7344    2.4000   70.0000    1.7500   -76.29433951   -75.95377057   -76.09237675
 7345    2.4000   70.0000    1.8000   -76.29641739   -75.95992547   -76.09491558
 7346    2.4000   70.0000    1.8500   -76.29708455   -75.96470048   -76.09611715
 7347    2.4000   70.0000    1.9000   -76.29657775   -75.96833694   -76.09622976
 7348    2.4000   70.0000    2.0000   -76.29281382   -75.97299077   -76.09402524
 7349    2.4000   70.0000    2.1500   -76.28248055   -75.97574028   -76.08723634
 7350    2.4000   70.0000    2.3000   -76.26897542   -75.97614491   -76.07990326
 7351    2.4000   70.0000    2.4000   -76.25912118   -75.97619834   -76.07665096
 7352    2.4000   70.0000    2.6000   -76.23889909   -75.97746271   -76.07704730
 7353    2.4000   70.0000    2.8000   -76.21935168   -75.98061806   -76.08354717
 7354    2.4000   70.0000    3.0000   -76.20142143   -75.98451474   -76.09114665
 7355    2.4000   70.0000    3.3000   -76.17851159   -75.98952125   -76.10090219
 7356    2.4000   70.0000    3.6000   -76.16074164   -75.99257860   -76.10805692
 7357    2.4000   70.0000    4.0000   -76.14441622   -75.99408989   -76.11434655
 7358    2.4000   70.0000    4.5000   -76.13296476   -75.99392077   -76.11875605
 7359    2.4000   70.0000    5.0000   -76.12747777   -75.99330159   -76.12093284
 7360    2.4000   70.0000    6.0000   -76.12379503   -75.99259189   -76.12234945
 7361    2.4000   70.0000    7.0000   -76.12299113   -75.99233550   -76.12253234
 7362    2.4000   70.0000    8.0000   -76.12279072   -75.99222675   -76.12251021
 7363    2.4000   70.0000   10.0000   -76.12270666   -75.99215182   -76.12245844
 7364    2.4000   70.0000   12.0000   -76.12269161   -75.99213344   -76.12244257
 7365    2.4000   70.0000   14.0000   -76.12268732   -75.99212792   -76.12243763
 7366    2.4000   70.0000   16.0000   -76.12268580   -75.99212602   -76.12243593
    0    0.0000    0.0000    0.0000     0.00000000     0.00000000     0.00000000
 7367    2.4000   80.0000    1.2000   -76.05827939   -75.70193784   -75.84582359
 7368    2.4000   80.0000    1.3000   -76.15725895   -75.80062992   -75.94539641
 7369    2.4000   80.0000    1.4000   -76.22253371   -75.86589656   -76.01135711
 7370    2.4000   80.0000    1.5000   -76.26421571   -75.90791727   -76.05382420
 7371    2.4000   80.0000    1.6000   -76.28931495   -75.93378461   -76.07981592
 7372    2.4000   80.0000    1.7000   -76.30274569   -75.94853751   -76.09426179
 7373    2.4000   80.0000    1.7500   -76.30621483   -75.95294732   -76.09829229
 7374    2.4000   80.0000    1.8000   -76.30798431   -75.95590493   -76.10066536
 7375    2.4000   80.0000    1.8500   -76.30833580   -75.95775449   -76.10166960
 7376    2.4000   80.0000    1.9000   -76.30750779   -75.95879997   -76.10155292
 7377    2.4000   80.0000    2.0000   -76.30309158   -75.95942403   -76.09879169
 7378    2.4000   80.0000    2.1500   -76.29177922   -75.95856395   -76.09092043
 7379    2.4000   80.0000    2.3000   -76.27731812   -75.95712090   -76.08231469
 7380    2.4000   80.0000    2.4000   -76.26684996   -75.95679894   -76.07836910
 7381    2.4000   80.0000    2.6000   -76.24548332   -75.95946542   -76.07851453
 7382    2.4000   80.0000    2.8000   -76.22492344   -75.96511070   -76.08520760
 7383    2.4000   80.0000    3.0000   -76.20611621   -75.97106463   -76.09275282
 7384    2.4000   80.0000    3.3000   -76.18210645   -75.97842685   -76.10222990
 7385    2.4000   80.0000    3.6000   -76.16343711   -75.98358046   -76.10908472
 7386    2.4000   80.0000    4.0000   -76.14614479   -75.98779874   -76.11502594
 7387    2.4000   80.0000    4.5000   -76.13383956   -75.99044850   -76.11912400
 7388    2.4000   80.0000    5.0000   -76.12786120   -75.99160304   -76.12111190
 7389    2.4000   80.0000    6.0000   -76.12383867   -75.99224391   -76.12237558
 7390    2.4000   80.0000    7.0000   -76.12298446   -75.99226246   -76.12252824
 7391    2.4000   80.0000    8.0000   -76.12278326   -75.99220865   -76.12250488
 7392    2.4000   80.0000   10.0000   -76.12270454   -75.99214941   -76.12245671
 7393    2.4000   80.0000   12.0000   -76.12269095   -75.99213278   -76.12244204
 7394    2.4000   80.0000   14.0000   -76.12268707   -75.99212768   -76.12243743
 7395    2.4000   80.0000   16.0000   -76.12268570   -75.99212592   -76.12243585
    0    0.0000    0.0000    0.0000     0.00000000     0.00000000     0.00000000
 7396    2.4000   90.0000    1.2000   -76.06685134   -75.72279269   -75.84861112
 7397    2.4000   90.0000    1.3000   -76.16553691   -75.82200686   -75.94839993
 7398    2.4000   90.0000    1.4000   -76.23047465   -75.88767772   -76.01450796
 7399    2.4000   90.0000    1.5000   -76.27178339   -75.92997096   -76.05705600
 7400    2.4000   90.0000    1.6000   -76.29647919   -75.95594187   -76.08306581
 7401    2.4000   90.0000    1.7000   -76.30948255   -75.97054686   -76.09747165
 7402    2.4000   90.0000    1.7500   -76.31273094   -75.97473286   -76.10146209
 7403    2.4000   90.0000    1.8000   -76.31427605   -75.97731527   -76.10378282
 7404    2.4000   90.0000    1.8500   -76.31440030   -75.97858411   -76.10472323
 7405    2.4000   90.0000    1.9000   -76.31334301   -75.97878646   -76.10453202
 7406    2.4000   90.0000    2.0000   -76.30846569   -75.97681070   -76.10159335
 7407    2.4000   90.0000    2.1500   -76.29646711   -75.97027989   -76.09340128
 7408    2.4000   90.0000    2.3000   -76.28135011   -75.96235935   -76.08445910
 7409    2.4000   90.0000    2.4000   -76.27046817   -75.95783972   -76.08032465
 7410    2.4000   90.0000    2.6000   -76.24833320   -75.95677390   -76.08016611
 7411    2.4000   90.0000    2.8000   -76.22710906   -75.96275178   -76.08652970
 7412    2.4000   90.0000    3.0000   -76.20774646   -75.96900502   -76.09378748
 7413    2.4000   90.0000    3.3000   -76.18310050   -75.97655999   -76.10295797
 7414    2.4000   90.0000    3.6000   -76.16400473   -75.98191412   -76.10961286
 7415    2.4000   90.0000    4.0000   -76.14637733   -75.98652869   -76.11536060
 7416    2.4000   90.0000    4.5000   -76.13388548   -75.98970450   -76.11930555
 7417    2.4000   90.0000    5.0000   -76.12784481   -75.99122452   -76.12120227
 7418    2.4000   90.0000    6.0000   -76.12381326   -75.99215977   -76.12239039
 7419    2.4000   90.0000    7.0000   -76.12297175   -75.99224196   -76.12252698
 7420    2.4000   90.0000    8.0000   -76.12277777   -75.99220236   -76.12250247
 7421    2.4000   90.0000   10.0000   -76.12270329   -75.99214822   -76.12245577
 7422    2.4000   90.0000   12.0000   -76.12269054   -75.99213243   -76.12244173
 7423    2.4000   90.0000   14.0000   -76.12268692   -75.99212755   -76.12243732
 7424    2.4000   90.0000   16.0000   -76.12268564   -75.99212587   -76.12243581
    0    0.0000    0.0000    0.0000     0.00000000     0.00000000     0.00000000
 7425    2.4000  100.0000    1.2000   -76.07010380   -75.74135335   -75.84916531
 7426    2.4000  100.0000    1.3000   -76.16854116   -75.84094090   -75.94911869
 7427    2.4000  100.0000    1.4000   -76.23320429   -75.90688539   -76.01535766
 7428    2.4000  100.0000    1.5000   -76.27421617   -75.94934249   -76.05800516
 7429    2.4000  100.0000    1.6000   -76.29859736   -75.97536244   -76.08408900
 7430    2.4000  100.0000    1.7000   -76.31127332   -75.98990232   -76.09855296
 7431    2.4000  100.0000    1.7500   -76.31435474   -75.99401130   -76.10257033
 7432    2.4000  100.0000    1.8000   -76.31573161   -75.99648781   -76.10491911
 7433    2.4000  100.0000    1.8500   -76.31568683   -75.99762009   -76.10589068
 7434    2.4000  100.0000    1.9000   -76.31446038   -75.99765662   -76.10573614
 7435    2.4000  100.0000    2.0000   -76.30924691   -75.99526843   -76.10289712
 7436    2.4000  100.0000    2.1500   -76.29676085   -75.98798249   -76.09495850
 7437    2.4000  100.0000    2.3000   -76.28119754   -75.97935805   -76.08640540
 7438    2.4000  100.0000    2.4000   -76.27004781   -75.97441052   -76.08247526
 7439    2.4000  100.0000    2.6000   -76.24745654   -75.97007686   -76.08199007
 7440    2.4000  100.0000    2.8000   -76.22588294   -75.97239363   -76.08770750
 7441    2.4000  100.0000    3.0000   -76.20628933   -75.97654032   -76.09455755
 7442    2.4000  100.0000    3.3000   -76.18152245   -75.98201825   -76.10342203
 7443    2.4000  100.0000    3.6000   -76.16253252   -75.98578621   -76.10993004
 7444    2.4000  100.0000    4.0000   -76.14524929   -75.98878197   -76.11556648
 7445    2.4000  100.0000    4.5000   -76.13322245   -75.99071019   -76.11942582
 7446    2.4000  100.0000    5.0000   -76.12750311   -75.99163576   -76.12126672
 7447    2.4000  100.0000    6.0000   -76.12373478   -75.99221990   -76.12240352
 7448    2.4000  100.0000    7.0000   -76.12295385   -75.99224813   -76.12252766
 7449    2.4000  100.0000    8.0000   -76.12277332   -75.99220182   -76.12250164
 7450    2.4000  100.0000   10.0000   -76.12270265   -75.99214764   -76.12245529
 7451    2.4000  100.0000   12.0000   -76.12269035   -75.99213225   -76.12244157
 7452    2.4000  100.0000   14.0000   -76.12268686   -75.99212749   -76.12243727
 7453    2.4000  100.0000   16.0000   -76.12268561   -75.99212585   -76.12243579
    0    0.0000    0.0000    0.0000     0.00000000     0.00000000     0.00000000
 7454    2.4000  105.0000    1.2000   -76.06991751   -75.74990103   -75.84880322
 7455    2.4000  105.0000    1.3000   -76.16824168   -75.84961424   -75.94881940
 7456    2.4000  105.0000    1.4000   -76.23278162   -75.91565787   -76.01511523
 7457    2.4000  105.0000    1.5000   -76.27366306   -75.95818003   -76.05781618
 7458    2.4000  105.0000    1.6000   -76.29790962   -75.98423335   -76.08395409
 7459    2.4000  105.0000    1.7000   -76.31044925   -75.99877402   -76.09847806
 7460    2.4000  105.0000    1.7500   -76.31346266   -76.00287192   -76.10252983
 7461    2.4000  105.0000    1.8000   -76.31477190   -76.00532851   -76.10491730
 7462    2.4000  105.0000    1.8500   -76.31466033   -76.00643426   -76.10593327
 7463    2.4000  105.0000    1.9000   -76.31336817   -76.00643785   -76.10583034
 7464    2.4000  105.0000    2.0000   -76.30802730   -76.00396658   -76.10312314
 7465    2.4000  105.0000    2.1500   -76.29536240   -75.99654149   -76.09548174
 7466    2.4000  105.0000    2.3000   -76.27963965   -75.98781350   -76.08733339
 7467    2.4000  105.0000    2.4000   -76.26839973   -75.98279489   -76.08361553
 7468    2.4000  105.0000    2.6000   -76.24567418   -75.97785873   -76.08302372
 7469    2.4000  105.0000    2.8000   -76.22403184   -75.97902232   -76.08837004
 7470    2.4000  105.0000    3.0000   -76.20444073   -75.98215633   -76.09497747
 7471    2.4000  105.0000    3.3000   -76.17980775   -75.98638840   -76.10366449
 7472    2.4000  105.0000    3.6000   -76.16107628   -75.98904830   -76.11009013
 7473    2.4000  105.0000    4.0000   -76.14422351   -75.99077640   -76.11567306
 7474    2.4000  105.0000    4.5000   -76.13266284   -75.99163764   -76.11948901
 7475    2.4000  105.0000    5.0000   -76.12723202   -75.99202630   -76.12130132
 7476    2.4000  105.0000    6.0000   -76.12367982   -75.99228105   -76.12241102
 7477    2.4000  105.0000    7.0000   -76.12294319   -75.99225645   -76.12252852
 7478    2.4000  105.0000    8.0000   -76.12277125   -75.99220253   -76.12250151
 7479    2.4000  105.0000   10.0000   -76.12270251   -75.99214744   -76.12245515
 7480    2.4000  105.0000   12.0000   -76.12269032   -75.99213219   -76.12244153
 7481    2.4000  105.0000   14.0000   -76.12268685   -75.99212747   -76.12243726
 7482    2.4000  105.0000   16.0000   -76.12268561   -75.99212584   -76.12243578
    0    0.0000    0.0000    0.0000     0.00000000     0.00000000     0.00000000
 7483    2.4000  110.0000    1.2000   -76.06863374   -75.75809092   -75.84812387
 7484    2.4000  110.0000    1.3000   -76.16685203   -75.85790122   -75.94819338
 7485    2.4000  110.0000    1.4000   -76.23127631   -75.92401689   -76.01454250
 7486    2.4000  110.0000    1.5000   -76.27203625   -75.96659172   -76.05729988
 7487    2.4000  110.0000    1.6000   -76.29615843   -75.99267592   -76.08350210
 7488    2.4000  110.0000    1.7000   -76.30857371   -76.00723007   -76.09810440
 7489    2.4000  110.0000    1.7500   -76.31152556   -76.01132663   -76.10220303
 7490    2.4000  110.0000    1.8000   -76.31277415   -76.01377844   -76.10464411
 7491    2.4000  110.0000    1.8500   -76.31260310   -76.01487608   -76.10572184
 7492    2.4000  110.0000    1.9000   -76.31125292   -76.01486905   -76.10569041
 7493    2.4000  110.0000    2.0000   -76.30580160   -76.01237421   -76.10316268
 7494    2.4000  110.0000    2.1500   -76.29298851   -76.00493034   -76.09590594
 7495    2.4000  110.0000    2.3000   -76.27714304   -75.99623440   -76.08825205
 7496    2.4000  110.0000    2.4000   -76.26583846   -75.99123822   -76.08479410
 7497    2.4000  110.0000    2.6000   -76.24303352   -75.98594501   -76.08415652
 7498    2.4000  110.0000    2.8000   -76.22138681   -75.98621967   -76.08913162
 7499    2.4000  110.0000    3.0000   -76.20187217   -75.98844971   -76.09547382
 7500    2.4000  110.0000    3.3000   -76.17750156   -75.99143907   -76.10395597
 7501    2.4000  110.0000    3.6000   -76.15916855   -75.99289612   -76.11028243
 7502    2.4000  110.0000    4.0000   -76.14291844   -75.99316658   -76.11579888
 7503    2.4000  110.0000    4.5000   -76.13197252   -75.99275784   -76.11956216
 7504    2.4000  110.0000    5.0000   -76.12690577   -75.99249837   -76.12134098
 7505    2.4000  110.0000    6.0000   -76.12361655   -75.99235492   -76.12241962
 7506    2.4000  110.0000    7.0000   -76.12293159   -75.99226671   -76.12252968
 7507    2.4000  110.0000    8.0000   -76.12276921   -75.99220350   -76.12250144
 7508    2.4000  110.0000   10.0000   -76.12270245   -75.99214725   -76.12245505
 7509    2.4000  110.0000   12.0000   -76.12269033   -75.99213214   -76.12244150
 7510    2.4000  110.0000   14.0000   -76.12268685   -75.99212746   -76.12243725
 7511    2.4000  110.0000   16.0000   -76.12268562   -75.99212584   -76.12243578
    0    0.0000    0.0000    0.0000     0.00000000     0.00000000     0.00000000
 7512    2.4000  120.0000    1.2000   -76.06313691   -75.77364610   -75.84610261
 7513    2.4000  120.0000    1.3000   -76.16115997   -75.87358338   -75.94625448
 7514    2.4000  120.0000    1.4000   -76.22537019   -75.93980621   -76.01270164
 7515    2.4000  120.0000    1.5000   -76.26590517   -75.98246879   -76.05558070
 7516    2.4000  120.0000    1.6000   -76.28979876   -76.00862530   -76.08193947
 7517    2.4000  120.0000    1.7000   -76.30198782   -76.02324077   -76.09674754
 7518    2.4000  120.0000    1.7500   -76.30482934   -76.02736889   -76.10097299
 7519    2.4000  120.0000    1.8000   -76.30597022   -76.02985381   -76.10356028
 7520    2.4000  120.0000    1.8500   -76.30569473   -76.03098813   -76.10480654
 7521    2.4000  120.0000    1.9000   -76.30424399   -76.03102345   -76.10496914
 7522    2.4000  120.0000    2.0000   -76.29860558   -76.02864036   -76.10291878
 7523    2.4000  120.0000    2.1500   -76.28555565   -76.02146738   -76.09662909
 7524    2.4000  120.0000    2.3000   -76.26953493   -76.01317649   -76.09011566
 7525    2.4000  120.0000    2.4000   -76.25815494   -76.00842344   -76.08724259
 7526    2.4000  120.0000    2.6000   -76.23531920   -76.00285429   -76.08667607
 7527    2.4000  120.0000    2.8000   -76.21382599   -76.00180923   -76.09097333
 7528    2.4000  120.0000    3.0000   -76.19466717   -76.00245629   -76.09674564
 7529    2.4000  120.0000    3.3000   -76.17120018   -76.00296998   -76.10473526
 7530    2.4000  120.0000    3.6000   -76.15409477   -76.00180787   -76.11080220
 7531    2.4000  120.0000    4.0000   -76.13957114   -75.99875378   -76.11612812
 7532    2.4000  120.0000    4.5000   -76.13027073   -75.99537591   -76.11974746
 7533    2.4000  120.0000    5.0000   -76.12612508   -75.99359705   -76.12143921
 7534    2.4000  120.0000    6.0000   -76.12347197   -75.99252472   -76.12244087
 7535    2.4000  120.0000    7.0000   -76.12290643   -75.99229018   -76.12253282
 7536    2.4000  120.0000    8.0000   -76.12276507   -75.99220552   -76.12250131
 7537    2.4000  120.0000   10.0000   -76.12270253   -75.99214681   -76.12245487
 7538    2.4000  120.0000   12.0000   -76.12269043   -75.99213203   -76.12244148
 7539    2.4000  120.0000   14.0000   -76.12268690   -75.99212744   -76.12243726
 7540    2.4000  120.0000   16.0000   -76.12268564   -75.99212585   -76.12243579
    0    0.0000    0.0000    0.0000     0.00000000     0.00000000     0.00000000
 7541    2.4000  130.0000    1.2000   -76.05444551   -75.78836897   -75.84362540
 7542    2.4000  130.0000    1.3000   -76.15228632   -75.88837812   -75.94383420
 7543    2.4000  130.0000    1.4000   -76.21629345   -75.95468079   -76.01037083
 7544    2.4000  130.0000    1.5000   -76.25661323   -75.99743298   -76.05338111
 7545    2.4000  130.0000    1.6000   -76.28028733   -76.02369525   -76.07992521
 7546    2.4000  130.0000    1.7000   -76.29225926   -76.03844228   -76.09498788
 7547    2.4000  130.0000    1.7500   -76.29499566   -76.04264918   -76.09937209
 7548    2.4000  130.0000    1.8000   -76.29603341   -76.04522503   -76.10214235
 7549    2.4000  130.0000    1.8500   -76.29565818   -76.04646403   -76.10359831
 7550    2.4000  130.0000    1.9000   -76.29411178   -76.04661978   -76.10399972
 7551    2.4000  130.0000    2.0000   -76.28829703   -76.04453286   -76.10252189
 7552    2.4000  130.0000    2.1500   -76.27502954   -76.03796289   -76.09731986
 7553    2.4000  130.0000    2.3000   -76.25886381   -76.03040481   -76.09197456
 7554    2.4000  130.0000    2.4000   -76.24743680   -76.02607332   -76.08968057
 7555    2.4000  130.0000    2.6000   -76.22465682   -76.02061821   -76.08933129
 7556    2.4000  130.0000    2.8000   -76.20346135   -76.01867611   -76.09309735
 7557    2.4000  130.0000    3.0000   -76.18488128   -76.01793630   -76.09831431
 7558    2.4000  130.0000    3.3000   -76.16281306   -76.01589284   -76.10574809
 7559    2.4000  130.0000    3.6000   -76.14754245   -76.01179369   -76.11148863
 7560    2.4000  130.0000    4.0000   -76.13544852   -76.00494836   -76.11655484
 7561    2.4000  130.0000    4.5000   -76.12827795   -75.99823186   -76.11998136
 7562    2.4000  130.0000    5.0000   -76.12524083   -75.99477639   -76.12156058
 7563    2.4000  130.0000    6.0000   -76.12331474   -75.99270544   -76.12246744
 7564    2.4000  130.0000    7.0000   -76.12288027   -75.99231435   -76.12253688
 7565    2.4000  130.0000    8.0000   -76.12276099   -75.99220703   -76.12250107
 7566    2.4000  130.0000   10.0000   -76.12270274   -75.99214623   -76.12245466
 7567    2.4000  130.0000   12.0000   -76.12269059   -75.99213188   -76.12244145
 7568    2.4000  130.0000   14.0000   -76.12268697   -75.99212742   -76.12243727
 7569    2.4000  130.0000   16.0000   -76.12268567   -75.99212584   -76.12243581
    0    0.0000    0.0000    0.0000     0.00000000     0.00000000     0.00000000
 7570    2.4000  140.0000    1.2000   -76.04362239   -75.80230456   -75.84111613
 7571    2.4000  140.0000    1.3000   -76.14128238   -75.90236526   -75.94136359
 7572    2.4000  140.0000    1.4000   -76.20508373   -75.96875016   -76.00798155
 7573    2.4000  140.0000    1.5000   -76.24518137   -76.01161885   -76.05112519
 7574    2.4000  140.0000    1.6000   -76.26862411   -76.03803858   -76.07786607
 7575    2.4000  140.0000    1.7000   -76.28036137   -76.05299457   -76.09320215
 7576    2.4000  140.0000    1.7500   -76.28298012   -76.05733003   -76.09775631
 7577    2.4000  140.0000    1.8000   -76.28390216   -76.06005205   -76.10072104
 7578    2.4000  140.0000    1.8500   -76.28341314   -76.06145737   -76.10239763
 7579    2.4000  140.0000    1.9000   -76.28175562   -76.06180151   -76.10304714
 7580    2.4000  140.0000    2.0000   -76.27572980   -76.06016334   -76.10214921
 7581    2.4000  140.0000    2.1500   -76.26218507   -76.05444017   -76.09798894
 7582    2.4000  140.0000    2.3000   -76.24581028   -76.04782847   -76.09368434
 7583    2.4000  140.0000    2.4000   -76.23429597   -76.04403551   -76.09189237
 7584    2.4000  140.0000    2.6000   -76.21151433   -76.03900689   -76.09181360
 7585    2.4000  140.0000    2.8000   -76.19062874   -76.03653793   -76.09521374
 7586    2.4000  140.0000    3.0000   -76.17276483   -76.03459460   -76.09996339
 7587    2.4000  140.0000    3.3000   -76.15259196   -76.02982841   -76.10686429
 7588    2.4000  140.0000    3.6000   -76.13984072   -76.02235612   -76.11226034
 7589    2.4000  140.0000    4.0000   -76.13087716   -76.01127659   -76.11703467
 7590    2.4000  140.0000    4.5000   -76.12618603   -76.00105619   -76.12024196
 7591    2.4000  140.0000    5.0000   -76.12434102   -75.99591835   -76.12169479
 7592    2.4000  140.0000    6.0000   -76.12316074   -75.99287716   -76.12249739
 7593    2.4000  140.0000    7.0000   -76.12285539   -75.99233672   -76.12254151
 7594    2.4000  140.0000    8.0000   -76.12275732   -75.99220789   -76.12250081
 7595    2.4000  140.0000   10.0000   -76.12270299   -75.99214552   -76.12245438
 7596    2.4000  140.0000   12.0000   -76.12269078   -75.99213169   -76.12244141
 7597    2.4000  140.0000   14.0000   -76.12268705   -75.99212738   -76.12243728
 7598    2.4000  140.0000   16.0000   -76.12268571   -75.99212584   -76.12243582
    0    0.0000    0.0000    0.0000     0.00000000     0.00000000     0.00000000
 7599    2.4000  150.0000    1.2000   -76.03203595   -75.81508688   -75.83888816
 7600    2.4000  150.0000    1.3000   -76.12950906   -75.91520496   -75.93916060
 7601    2.4000  150.0000    1.4000   -76.19309324   -75.98169474   -76.00584837
 7602    2.4000  150.0000    1.5000   -76.23295064   -76.02471944   -76.04911454
 7603    2.4000  150.0000    1.6000   -76.25613526   -76.05135322   -76.07603955
 7604    2.4000  150.0000    1.7000   -76.26760044   -76.06659127   -76.09163085
 7605    2.4000  150.0000    1.7500   -76.27007911   -76.07109731   -76.09634228
 7606    2.4000  150.0000    1.8000   -76.27085906   -76.07401213   -76.09948546
 7607    2.4000  150.0000    1.8500   -76.27022653   -76.07563424   -76.10136238
 7608    2.4000  150.0000    1.9000   -76.26842475   -76.07622043   -76.10223426
 7609    2.4000  150.0000    2.0000   -76.26211040   -76.07514506   -76.10184474
 7610    2.4000  150.0000    2.1500   -76.24814280   -76.07044384   -76.09855777
 7611    2.4000  150.0000    2.3000   -76.23137998   -76.06494238   -76.09507823
 7612    2.4000  150.0000    2.4000   -76.21964406   -76.06181116   -76.09368266
 7613    2.4000  150.0000    2.6000   -76.19657959   -76.05758321   -76.09386534
 7614    2.4000  150.0000    2.8000   -76.17578406   -76.05504419   -76.09704627
 7615    2.4000  150.0000    3.0000   -76.15861985   -76.05215309   -76.10145441
 7616    2.4000  150.0000    3.3000   -76.14088851   -76.04439730   -76.10791739
 7617    2.4000  150.0000    3.6000   -76.13149813   -76.03293584   -76.11300562
 7618    2.4000  150.0000    4.0000   -76.12629855   -76.01724287   -76.11750254
 7619    2.4000  150.0000    4.5000   -76.12421357   -76.00360245   -76.12049673
 7620    2.4000  150.0000    5.0000   -76.12351725   -75.99692825   -76.12182623
 7621    2.4000  150.0000    6.0000   -76.12302364   -75.99302649   -76.12252715
 7622    2.4000  150.0000    7.0000   -76.12283396   -75.99235565   -76.12254623
 7623    2.4000  150.0000    8.0000   -76.12275441   -75.99220826   -76.12250069
 7624    2.4000  150.0000   10.0000   -76.12270320   -75.99214477   -76.12245407
 7625    2.4000  150.0000   12.0000   -76.12269095   -75.99213149   -76.12244135
 7626    2.4000  150.0000   14.0000   -76.12268712   -75.99212734   -76.12243728
 7627    2.4000  150.0000   16.0000   -76.12268574   -75.99212583   -76.12243582
    0    0.0000    0.0000    0.0000     0.00000000     0.00000000     0.00000000
 7628    2.4000  160.0000    1.2000   -76.02141681   -75.82584656   -75.83715203
 7629    2.4000  160.0000    1.3000   -76.11870597   -75.92603907   -75.93744028
 7630    2.4000  160.0000    1.4000   -76.18207160   -75.99265712   -76.00418220
 7631    2.4000  160.0000    1.5000   -76.22168030   -76.03586774   -76.04754637
 7632    2.4000  160.0000    1.6000   -76.24458833   -76.06275190   -76.07461899
 7633    2.4000  160.0000    1.7000   -76.25575002   -76.07831493   -76.09041353
 7634    2.4000  160.0000    1.7500   -76.25806708   -76.08301541   -76.09524906
 7635    2.4000  160.0000    1.8000   -76.25867899   -76.08614842   -76.09853193
 7636    2.4000  160.0000    1.8500   -76.25787222   -76.08801391   -76.10056414
 7637    2.4000  160.0000    1.9000   -76.25588997   -76.08887021   -76.10160679
 7638    2.4000  160.0000    2.0000   -76.24919561   -76.08841734   -76.10160161
 7639    2.4000  160.0000    2.1500   -76.23461067   -76.08484084   -76.09895329
 7640    2.4000  160.0000    2.3000   -76.21718176   -76.08059995   -76.09605868
 7641    2.4000  160.0000    2.4000   -76.20498458   -76.07829559   -76.09494311
 7642    2.4000  160.0000    2.6000   -76.18102813   -76.07544437   -76.09534289
 7643    2.4000  160.0000    2.8000   -76.15964637   -76.07362273   -76.09841585
 7644    2.4000  160.0000    3.0000   -76.14281115   -76.07031150   -76.10260951
 7645    2.4000  160.0000    3.3000   -76.12828222   -76.05902900   -76.10876513
 7646    2.4000  160.0000    3.6000   -76.12336774   -76.04266755   -76.11361875
 7647    2.4000  160.0000    4.0000   -76.12228282   -76.02226003   -76.11789262
 7648    2.4000  160.0000    4.5000   -76.12258824   -76.00563731   -76.12071097
 7649    2.4000  160.0000    5.0000   -76.12285603   -75.99771917   -76.12193732
 7650    2.4000  160.0000    6.0000   -76.12291615   -75.99314210   -76.12255257
 7651    2.4000  160.0000    7.0000   -76.12281773   -75.99237001   -76.12255042
 7652    2.4000  160.0000    8.0000   -76.12275247   -75.99220833   -76.12250076
 7653    2.4000  160.0000   10.0000   -76.12270337   -75.99214410   -76.12245378
 7654    2.4000  160.0000   12.0000   -76.12269108   -75.99213131   -76.12244130
 7655    2.4000  160.0000   14.0000   -76.12268718   -75.99212730   -76.12243728
 7656    2.4000  160.0000   16.0000   -76.12268577   -75.99212583   -76.12243583
    0    0.0000    0.0000    0.0000     0.00000000     0.00000000     0.00000000
 7657    2.4000  170.0000    1.2000   -76.01378013   -75.83325425   -75.83604687
 7658    2.4000  170.0000    1.3000   -76.11092299   -75.93352184   -75.93634485
 7659    2.4000  170.0000    1.4000   -76.17411088   -76.00026004   -76.00312180
 7660    2.4000  170.0000    1.5000   -76.21351200   -76.04363957   -76.04654938
 7661    2.4000  170.0000    1.6000   -76.23618185   -76.07074743   -76.07371659
 7662    2.4000  170.0000    1.7000   -76.24707254   -76.08659788   -76.08963959
 7663    2.4000  170.0000    1.7500   -76.24924099   -76.09146964   -76.09455276
 7664    2.4000  170.0000    1.8000   -76.24969506   -76.09479456   -76.09792242
 7665    2.4000  170.0000    1.8500   -76.24872078   -76.09687431   -76.10005056
 7666    2.4000  170.0000    1.9000   -76.24656061   -76.09796870   -76.10119815
 7667    2.4000  170.0000    2.0000   -76.23947505   -76.09806816   -76.10142749
 7668    2.4000  170.0000    2.1500   -76.22419818   -76.09551729   -76.09916100
 7669    2.4000  170.0000    2.3000   -76.20591764   -76.09251849   -76.09661138
 7670    2.4000  170.0000    2.4000   -76.19303848   -76.09114018   -76.09566417
 7671    2.4000  170.0000    2.6000   -76.16737211   -76.09034625   -76.09621188
 7672    2.4000  170.0000    2.8000   -76.14388607   -76.09076455   -76.09924730
 7673    2.4000  170.0000    3.0000   -76.12581633   -76.08867447   -76.10333286
 7674    2.4000  170.0000    3.3000   -76.11616844   -76.07235258   -76.10930878
 7675    2.4000  170.0000    3.6000   -76.11693853   -76.05006011   -76.11401923
 7676    2.4000  170.0000    4.0000   -76.11948337   -76.02566764   -76.11815083
 7677    2.4000  170.0000    4.5000   -76.12151550   -76.00695589   -76.12085395
 7678    2.4000  170.0000    5.0000   -76.12242779   -75.99822542   -76.12201183
 7679    2.4000  170.0000    6.0000   -76.12284785   -75.99321514   -76.12256979
 7680    2.4000  170.0000    7.0000   -76.12280779   -75.99237895   -76.12255338
 7681    2.4000  170.0000    8.0000   -76.12275143   -75.99220831   -76.12250092
 7682    2.4000  170.0000   10.0000   -76.12270348   -75.99214364   -76.12245358
 7683    2.4000  170.0000   12.0000   -76.12269117   -75.99213119   -76.12244126
 7684    2.4000  170.0000   14.0000   -76.12268722   -75.99212727   -76.12243727
 7685    2.4000  170.0000   16.0000   -76.12268578   -75.99212582   -76.12243583
    0    0.0000    0.0000    0.0000     0.00000000     0.00000000     0.00000000
 7686    2.4000  179.9900    1.2000   -76.01097103   -75.83592898   -75.83566601
 7687    2.4000  179.9900    1.3000   -76.10805617   -75.93623020   -75.93596752
 7688    2.4000  179.9900    1.4000   -76.17117292   -76.00302110   -76.00275679
 7689    2.4000  179.9900    1.5000   -76.21048964   -76.04647229   -76.04620649
 7690    2.4000  179.9900    1.6000   -76.23306073   -76.07367432   -76.07340626
 7691    2.4000  179.9900    1.7000   -76.24383640   -76.08964533   -76.08937284
 7692    2.4000  179.9900    1.7500   -76.24594057   -76.09458894   -76.09431209
 7693    2.4000  179.9900    1.8000   -76.24632543   -76.09799328   -76.09771072
 7694    2.4000  179.9900    1.8500   -76.24527664   -76.10016327   -76.09987079
 7695    2.4000  179.9900    1.9000   -76.24303606   -76.10135840   -76.10105331
 7696    2.4000  179.9900    2.0000   -76.23576884   -76.10169414   -76.10136069
 7697    2.4000  179.9900    2.1500   -76.22015259   -76.09959814   -76.09922003
 7698    2.4000  179.9900    2.3000   -76.20141555   -76.09718984   -76.09678255
 7699    2.4000  179.9900    2.4000   -76.18813191   -76.09630203   -76.09588787
 7700    2.4000  179.9900    2.6000   -76.16122416   -76.09688030   -76.09649484
 7701    2.4000  179.9900    2.8000   -76.13522754   -76.09987363   -76.09952421
 7702    2.4000  179.9900    3.0000   -76.11106394   -76.10389574   -76.10358011
 7703    2.4000  179.9900    3.3000   -76.10979742   -76.07915227   -76.10951983
 7704    2.4000  179.9900    3.6000   -76.11437014   -76.05295026   -76.11415811
 7705    2.4000  179.9900    4.0000   -76.11847174   -76.02688395   -76.11824126
 7706    2.4000  179.9900    4.5000   -76.12114041   -76.00741314   -76.12090421
 7707    2.4000  179.9900    5.0000   -76.12227991   -75.99839878   -76.12203810
 7708    2.4000  179.9900    6.0000   -76.12282447   -75.99324014   -76.12257591
 7709    2.4000  179.9900    7.0000   -76.12280446   -75.99238199   -76.12255447
 7710    2.4000  179.9900    8.0000   -76.12275112   -75.99220829   -76.12250100
 7711    2.4000  179.9900   10.0000   -76.12270351   -75.99214348   -76.12245351
 7712    2.4000  179.9900   12.0000   -76.12269120   -75.99213114   -76.12244124
 7713    2.4000  179.9900   14.0000   -76.12268723   -75.99212726   -76.12243728
 7714    2.4000  179.9900   16.0000   -76.12268579   -75.99212582   -76.12243583
    0    0.0000    0.0000    0.0000     0.00000000     0.00000000     0.00000000
 7715    2.6000    0.0100    1.2000   -75.82921876   -75.77398314   -75.77376439
 7716    2.6000    0.0100    1.3000   -75.92641358   -75.85519559   -75.85492978
 7717    2.6000    0.0100    1.4000   -75.98479904   -75.89939131   -75.89912024
 7718    2.6000    0.0100    1.5000   -76.01253143   -75.91531897   -75.91504287
 7719    2.6000    0.0100    1.6000   -76.01354338   -75.90765676   -75.90737462
 7720    2.6000    0.0100    1.7000   -75.98812582   -75.87731420   -75.87702240
 7721    2.6000    0.0100    1.7500   -75.96452470   -75.85277446   -75.85247628
 7722    2.6000    0.0100    1.8000   -75.93254244   -75.82088007   -75.82057491
 7723    2.6000    0.0100    1.8500   -75.89085321   -75.78027301   -75.77996079
 7724    2.6000    0.0100    1.9000   -75.83760733   -75.72903860   -75.72871967
 7725    2.6000    0.0100    2.0000   -40.00000000   -40.00000000   -40.00000000
 7726    2.6000    0.0100    2.1500   -40.00000000   -40.00000000   -40.00000000
 7727    2.6000    0.0100    2.3000   -40.00000000   -40.00000000   -40.00000000
 7728    2.6000    0.0100    2.4000   -40.00000000   -40.00000000   -40.00000000
 7729    2.6000    0.0100    2.6000   -40.00000000   -40.00000000   -40.00000000
 7730    2.6000    0.0100    2.8000   -40.00000000   -40.00000000   -40.00000000
 7731    2.6000    0.0100    3.0000   -40.00000000   -40.00000000   -40.00000000
 7732    2.6000    0.0100    3.3000   -75.83969330   -75.81225941   -75.81188609
 7733    2.6000    0.0100    3.6000   -76.04726766   -76.02657353   -76.02620744
 7734    2.6000    0.0100    4.0000   -76.10438132   -76.09494859   -76.09460364
 7735    2.6000    0.0100    4.5000   -76.09948657   -76.08676840   -76.09917393
 7736    2.6000    0.0100    5.0000   -76.09663114   -76.05260518   -76.09635508
 7737    2.6000    0.0100    6.0000   -76.09946426   -76.00260204   -76.09922811
 7738    2.6000    0.0100    7.0000   -76.10116225   -75.98378406   -76.10093332
 7739    2.6000    0.0100    8.0000   -76.10142466   -75.97914444   -76.10118946
 7740    2.6000    0.0100   10.0000   -76.10132131   -75.97790644   -76.10108230
 7741    2.6000    0.0100   12.0000   -76.10127279   -75.97781348   -76.10103366
 7742    2.6000    0.0100   14.0000   -76.10126007   -75.97779659   -76.10102099
 7743    2.6000    0.0100   16.0000   -76.10125620   -75.97779171   -76.10101713
    0    0.0000    0.0000    0.0000     0.00000000     0.00000000     0.00000000
 7744    2.6000   10.0000    1.2000   -75.84656854   -75.76656636   -75.77991218
 7745    2.6000   10.0000    1.3000   -75.94255935   -75.85340476   -75.86351360
 7746    2.6000   10.0000    1.4000   -76.00193000   -75.90338279   -75.91114250
 7747    2.6000   10.0000    1.5000   -76.03343148   -75.92647279   -75.93248599
 7748    2.6000   10.0000    1.6000   -76.04208846   -75.92873451   -75.93342333
 7749    2.6000   10.0000    1.7000   -76.03048311   -75.91353941   -75.91720637
 7750    2.6000   10.0000    1.7500   -76.01732587   -75.89979784   -75.90304159
 7751    2.6000   10.0000    1.8000   -75.99918054   -75.88190742   -75.88477712
 7752    2.6000   10.0000    1.8500   -75.97587149   -75.85967889   -75.86221864
 7753    2.6000   10.0000    1.9000   -75.94715425   -75.83282367   -75.83507355
 7754    2.6000   10.0000    2.0000   -75.87278570   -75.76391658   -75.76570253
 7755    2.6000   10.0000    2.1500   -40.00000000   -40.00000000   -40.00000000
 7756    2.6000   10.0000    2.3000   -40.00000000   -40.00000000   -40.00000000
 7757    2.6000   10.0000    2.4000   -40.00000000   -40.00000000   -40.00000000
 7758    2.6000   10.0000    2.6000   -40.00000000   -40.00000000   -40.00000000
 7759    2.6000   10.0000    2.8000   -40.00000000   -40.00000000   -40.00000000
 7760    2.6000   10.0000    3.0000   -40.00000000   -40.00000000   -40.00000000
 7761    2.6000   10.0000    3.3000   -75.99018557   -75.95806191   -75.95859716
 7762    2.6000   10.0000    3.6000   -76.08513384   -76.06099928   -76.06179356
 7763    2.6000   10.0000    4.0000   -76.10931122   -76.09586949   -76.09797976
 7764    2.6000   10.0000    4.5000   -76.09976028   -76.08071109   -76.09790266
 7765    2.6000   10.0000    5.0000   -76.09672058   -76.04781458   -76.09600409
 7766    2.6000   10.0000    6.0000   -76.09963394   -76.00063853   -76.09932320
 7767    2.6000   10.0000    7.0000   -76.10119458   -75.98327390   -76.10095037
 7768    2.6000   10.0000    8.0000   -76.10142258   -75.97903673   -76.10118434
 7769    2.6000   10.0000   10.0000   -76.10131836   -75.97790006   -76.10107949
 7770    2.6000   10.0000   12.0000   -76.10127214   -75.97781260   -76.10103307
 7771    2.6000   10.0000   14.0000   -76.10125990   -75.97779634   -76.10102082
 7772    2.6000   10.0000   16.0000   -76.10125614   -75.97779162   -76.10101707
    0    0.0000    0.0000    0.0000     0.00000000     0.00000000     0.00000000
 7773    2.6000   20.0000    1.2000   -75.88177961   -75.75425876   -75.79496270
 7774    2.6000   20.0000    1.3000   -75.97860082   -75.84965182   -75.88360583
 7775    2.6000   20.0000    1.4000   -76.04116503   -75.91007203   -75.93824984
 7776    2.6000   20.0000    1.5000   -76.07911799   -75.94581915   -75.96913083
 7777    2.6000   20.0000    1.6000   -76.09940160   -75.96449121   -75.98375076
 7778    2.6000   20.0000    1.7000   -76.10657834   -75.97133101   -75.98723078
 7779    2.6000   20.0000    1.7500   -76.10636323   -75.97158031   -75.98602952
 7780    2.6000   20.0000    1.8000   -76.10410091   -75.97025610   -75.98339343
 7781    2.6000   20.0000    1.8500   -76.10011848   -75.96770098   -75.97965560
 7782    2.6000   20.0000    1.9000   -76.09472600   -75.96422084   -75.97511319
 7783    2.6000   20.0000    2.0000   -76.08136220   -75.95576411   -75.96488283
 7784    2.6000   20.0000    2.1500   -76.05768521   -75.94241877   -75.94956042
 7785    2.6000   20.0000    2.3000   -76.03742238   -75.93436090   -75.94011674
 7786    2.6000   20.0000    2.4000   -76.02989512   -75.93486331   -75.93998522
 7787    2.6000   20.0000    2.6000   -76.03280958   -75.95274987   -75.95703102
 7788    2.6000   20.0000    2.8000   -76.05509034   -75.98767047   -75.99153774
 7789    2.6000   20.0000    3.0000   -76.08316239   -76.02619019   -76.02994146
 7790    2.6000   20.0000    3.3000   -76.11332593   -76.06900305   -76.07309109
 7791    2.6000   20.0000    3.6000   -76.12183683   -76.08779072   -76.09306416
 7792    2.6000   20.0000    4.0000   -76.11224555   -76.08739265   -76.09756194
 7793    2.6000   20.0000    4.5000   -76.09949416   -76.06459128   -76.09492722
 7794    2.6000   20.0000    5.0000   -76.09736324   -76.03521712   -76.09558998
 7795    2.6000   20.0000    6.0000   -76.10010486   -75.99567760   -76.09959766
 7796    2.6000   20.0000    7.0000   -76.10127872   -75.98201884   -76.10099415
 7797    2.6000   20.0000    8.0000   -76.10141717   -75.97877137   -76.10117116
 7798    2.6000   20.0000   10.0000   -76.10131102   -75.97788397   -76.10107246
 7799    2.6000   20.0000   12.0000   -76.10127040   -75.97781025   -76.10103150
 7800    2.6000   20.0000   14.0000   -76.10125941   -75.97779568   -76.10102037
 7801    2.6000   20.0000   16.0000   -76.10125597   -75.97779138   -76.10101691
    0    0.0000    0.0000    0.0000     0.00000000     0.00000000     0.00000000
 7802    2.6000   30.0000    1.2000   -75.92013546   -75.74111210   -75.81277584
 7803    2.6000   30.0000    1.3000   -76.01853095   -75.84265931   -75.90590628
 7804    2.6000   30.0000    1.4000   -76.08361371   -75.91049467   -75.96594225
 7805    2.6000   30.0000    1.5000   -76.12554806   -75.95501724   -76.00335165
 7806    2.6000   30.0000    1.6000   -76.15141712   -75.98358871   -76.02552671
 7807    2.6000   30.0000    1.7000   -76.16622775   -76.00151775   -76.03777506
 7808    2.6000   30.0000    1.7500   -76.17052840   -76.00762875   -76.04133603
 7809    2.6000   30.0000    1.8000   -76.17344084   -76.01253353   -76.04385294
 7810    2.6000   30.0000    1.8500   -76.17513802   -76.01644638   -76.04554808
 7811    2.6000   30.0000    1.9000   -76.17587450   -76.01963293   -76.04668400
 7812    2.6000   30.0000    2.0000   -76.17530401   -76.02467016   -76.04809956
 7813    2.6000   30.0000    2.1500   -76.17163175   -76.03102845   -76.05015382
 7814    2.6000   30.0000    2.3000   -76.16702074   -76.03778470   -76.05382425
 7815    2.6000   30.0000    2.4000   -76.16417277   -76.04283082   -76.05737513
 7816    2.6000   30.0000    2.6000   -76.15950183   -76.05371126   -76.06630867
 7817    2.6000   30.0000    2.8000   -76.15550070   -76.06403252   -76.07572888
 7818    2.6000   30.0000    3.0000   -76.15080648   -76.07197556   -76.08357345
 7819    2.6000   30.0000    3.3000   -76.14064767   -76.07754686   -76.09040289
 7820    2.6000   30.0000    3.6000   -76.12728649   -76.07593074   -76.09219235
 7821    2.6000   30.0000    4.0000   -76.11034325   -76.06536023   -76.09181610
 7822    2.6000   30.0000    4.5000   -76.10026147   -76.04274950   -76.09305834
 7823    2.6000   30.0000    5.0000   -76.09901222   -76.01907722   -76.09598650
 7824    2.6000   30.0000    6.0000   -76.10074232   -75.98981694   -76.09998561
 7825    2.6000   30.0000    7.0000   -76.10138138   -75.98059334   -76.10104558
 7826    2.6000   30.0000    8.0000   -76.10140878   -75.97846785   -76.10115363
 7827    2.6000   30.0000   10.0000   -76.10130219   -75.97786429   -76.10106384
 7828    2.6000   30.0000   12.0000   -76.10126810   -75.97780708   -76.10102937
 7829    2.6000   30.0000   14.0000   -76.10125875   -75.97779478   -76.10101975
 7830    2.6000   30.0000   16.0000   -76.10125573   -75.97779102   -76.10101668
    0    0.0000    0.0000    0.0000     0.00000000     0.00000000     0.00000000
 7831    2.6000   45.0000    1.2000   -75.97080937   -75.71795764   -75.83575818
 7832    2.6000   45.0000    1.3000   -76.07028122   -75.82358152   -75.93266668
 7833    2.6000   45.0000    1.4000   -76.13642202   -75.89584357   -75.99644513
 7834    2.6000   45.0000    1.5000   -76.17939053   -75.94491751   -76.03734223
 7835    2.6000   45.0000    1.6000   -76.20622271   -75.97787476   -76.06248721
 7836    2.6000   45.0000    1.7000   -76.22183079   -75.99968131   -76.07689345
 7837    2.6000   45.0000    1.7500   -76.22654797   -76.00754406   -76.08122348
 7838    2.6000   45.0000    1.8000   -76.22966465   -76.01384807   -76.08411273
 7839    2.6000   45.0000    1.8500   -76.23145541   -76.01887601   -76.08584861
 7840    2.6000   45.0000    1.9000   -76.23215054   -76.02286582   -76.08667403
 7841    2.6000   45.0000    2.0000   -76.23099419   -76.02849797   -76.08638326
 7842    2.6000   45.0000    2.1500   -76.22494026   -76.03318999   -76.08331291
 7843    2.6000   45.0000    2.3000   -76.21589643   -76.03558141   -76.07948224
 7844    2.6000   45.0000    2.4000   -76.20896718   -76.03660748   -76.07730788
 7845    2.6000   45.0000    2.6000   -76.19412450   -76.03812768   -76.07478400
 7846    2.6000   45.0000    2.8000   -76.17896662   -76.03918271   -76.07468436
 7847    2.6000   45.0000    3.0000   -76.16423028   -76.03957229   -76.07619661
 7848    2.6000   45.0000    3.3000   -76.14405987   -76.03838967   -76.07979045
 7849    2.6000   45.0000    3.6000   -76.12756973   -76.03469820   -76.08383394
 7850    2.6000   45.0000    4.0000   -76.11294722   -76.02575129   -76.08903387
 7851    2.6000   45.0000    4.5000   -76.10481349   -76.01085234   -76.09423517
 7852    2.6000   45.0000    5.0000   -76.10239345   -75.99727439   -76.09765180
 7853    2.6000   45.0000    6.0000   -76.10164061   -75.98288502   -76.10052950
 7854    2.6000   45.0000    7.0000   -76.10150085   -75.97900877   -76.10109890
 7855    2.6000   45.0000    8.0000   -76.10139126   -75.97812308   -76.10112541
 7856    2.6000   45.0000   10.0000   -76.10128973   -75.97783870   -76.10105172
 7857    2.6000   45.0000   12.0000   -76.10126465   -75.97780238   -76.10102618
 7858    2.6000   45.0000   14.0000   -76.10125770   -75.97779338   -76.10101877
 7859    2.6000   45.0000   16.0000   -76.10125533   -75.97779049   -76.10101631
    0    0.0000    0.0000    0.0000     0.00000000     0.00000000     0.00000000
 7860    2.6000   60.0000    1.2000   -76.00824837   -75.69212205   -75.85088984
 7861    2.6000   60.0000    1.3000   -76.10768995   -75.79850427   -75.94935437
 7862    2.6000   60.0000    1.4000   -76.17355068   -75.87137127   -76.01437675
 7863    2.6000   60.0000    1.5000   -76.21595160   -75.92084224   -76.05609851
 7864    2.6000   60.0000    1.6000   -76.24190329   -75.95390884   -76.08154905
 7865    2.6000   60.0000    1.7000   -76.25631249   -75.97546462   -76.09565565
 7866    2.6000   60.0000    1.7500   -76.26031338   -75.98304881   -76.09958756
 7867    2.6000   60.0000    1.8000   -76.26263955   -75.98896539   -76.10190486
 7868    2.6000   60.0000    1.8500   -76.26356960   -75.99349428   -76.10289100
 7869    2.6000   60.0000    1.9000   -76.26333934   -75.99687320   -76.10278706
 7870    2.6000   60.0000    2.0000   -76.26015931   -76.00095517   -76.10010343
 7871    2.6000   60.0000    2.1500   -76.25075217   -76.00261390   -76.09221095
 7872    2.6000   60.0000    2.3000   -76.23818495   -76.00145831   -76.08250799
 7873    2.6000   60.0000    2.4000   -76.22893621   -76.00010291   -76.07631641
 7874    2.6000   60.0000    2.6000   -76.20982212   -75.99766251   -76.06769103
 7875    2.6000   60.0000    2.8000   -76.19120244   -75.99669793   -76.06646739
 7876    2.6000   60.0000    3.0000   -76.17400898   -75.99705192   -76.07030732
 7877    2.6000   60.0000    3.3000   -76.15193179   -75.99805166   -76.07816591
 7878    2.6000   60.0000    3.6000   -76.13486557   -75.99773416   -76.08496478
 7879    2.6000   60.0000    4.0000   -76.11956491   -75.99465676   -76.09148362
 7880    2.6000   60.0000    4.5000   -76.10945562   -75.98885603   -76.09640472
 7881    2.6000   60.0000    5.0000   -76.10498192   -75.98396325   -76.09900246
 7882    2.6000   60.0000    6.0000   -76.10217578   -75.97941091   -76.10083133
 7883    2.6000   60.0000    7.0000   -76.10155251   -75.97825084   -76.10111399
 7884    2.6000   60.0000    8.0000   -76.10137258   -75.97795146   -76.10110254
 7885    2.6000   60.0000   10.0000   -76.10128060   -75.97782290   -76.10104303
 7886    2.6000   60.0000   12.0000   -76.10126209   -75.97779900   -76.10102383
 7887    2.6000   60.0000   14.0000   -76.10125683   -75.97779231   -76.10101800
 7888    2.6000   60.0000   16.0000   -76.10125500   -75.97779007   -76.10101601
    0    0.0000    0.0000    0.0000     0.00000000     0.00000000     0.00000000
 7889    2.6000   70.0000    1.2000   -76.02570461   -75.68882981   -75.85697090
 7890    2.6000   70.0000    1.3000   -76.12493402   -75.78786237   -75.95595187
 7891    2.6000   70.0000    1.4000   -76.19048699   -75.85664590   -76.02135283
 7892    2.6000   70.0000    1.5000   -76.23248131   -75.90447923   -76.06329518
 7893    2.6000   70.0000    1.6000   -76.25792377   -75.93675068   -76.08879370
 7894    2.6000   70.0000    1.7000   -76.27172964   -75.95771416   -76.10276619
 7895    2.6000   70.0000    1.7500   -76.27539767   -75.96501400   -76.10656086
 7896    2.6000   70.0000    1.8000   -76.27737282   -75.97064080   -76.10869342
 7897    2.6000   70.0000    1.8500   -76.27793589   -75.97486969   -76.10944688
 7898    2.6000   70.0000    1.9000   -76.27732440   -75.97793485   -76.10906186
 7899    2.6000   70.0000    2.0000   -76.27335220   -75.98134501   -76.10566850
 7900    2.6000   70.0000    2.1500   -76.26271571   -75.98189048   -76.09633081
 7901    2.6000   70.0000    2.3000   -76.24892811   -75.97955718   -76.08471705
 7902    2.6000   70.0000    2.4000   -76.23889909   -75.97746271   -76.07704730
 7903    2.6000   70.0000    2.6000   -76.21835995   -75.97406173   -76.06605265
 7904    2.6000   70.0000    2.8000   -76.19854161   -75.97335866   -76.06545979
 7905    2.6000   70.0000    3.0000   -76.18038167   -75.97497194   -76.07081794
 7906    2.6000   70.0000    3.3000   -76.15719962   -75.97840971   -76.07968731
 7907    2.6000   70.0000    3.6000   -76.13924128   -75.98072163   -76.08661321
 7908    2.6000   70.0000    4.0000   -76.12279989   -75.98155976   -76.09283879
 7909    2.6000   70.0000    4.5000   -76.11135878   -75.98070552   -76.09725794
 7910    2.6000   70.0000    5.0000   -76.10593734   -75.97958866   -76.09946233
 7911    2.6000   70.0000    6.0000   -76.10234131   -75.97841560   -76.10091831
 7912    2.6000   70.0000    7.0000   -76.10155968   -75.97803756   -76.10111303
 7913    2.6000   70.0000    8.0000   -76.10136219   -75.97790117   -76.10109275
 7914    2.6000   70.0000   10.0000   -76.10127674   -75.97781733   -76.10103954
 7915    2.6000   70.0000   12.0000   -76.10126094   -75.97779765   -76.10102283
 7916    2.6000   70.0000   14.0000   -76.10125642   -75.97779186   -76.10101764
 7917    2.6000   70.0000   16.0000   -76.10125483   -75.97778989   -76.10101586
    0    0.0000    0.0000    0.0000     0.00000000     0.00000000     0.00000000
 7918    2.6000   80.0000    1.2000   -76.03754324   -75.71016044   -75.86048238
 7919    2.6000   80.0000    1.3000   -76.13654461   -75.80856827   -75.95978954
 7920    2.6000   80.0000    1.4000   -76.20181093   -75.87357302   -76.02543176
 7921    2.6000   80.0000    1.5000   -76.24346065   -75.91542254   -76.06752431
 7922    2.6000   80.0000    1.6000   -76.26850965   -75.94132840   -76.09307968
 7923    2.6000   80.0000    1.7000   -76.28187781   -75.95647975   -76.10701631
 7924    2.6000   80.0000    1.7500   -76.28531247   -75.96124073   -76.11075897
 7925    2.6000   80.0000    1.8000   -76.28704602   -75.96461896   -76.11281725
 7926    2.6000   80.0000    1.8500   -76.28736043   -75.96689638   -76.11347445
 7927    2.6000   80.0000    1.9000   -76.28649450   -75.96829185   -76.11297138
 7928    2.6000   80.0000    2.0000   -76.28200121   -75.96907909   -76.10927683
 7929    2.6000   80.0000    2.1500   -76.27057586   -75.96690349   -76.09932016
 7930    2.6000   80.0000    2.3000   -76.25601118   -75.96259693   -76.08686881
 7931    2.6000   80.0000    2.4000   -76.24548332   -75.95946542   -76.07851453
 7932    2.6000   80.0000    2.6000   -76.22401447   -75.95531324   -76.06633590
 7933    2.6000   80.0000    2.8000   -76.20337308   -75.95640752   -76.06618712
 7934    2.6000   80.0000    3.0000   -76.18450679   -75.96042462   -76.07203412
 7935    2.6000   80.0000    3.3000   -76.16044786   -75.96652432   -76.08093905
 7936    2.6000   80.0000    3.6000   -76.14176807   -75.97099316   -76.08766515
 7937    2.6000   80.0000    4.0000   -76.12451367   -75.97459529   -76.09358608
 7938    2.6000   80.0000    4.5000   -76.11228347   -75.97672766   -76.09769009
 7939    2.6000   80.0000    5.0000   -76.10636705   -75.97758716   -76.09968464
 7940    2.6000   80.0000    6.0000   -76.10239894   -75.97798562   -76.10095675
 7941    2.6000   80.0000    7.0000   -76.10155507   -75.97794535   -76.10111084
 7942    2.6000   80.0000    8.0000   -76.10135442   -75.97787836   -76.10108710
 7943    2.6000   80.0000   10.0000   -76.10127428   -75.97781437   -76.10103748
 7944    2.6000   80.0000   12.0000   -76.10126017   -75.97779689   -76.10102220
 7945    2.6000   80.0000   14.0000   -76.10125614   -75.97779158   -76.10101741
 7946    2.6000   80.0000   16.0000   -76.10125471   -75.97778977   -76.10101577
    0    0.0000    0.0000    0.0000     0.00000000     0.00000000     0.00000000
 7947    2.6000   90.0000    1.2000   -76.04417454   -75.72939661   -75.86199492
 7948    2.6000   90.0000    1.3000   -76.14295507   -75.82831235   -75.96151810
 7949    2.6000   90.0000    1.4000   -76.20796989   -75.89365698   -76.02732810
 7950    2.6000   90.0000    1.5000   -76.24934076   -75.93560010   -76.06953927
 7951    2.6000   90.0000    1.6000   -76.27408695   -75.96120452   -76.09516577
 7952    2.6000   90.0000    1.7000   -76.28713211   -75.97543614   -76.10912951
 7953    2.6000   90.0000    1.7500   -76.29039900   -75.97943309   -76.11287076
 7954    2.6000   90.0000    1.8000   -76.29196136   -75.98182396   -76.11491864
 7955    2.6000   90.0000    1.8500   -76.29210190   -75.98289810   -76.11555723
 7956    2.6000   90.0000    1.9000   -76.29106006   -75.98289736   -76.11502824
 7957    2.6000   90.0000    2.0000   -76.28621201   -75.98047432   -76.11126347
 7958    2.6000   90.0000    2.1500   -76.27425617   -75.97304290   -76.10117175
 7959    2.6000   90.0000    2.3000   -76.25918298   -75.96349640   -76.08858484
 7960    2.6000   90.0000    2.4000   -76.24833320   -75.95677390   -76.08016611
 7961    2.6000   90.0000    2.6000   -76.22626990   -75.94296042   -76.06796328
 7962    2.6000   90.0000    2.8000   -76.20510666   -75.94972484   -76.06762412
 7963    2.6000   90.0000    3.0000   -76.18581444   -75.95580994   -76.07315556
 7964    2.6000   90.0000    3.3000   -76.16127264   -75.96309293   -76.08172158
 7965    2.6000   90.0000    3.6000   -76.14227233   -75.96822887   -76.08823043
 7966    2.6000   90.0000    4.0000   -76.12476192   -75.97262307   -76.09395529
 7967    2.6000   90.0000    4.5000   -76.11236743   -75.97560426   -76.09789603
 7968    2.6000   90.0000    5.0000   -76.10637880   -75.97701939   -76.09978975
 7969    2.6000   90.0000    6.0000   -76.10238057   -75.97785962   -76.10097509
 7970    2.6000   90.0000    7.0000   -76.10154327   -75.97791597   -76.10110989
 7971    2.6000   90.0000    8.0000   -76.10134869   -75.97786997   -76.10108436
 7972    2.6000   90.0000   10.0000   -76.10127285   -75.97781294   -76.10103636
 7973    2.6000   90.0000   12.0000   -76.10125971   -75.97779649   -76.10102184
 7974    2.6000   90.0000   14.0000   -76.10125597   -75.97779145   -76.10101728
 7975    2.6000   90.0000   16.0000   -76.10125465   -75.97778972   -76.10101571
    0    0.0000    0.0000    0.0000     0.00000000     0.00000000     0.00000000
 7976    2.6000  100.0000    1.2000   -76.04603489   -75.74728805   -75.86208164
 7977    2.6000  100.0000    1.3000   -76.14462574   -75.84653095   -75.96175213
 7978    2.6000  100.0000    1.4000   -76.20943120   -75.91210715   -76.02768539
 7979    2.6000  100.0000    1.5000   -76.25057682   -75.95417618   -76.06999752
 7980    2.6000  100.0000    1.6000   -76.27508542   -75.97978675   -76.09570688
 7981    2.6000  100.0000    1.7000   -76.28788394   -75.99388674   -76.10974108
 7982    2.6000  100.0000    1.7500   -76.29102542   -75.99776077   -76.11351551
 7983    2.6000  100.0000    1.8000   -76.29246165   -75.99998717   -76.11559670
 7984    2.6000  100.0000    1.8500   -76.29247585   -76.00085164   -76.11627012
 7985    2.6000  100.0000    1.9000   -76.29130814   -76.00059682   -76.11577897
 7986    2.6000  100.0000    2.0000   -76.28621160   -75.99752362   -76.11210593
 7987    2.6000  100.0000    2.1500   -76.27389953   -75.98878719   -76.10222569
 7988    2.6000  100.0000    2.3000   -76.25850185   -75.97771133   -76.09001653
 7989    2.6000  100.0000    2.4000   -76.24745654   -75.97007686   -76.08199007
 7990    2.6000  100.0000    2.6000   -76.22505701   -75.95740297   -76.07060273
 7991    2.6000  100.0000    2.8000   -76.20366475   -75.95603811   -76.06969458
 7992    2.6000  100.0000    3.0000   -76.18423217   -75.96041227   -76.07441788
 7993    2.6000  100.0000    3.3000   -76.15966993   -75.96646756   -76.08239847
 7994    2.6000  100.0000    3.6000   -76.14083218   -75.97065616   -76.08865398
 7995    2.6000  100.0000    4.0000   -76.12368945   -75.97404266   -76.09420965
 7996    2.6000  100.0000    4.5000   -76.11174881   -75.97623102   -76.09803538
 7997    2.6000  100.0000    5.0000   -76.10606233   -75.97726824   -76.09986235
 7998    2.6000  100.0000    6.0000   -76.10230711   -75.97789091   -76.10098923
 7999    2.6000  100.0000    7.0000   -76.10152589   -75.97791683   -76.10111040
 8000    2.6000  100.0000    8.0000   -76.10134407   -75.97786828   -76.10108323
 8001    2.6000  100.0000   10.0000   -76.10127212   -75.97781224   -76.10103578
 8002    2.6000  100.0000   12.0000   -76.10125949   -75.97779631   -76.10102165
 8003    2.6000  100.0000   14.0000   -76.10125590   -75.97779140   -76.10101721
 8004    2.6000  100.0000   16.0000   -76.10125462   -75.97778970   -76.10101569
    0    0.0000    0.0000    0.0000     0.00000000     0.00000000     0.00000000
 8005    2.6000  105.0000    1.2000   -76.04530887   -75.75585405   -75.86173942
 8006    2.6000  105.0000    1.3000   -76.14381412   -75.85521314   -75.96146656
 8007    2.6000  105.0000    1.4000   -76.20852771   -75.92087863   -76.02745278
 8008    2.6000  105.0000    1.5000   -76.24957738   -75.96300339   -76.06981549
 8009    2.6000  105.0000    1.6000   -76.27398803   -75.98863469   -76.09557519
 8010    2.6000  105.0000    1.7000   -76.28668795   -76.00271376   -76.10966315
 8011    2.6000  105.0000    1.7500   -76.28978029   -76.00656138   -76.11346700
 8012    2.6000  105.0000    1.8000   -76.29116770   -76.00875054   -76.11558026
 8013    2.6000  105.0000    1.8500   -76.29113352   -76.00956706   -76.11628923
 8014    2.6000  105.0000    1.9000   -76.28991832   -76.00925260   -76.11583807
 8015    2.6000  105.0000    2.0000   -76.28472869   -76.00603170   -76.11226334
 8016    2.6000  105.0000    2.1500   -76.27228630   -75.99701147   -76.10259834
 8017    2.6000  105.0000    2.3000   -76.25677847   -75.98563536   -76.09073165
 8018    2.6000  105.0000    2.4000   -76.24567418   -75.97785873   -76.08302372
 8019    2.6000  105.0000    2.6000   -76.22319492   -75.96510139   -76.07221813
 8020    2.6000  105.0000    2.8000   -76.20177930   -75.96198299   -76.07101105
 8021    2.6000  105.0000    3.0000   -76.18238652   -75.96492771   -76.07522858
 8022    2.6000  105.0000    3.3000   -76.15799152   -75.96985339   -76.08281721
 8023    2.6000  105.0000    3.6000   -76.13942576   -75.97317626   -76.08890445
 8024    2.6000  105.0000    4.0000   -76.12270746   -75.97559289   -76.09435348
 8025    2.6000  105.0000    4.5000   -76.11121608   -75.97696073   -76.09811208
 8026    2.6000  105.0000    5.0000   -76.10580465   -75.97757843   -76.09990210
 8027    2.6000  105.0000    6.0000   -76.10225452   -75.97793933   -76.10099728
 8028    2.6000  105.0000    7.0000   -76.10151546   -75.97792305   -76.10111118
 8029    2.6000  105.0000    8.0000   -76.10134192   -75.97786855   -76.10108296
 8030    2.6000  105.0000   10.0000   -76.10127194   -75.97781201   -76.10103560
 8031    2.6000  105.0000   12.0000   -76.10125945   -75.97779625   -76.10102160
 8032    2.6000  105.0000   14.0000   -76.10125589   -75.97779139   -76.10101720
 8033    2.6000  105.0000   16.0000   -76.10125461   -75.97778970   -76.10101568
    0    0.0000    0.0000    0.0000     0.00000000     0.00000000     0.00000000
 8034    2.6000  110.0000    1.2000   -76.04356759   -75.76424511   -75.86121752
 8035    2.6000  110.0000    1.3000   -76.14199202   -75.86369215   -75.96099100
 8036    2.6000  110.0000    1.4000   -76.20661879   -75.92942347   -76.02702430
 8037    2.6000  110.0000    1.5000   -76.24757835   -75.97158963   -76.06943677
 8038    2.6000  110.0000    1.6000   -76.27189773   -75.99723393   -76.09525175
 8039    2.6000  110.0000    1.7000   -76.28450771   -76.01130186   -76.10940449
 8040    2.6000  110.0000    1.7500   -76.28755603   -76.01513334   -76.11324568
 8041    2.6000  110.0000    1.8000   -76.28890036   -76.01729973   -76.11540065
 8042    2.6000  110.0000    1.8500   -76.28882487   -76.01808852   -76.11615663
 8043    2.6000  110.0000    1.9000   -76.28756879   -76.01773966   -76.11575886
 8044    2.6000  110.0000    2.0000   -76.28230283   -76.01443256   -76.11231504
 8045    2.6000  110.0000    2.1500   -76.26976052   -76.00526051   -76.10293139
 8046    2.6000  110.0000    2.3000   -76.25417462   -75.99375396   -76.09149193
 8047    2.6000  110.0000    2.4000   -76.24303352   -75.98594501   -76.08415652
 8048    2.6000  110.0000    2.6000   -76.22052541   -75.97320729   -76.07397492
 8049    2.6000  110.0000    2.8000   -76.19914547   -75.96887069   -76.07250228
 8050    2.6000  110.0000    3.0000   -76.17986028   -75.97041737   -76.07619150
 8051    2.6000  110.0000    3.3000   -76.15575200   -75.97403442   -76.08332811
 8052    2.6000  110.0000    3.6000   -76.13758840   -75.97631605   -76.08921031
 8053    2.6000  110.0000    4.0000   -76.12145658   -75.97753869   -76.09452682
 8054    2.6000  110.0000    4.5000   -76.11055572   -75.97788012   -76.09820276
 8055    2.6000  110.0000    5.0000   -76.10549254   -75.97796997   -76.09994845
 8056    2.6000  110.0000    6.0000   -76.10219362   -75.97800106   -76.10100670
 8057    2.6000  110.0000    7.0000   -76.10150408   -75.97793137   -76.10111231
 8058    2.6000  110.0000    8.0000   -76.10133979   -75.97786913   -76.10108277
 8059    2.6000  110.0000   10.0000   -76.10127185   -75.97781179   -76.10103545
 8060    2.6000  110.0000   12.0000   -76.10125945   -75.97779620   -76.10102156
 8061    2.6000  110.0000   14.0000   -76.10125590   -75.97779138   -76.10101719
 8062    2.6000  110.0000   16.0000   -76.10125462   -75.97778970   -76.10101568
    0    0.0000    0.0000    0.0000     0.00000000     0.00000000     0.00000000
 8063    2.6000  120.0000    1.2000   -76.03733396   -75.78070541   -75.85984130
 8064    2.6000  120.0000    1.3000   -76.13560788   -75.88026079   -75.95968368
 8065    2.6000  120.0000    1.4000   -76.20007248   -75.94607651   -76.02579951
 8066    2.6000  120.0000    1.5000   -76.24086446   -75.98829996   -76.06831290
 8067    2.6000  120.0000    1.6000   -76.26501645   -76.01397466   -76.09425416
 8068    2.6000  120.0000    1.7000   -76.27746400   -76.02804646   -76.10856743
 8069    2.6000  120.0000    1.7500   -76.28043434   -76.03187152   -76.11250526
 8070    2.6000  120.0000    1.8000   -76.28170351   -76.03402674   -76.11476997
 8071    2.6000  120.0000    1.8500   -76.28155556   -76.03479888   -76.11565073
 8072    2.6000  120.0000    1.9000   -76.28023140   -76.03443248   -76.11539495
 8073    2.6000  120.0000    2.0000   -76.27484259   -76.03108944   -76.11229700
 8074    2.6000  120.0000    2.1500   -76.26215560   -76.02189411   -76.10363109
 8075    2.6000  120.0000    2.3000   -76.24648161   -76.01048472   -76.09320476
 8076    2.6000  120.0000    2.4000   -76.23531920   -76.00285429   -76.08667607
 8077    2.6000  120.0000    2.6000   -76.21287716   -75.99040156   -76.07771212
 8078    2.6000  120.0000    2.8000   -76.19172518   -75.98449159   -76.07584556
 8079    2.6000  120.0000    3.0000   -76.17284596   -75.98355076   -76.07852444
 8080    2.6000  120.0000    3.3000   -76.14966873   -75.98422271   -76.08464449
 8081    2.6000  120.0000    3.6000   -76.13271341   -75.98399102   -76.09001340
 8082    2.6000  120.0000    4.0000   -76.11824558   -75.98228114   -76.09498025
 8083    2.6000  120.0000    4.5000   -76.10892149   -75.98010312   -76.09843541
 8084    2.6000  120.0000    5.0000   -76.10474165   -75.97890796   -76.10006515
 8085    2.6000  120.0000    6.0000   -76.10205376   -75.97814800   -76.10103059
 8086    2.6000  120.0000    7.0000   -76.10147930   -75.97795130   -76.10111557
 8087    2.6000  120.0000    8.0000   -76.10133550   -75.97787043   -76.10108242
 8088    2.6000  120.0000   10.0000   -76.10127185   -75.97781129   -76.10103518
 8089    2.6000  120.0000   12.0000   -76.10125952   -75.97779609   -76.10102151
 8090    2.6000  120.0000   14.0000   -76.10125593   -75.97779136   -76.10101719
 8091    2.6000  120.0000   16.0000   -76.10125464   -75.97778970   -76.10101569
    0    0.0000    0.0000    0.0000     0.00000000     0.00000000     0.00000000
 8092    2.6000  130.0000    1.2000   -76.02800566   -75.79689542   -75.85829289
 8093    2.6000  130.0000    1.3000   -76.12613597   -75.89650719   -75.95818272
 8094    2.6000  130.0000    1.4000   -76.19044333   -75.96237814   -76.02437174
 8095    2.6000  130.0000    1.5000   -76.23107186   -76.00465423   -76.06698982
 8096    2.6000  130.0000    1.6000   -76.25506060   -76.03037992   -76.09307501
 8097    2.6000  130.0000    1.7000   -76.26735058   -76.04450616   -76.10758082
 8098    2.6000  130.0000    1.7500   -76.27024579   -76.04836163   -76.11163669
 8099    2.6000  130.0000    1.8000   -76.27144302   -76.05055050   -76.11403597
 8100    2.6000  130.0000    1.8500   -76.27122692   -76.05136099   -76.11506967
 8101    2.6000  130.0000    1.9000   -76.26983897   -76.05103878   -76.11498713
 8102    2.6000  130.0000    2.0000   -76.26433804   -76.04780896   -76.11230479
 8103    2.6000  130.0000    2.1500   -76.25153029   -76.03887801   -76.10446301
 8104    2.6000  130.0000    2.3000   -76.23580557   -76.02788920   -76.09509895
 8105    2.6000  130.0000    2.4000   -76.22465682   -76.02061821   -76.08933129
 8106    2.6000  130.0000    2.6000   -76.20238204   -76.00862938   -76.08140746
 8107    2.6000  130.0000    2.8000   -76.18161418   -76.00176791   -76.07931163
 8108    2.6000  130.0000    3.0000   -76.16336795   -75.99879311   -76.08115521
 8109    2.6000  130.0000    3.3000   -76.14160362   -75.99627892   -76.08625239
 8110    2.6000  130.0000    3.6000   -76.12642997   -75.99301073   -76.09102765
 8111    2.6000  130.0000    4.0000   -76.11428816   -75.98773869   -76.09555850
 8112    2.6000  130.0000    4.5000   -76.10700221   -75.98259214   -76.09872903
 8113    2.6000  130.0000    5.0000   -76.10388743   -75.97993919   -76.10021051
 8114    2.6000  130.0000    6.0000   -76.10190149   -75.97830699   -76.10106085
 8115    2.6000  130.0000    7.0000   -76.10145350   -75.97797235   -76.10111994
 8116    2.6000  130.0000    8.0000   -76.10133129   -75.97787133   -76.10108201
 8117    2.6000  130.0000   10.0000   -76.10127197   -75.97781064   -76.10103486
 8118    2.6000  130.0000   12.0000   -76.10125966   -75.97779593   -76.10102145
 8119    2.6000  130.0000   14.0000   -76.10125599   -75.97779133   -76.10101719
 8120    2.6000  130.0000   16.0000   -76.10125467   -75.97778971   -76.10101570
    0    0.0000    0.0000    0.0000     0.00000000     0.00000000     0.00000000
 8121    2.6000  140.0000    1.2000   -76.01645689   -75.81273881   -75.85680681
 8122    2.6000  140.0000    1.3000   -76.11443789   -75.91239350   -75.95673034
 8123    2.6000  140.0000    1.4000   -76.17857789   -75.97832514   -76.02298532
 8124    2.6000  140.0000    1.5000   -76.21902901   -76.02067924   -76.06570764
 8125    2.6000  140.0000    1.6000   -76.24283692   -76.04650216   -76.09194232
 8126    2.6000  140.0000    1.7000   -76.25494799   -76.06074934   -76.10665101
 8127    2.6000  140.0000    1.7500   -76.25775601   -76.06467607   -76.11083110
 8128    2.6000  140.0000    1.8000   -76.25886843   -76.06694516   -76.11337158
 8129    2.6000  140.0000    1.8500   -76.25857054   -76.06784598   -76.11456473
 8130    2.6000  140.0000    1.9000   -76.25710456   -76.06762564   -76.11466123
 8131    2.6000  140.0000    2.0000   -76.25146171   -76.06463986   -76.11240088
 8132    2.6000  140.0000    2.1500   -76.23848729   -76.05619364   -76.10536012
 8133    2.6000  140.0000    2.3000   -76.22267033   -76.04583104   -76.09695048
 8134    2.6000  140.0000    2.4000   -76.21151433   -76.03900689   -76.09181360
 8135    2.6000  140.0000    2.6000   -76.18939620   -76.02757639   -76.08470314
 8136    2.6000  140.0000    2.8000   -76.16907541   -76.02012796   -76.08249448
 8137    2.6000  140.0000    3.0000   -76.15163976   -76.01549313   -76.08372153
 8138    2.6000  140.0000    3.3000   -76.13179833   -76.00966548   -76.08793281
 8139    2.6000  140.0000    3.6000   -76.11905621   -76.00284754   -76.09212644
 8140    2.6000  140.0000    4.0000   -76.10989716   -75.99346563   -76.09619636
 8141    2.6000  140.0000    4.5000   -76.10498242   -75.98510156   -76.09905390
 8142    2.6000  140.0000    5.0000   -76.10301535   -75.98095442   -76.10037111
 8143    2.6000  140.0000    6.0000   -76.10175122   -75.97846084   -76.10109489
 8144    2.6000  140.0000    7.0000   -76.10142889   -75.97799207   -76.10112497
 8145    2.6000  140.0000    8.0000   -76.10132750   -75.97787169   -76.10108167
 8146    2.6000  140.0000   10.0000   -76.10127212   -75.97780984   -76.10103447
 8147    2.6000  140.0000   12.0000   -76.10125981   -75.97779572   -76.10102137
 8148    2.6000  140.0000   14.0000   -76.10125606   -75.97779129   -76.10101719
 8149    2.6000  140.0000   16.0000   -76.10125471   -75.97778971   -76.10101571
    0    0.0000    0.0000    0.0000     0.00000000     0.00000000     0.00000000
 8150    2.6000  150.0000    1.2000   -76.00387372   -75.82776743   -75.85553135
 8151    2.6000  150.0000    1.3000   -76.10168771   -75.92748237   -75.95547842
 8152    2.6000  150.0000    1.4000   -76.16563588   -75.99350763   -76.02178986
 8153    2.6000  150.0000    1.5000   -76.20587792   -76.03598809   -76.06460645
 8154    2.6000  150.0000    1.6000   -76.22946536   -76.06197191   -76.09097864
 8155    2.6000  150.0000    1.7000   -76.24134915   -76.07641867   -76.10587388
 8156    2.6000  150.0000    1.7500   -76.24404226   -76.08046188   -76.11016763
 8157    2.6000  150.0000    1.8000   -76.24503972   -76.08285988   -76.11283639
 8158    2.6000  150.0000    1.8500   -76.24462745   -76.08390324   -76.11417321
 8159    2.6000  150.0000    1.9000   -76.24304836   -76.08384027   -76.11442954
 8160    2.6000  150.0000    2.0000   -76.23718584   -76.08121780   -76.11253970
 8161    2.6000  150.0000    2.1500   -76.22390982   -76.07344404   -76.10617610
 8162    2.6000  150.0000    2.3000   -76.20784853   -76.06387479   -76.09852620
 8163    2.6000  150.0000    2.4000   -76.19657959   -76.05758321   -76.09386534
 8164    2.6000  150.0000    2.6000   -76.17442297   -76.04687307   -76.08735441
 8165    2.6000  150.0000    2.8000   -76.15444659   -76.03916225   -76.08510869
 8166    2.6000  150.0000    3.0000   -76.13791820   -76.03315759   -76.08592195
 8167    2.6000  150.0000    3.3000   -76.12060815   -76.02381643   -76.08945627
 8168    2.6000  150.0000    3.6000   -76.11109010   -76.01287141   -76.09315733
 8169    2.6000  150.0000    4.0000   -76.10549629   -75.99896860   -76.09680881
 8170    2.6000  150.0000    4.5000   -76.10307385   -75.98739828   -76.09936887
 8171    2.6000  150.0000    5.0000   -76.10221483   -75.98186054   -76.10052756
 8172    2.6000  150.0000    6.0000   -76.10161695   -75.97859576   -76.10112850
 8173    2.6000  150.0000    7.0000   -76.10140763   -75.97800893   -76.10113011
 8174    2.6000  150.0000    8.0000   -76.10132450   -75.97787170   -76.10108152
 8175    2.6000  150.0000   10.0000   -76.10127225   -75.97780900   -76.10103405
 8176    2.6000  150.0000   12.0000   -76.10125996   -75.97779549   -76.10102127
 8177    2.6000  150.0000   14.0000   -76.10125613   -75.97779124   -76.10101718
 8178    2.6000  150.0000   16.0000   -76.10125474   -75.97778970   -76.10101571
    0    0.0000    0.0000    0.0000     0.00000000     0.00000000     0.00000000
 8179    2.6000  160.0000    1.2000   -75.99192733   -75.84093598   -75.85455611
 8180    2.6000  160.0000    1.3000   -76.08955655   -75.94074571   -75.95451895
 8181    2.6000  160.0000    1.4000   -76.15328675   -76.00690970   -76.02087393
 8182    2.6000  160.0000    1.5000   -76.19328361   -76.04957385   -76.06376494
 8183    2.6000  160.0000    1.6000   -76.21660231   -76.07578541   -76.09024607
 8184    2.6000  160.0000    1.7000   -76.22819639   -76.09051025   -76.10528845
 8185    2.6000  160.0000    1.7500   -76.23073737   -76.09471348   -76.10967117
 8186    2.6000  160.0000    1.8000   -76.23157810   -76.09728704   -76.11243971
 8187    2.6000  160.0000    1.8500   -76.23100488   -76.09852259   -76.11388749
 8188    2.6000  160.0000    1.9000   -76.22926088   -76.09866957   -76.11426636
 8189    2.6000  160.0000    2.0000   -76.22305761   -76.09652393   -76.11265683
 8190    2.6000  160.0000    2.1500   -76.20924842   -76.08961182   -76.10679095
 8191    2.6000  160.0000    2.3000   -76.19264515   -76.08104592   -76.09967687
 8192    2.6000  160.0000    2.4000   -76.18102813   -76.07544437   -76.09534289
 8193    2.6000  160.0000    2.6000   -76.15830286   -76.06586741   -76.08924517
 8194    2.6000  160.0000    2.8000   -76.13820621   -76.05844137   -76.08700641
 8195    2.6000  160.0000    3.0000   -76.12250866   -76.05138622   -76.08757035
 8196    2.6000  160.0000    3.3000   -76.10865726   -76.03796420   -76.09064620
 8197    2.6000  160.0000    3.6000   -76.10336517   -76.02214503   -76.09398663
 8198    2.6000  160.0000    4.0000   -76.10163557   -76.00365529   -76.09731272
 8199    2.6000  160.0000    4.5000   -76.10149827   -75.98925492   -76.09963145
 8200    2.6000  160.0000    5.0000   -76.10157079   -75.98257372   -76.10065892
 8201    2.6000  160.0000    6.0000   -76.10151138   -75.97870090   -76.10115705
 8202    2.6000  160.0000    7.0000   -76.10139148   -75.97802178   -76.10113465
 8203    2.6000  160.0000    8.0000   -76.10132246   -75.97787156   -76.10108156
 8204    2.6000  160.0000   10.0000   -76.10127234   -75.97780826   -76.10103367
 8205    2.6000  160.0000   12.0000   -76.10126007   -75.97779529   -76.10102119
 8206    2.6000  160.0000   14.0000   -76.10125618   -75.97779120   -76.10101717
 8207    2.6000  160.0000   16.0000   -76.10125477   -75.97778969   -76.10101572
    0    0.0000    0.0000    0.0000     0.00000000     0.00000000     0.00000000
 8208    2.6000  170.0000    1.2000   -75.98294051   -75.85043311   -75.85394061
 8209    2.6000  170.0000    1.3000   -76.08039978   -75.95035412   -75.95391306
 8210    2.6000  170.0000    1.4000   -76.14392436   -76.01667265   -76.02029564
 8211    2.6000  170.0000    1.5000   -76.18368247   -76.05953395   -76.06323428
 8212    2.6000  170.0000    1.6000   -76.20673021   -76.08599162   -76.08978472
 8213    2.6000  170.0000    1.7000   -76.21801970   -76.10101579   -76.10491985
 8214    2.6000  170.0000    1.7500   -76.22039490   -76.10539127   -76.10935822
 8215    2.6000  170.0000    1.8000   -76.22106046   -76.10815379   -76.11218883
 8216    2.6000  170.0000    1.8500   -76.22030201   -76.10959662   -76.11370529
 8217    2.6000  170.0000    1.9000   -76.21836222   -76.10997067   -76.11415967
 8218    2.6000  170.0000    2.0000   -76.21173215   -76.10834661   -76.11272137
 8219    2.6000  170.0000    2.1500   -76.19717940   -76.10239825   -76.10715410
 8220    2.6000  170.0000    2.3000   -76.17968262   -76.09503050   -76.10035580
 8221    2.6000  170.0000    2.4000   -76.16737211   -76.09034625   -76.09621188
 8222    2.6000  170.0000    2.6000   -76.14302711   -76.08276676   -76.09035717
 8223    2.6000  170.0000    2.8000   -76.12134602   -76.07706968   -76.08814281
 8224    2.6000  170.0000    3.0000   -76.10577139   -76.06980716   -76.08858165
 8225    2.6000  170.0000    3.3000   -76.09747225   -76.05050143   -76.09139411
 8226    2.6000  170.0000    3.6000   -76.09730802   -76.02916687   -76.09452009
 8227    2.6000  170.0000    4.0000   -76.09894380   -76.00686255   -76.09764205
 8228    2.6000  170.0000    4.5000   -76.10045702   -75.99046737   -76.09980546
 8229    2.6000  170.0000    5.0000   -76.10115352   -75.98303242   -76.10074653
 8230    2.6000  170.0000    6.0000   -76.10144414   -75.97876765   -76.10117629
 8231    2.6000  170.0000    7.0000   -76.10138153   -75.97802983   -76.10113783
 8232    2.6000  170.0000    8.0000   -76.10132136   -75.97787135   -76.10108169
 8233    2.6000  170.0000   10.0000   -76.10127239   -75.97780774   -76.10103340
 8234    2.6000  170.0000   12.0000   -76.10126015   -75.97779514   -76.10102112
 8235    2.6000  170.0000   14.0000   -76.10125622   -75.97779116   -76.10101717
 8236    2.6000  170.0000   16.0000   -76.10125478   -75.97778969   -76.10101572
    0    0.0000    0.0000    0.0000     0.00000000     0.00000000     0.00000000
 8237    2.6000  179.9900    1.2000   -75.97951738   -75.85398760   -75.85372906
 8238    2.6000  179.9900    1.3000   -76.07690160   -75.95396359   -75.95370478
 8239    2.6000  179.9900    1.4000   -76.14033382   -76.02035704   -76.02009691
 8240    2.6000  179.9900    1.5000   -76.17998266   -76.06331419   -76.06305202
 8241    2.6000  179.9900    1.6000   -76.20290323   -76.08989082   -76.08962631
 8242    2.6000  179.9900    1.7000   -76.21404564   -76.10506049   -76.10479297
 8243    2.6000  179.9900    1.7500   -76.21633884   -76.10952026   -76.10925012
 8244    2.6000  179.9900    1.8000   -76.21691603   -76.11237590   -76.11210160
 8245    2.6000  179.9900    1.8500   -76.21606234   -76.11392162   -76.11364110
 8246    2.6000  179.9900    1.9000   -76.21401962   -76.11440944   -76.11412075
 8247    2.6000  179.9900    2.0000   -76.20715642   -76.11304866   -76.11273949
 8248    2.6000  179.9900    2.1500   -76.19216489   -76.10761686   -76.10727099
 8249    2.6000  179.9900    2.3000   -76.17407042   -76.10095187   -76.10057657
 8250    2.6000  179.9900    2.4000   -76.16122416   -76.09688030   -76.09649484
 8251    2.6000  179.9900    2.6000   -76.13521177   -76.09110276   -76.09071723
 8252    2.6000  179.9900    2.8000   -76.11013851   -76.08886582   -76.08852098
 8253    2.6000  179.9900    3.0000   -76.08923605   -76.08692240   -76.08892604
 8254    2.6000  179.9900    3.3000   -76.09194303   -76.05650258   -76.09167523
 8255    2.6000  179.9900    3.6000   -76.09490945   -76.03189471   -76.09470343
 8256    2.6000  179.9900    4.0000   -76.09796409   -76.00798810   -76.09776710
 8257    2.6000  179.9900    4.5000   -76.10009271   -75.99088936   -76.09986640
 8258    2.6000  179.9900    5.0000   -76.10100911   -75.98319048   -76.10077733
 8259    2.6000  179.9900    6.0000   -76.10142109   -75.97879057   -76.10118311
 8260    2.6000  179.9900    7.0000   -76.10137820   -75.97803259   -76.10113899
 8261    2.6000  179.9900    8.0000   -76.10132103   -75.97787131   -76.10108177
 8262    2.6000  179.9900   10.0000   -76.10127243   -75.97780755   -76.10103331
 8263    2.6000  179.9900   12.0000   -76.10126018   -75.97779509   -76.10102110
 8264    2.6000  179.9900   14.0000   -76.10125623   -75.97779116   -76.10101716
 8265    2.6000  179.9900   16.0000   -76.10125479   -75.97778969   -76.10101572
    0    0.0000    0.0000    0.0000     0.00000000     0.00000000     0.00000000
 8266    2.8000    0.0100    1.2000   -75.82933244   -75.81663171   -75.81642864
 8267    2.8000    0.0100    1.3000   -75.93307782   -75.90416273   -75.90391325
 8268    2.8000    0.0100    1.4000   -76.00063688   -75.95658402   -75.95632439
 8269    2.8000    0.0100    1.5000   -76.04124448   -75.98358176   -75.98331343
 8270    2.8000    0.0100    1.6000   -76.06044133   -75.99138874   -75.99111161
 8271    2.8000    0.0100    1.7000   -76.06105964   -75.98351219   -75.98322540
 8272    2.8000    0.0100    1.7500   -76.05462779   -75.97409460   -75.97380196
 8273    2.8000    0.0100    1.8000   -76.04351737   -75.96090123   -75.96060187
 8274    2.8000    0.0100    1.8500   -76.02737725   -75.94359840   -75.94329156
 8275    2.8000    0.0100    1.9000   -76.00565532   -75.92162402   -75.92130935
 8276    2.8000    0.0100    2.0000   -75.94200162   -75.86001299   -75.85968372
 8277    2.8000    0.0100    2.1500   -40.00000000   -40.00000000   -40.00000000
 8278    2.8000    0.0100    2.3000   -40.00000000   -40.00000000   -40.00000000
 8279    2.8000    0.0100    2.4000   -40.00000000   -40.00000000   -40.00000000
 8280    2.8000    0.0100    2.6000   -40.00000000   -40.00000000   -40.00000000
 8281    2.8000    0.0100    2.8000   -40.00000000   -40.00000000   -40.00000000
 8282    2.8000    0.0100    3.0000   -40.00000000   -40.00000000   -40.00000000
 8283    2.8000    0.0100    3.3000   -40.00000000   -40.00000000   -40.00000000
 8284    2.8000    0.0100    3.6000   -75.93859042   -75.92264614   -75.92226697
 8285    2.8000    0.0100    4.0000   -76.08838487   -76.07808581   -76.07773710
 8286    2.8000    0.0100    4.5000   -76.09400199   -76.09298678   -76.09367858
 8287    2.8000    0.0100    5.0000   -76.08136153   -76.05853759   -76.08106854
 8288    2.8000    0.0100    6.0000   -76.07805632   -75.99855985   -76.07782345
 8289    2.8000    0.0100    7.0000   -76.08042380   -75.97313398   -76.08021353
 8290    2.8000    0.0100    8.0000   -76.08100411   -75.96635037   -76.08079110
 8291    2.8000    0.0100   10.0000   -76.08096883   -75.96452421   -76.08075311
 8292    2.8000    0.0100   12.0000   -76.08091389   -75.96440101   -76.08069814
 8293    2.8000    0.0100   14.0000   -76.08089906   -75.96438100   -76.08068335
 8294    2.8000    0.0100   16.0000   -76.08087501   -75.96435393   -76.08068651
    0    0.0000    0.0000    0.0000     0.00000000     0.00000000     0.00000000
 8295    2.8000   10.0000    1.2000   -75.85368401   -75.79767440   -75.82017807
 8296    2.8000   10.0000    1.3000   -75.95180199   -75.89292873   -75.90893084
 8297    2.8000   10.0000    1.4000   -76.01648286   -75.95160919   -75.96313472
 8298    2.8000   10.0000    1.5000   -76.05651681   -75.98424755   -75.99269457
 8299    2.8000   10.0000    1.6000   -76.07752191   -75.99803220   -76.00432399
 8300    2.8000   10.0000    1.7000   -76.08291221   -75.99762185   -76.00236329
 8301    2.8000   10.0000    1.7500   -76.08035403   -75.99298640   -75.99711399
 8302    2.8000   10.0000    1.8000   -76.07443599   -75.98564600   -75.98924322
 8303    2.8000   10.0000    1.8500   -76.06516588   -75.97565460   -75.97879166
 8304    2.8000   10.0000    1.9000   -76.05248019   -75.96296631   -75.96570304
 8305    2.8000   10.0000    2.0000   -76.01673378   -75.92900865   -75.93109920
 8306    2.8000   10.0000    2.1500   -75.93168581   -75.85165105   -75.85305483
 8307    2.8000   10.0000    2.3000   -40.00000000   -40.00000000   -40.00000000
 8308    2.8000   10.0000    2.4000   -40.00000000   -40.00000000   -40.00000000
 8309    2.8000   10.0000    2.6000   -40.00000000   -40.00000000   -40.00000000
 8310    2.8000   10.0000    2.8000   -40.00000000   -40.00000000   -40.00000000
 8311    2.8000   10.0000    3.0000   -40.00000000   -40.00000000   -40.00000000
 8312    2.8000   10.0000    3.3000   -75.87553959   -75.85093871   -75.85122066
 8313    2.8000   10.0000    3.6000   -76.03894275   -76.01962900   -76.01997904
 8314    2.8000   10.0000    4.0000   -76.10191640   -76.08912666   -76.08985837
 8315    2.8000   10.0000    4.5000   -76.09351903   -76.08551327   -76.09064890
 8316    2.8000   10.0000    5.0000   -76.08001708   -76.05208265   -76.07921136
 8317    2.8000   10.0000    6.0000   -76.07824996   -75.99564796   -76.07794246
 8318    2.8000   10.0000    7.0000   -76.08048977   -75.97231591   -76.08026460
 8319    2.8000   10.0000    8.0000   -76.08100826   -75.96617382   -76.08079229
 8320    2.8000   10.0000   10.0000   -76.08096518   -75.96451466   -76.08074964
 8321    2.8000   10.0000   12.0000   -76.08091305   -75.96439986   -76.08069737
 8322    2.8000   10.0000   14.0000   -76.08089884   -75.96438069   -76.08068314
 8323    2.8000   10.0000   16.0000   -76.08089452   -75.96437520   -76.08067882
    0    0.0000    0.0000    0.0000     0.00000000     0.00000000     0.00000000
 8324    2.8000   20.0000    1.2000   -75.88653829   -75.77755245   -75.82960156
 8325    2.8000   20.0000    1.3000   -75.98443973   -75.87796846   -75.92129463
 8326    2.8000   20.0000    1.4000   -76.04904159   -75.94355881   -75.97922877
 8327    2.8000   20.0000    1.5000   -76.09009880   -75.98448125   -76.01363570
 8328    2.8000   20.0000    1.6000   -76.11462069   -76.00821494   -76.03194885
 8329    2.8000   20.0000    1.7000   -76.12708547   -76.01998456   -76.03925394
 8330    2.8000   20.0000    1.7500   -76.12983236   -76.02262982   -76.03998358
 8331    2.8000   20.0000    1.8000   -76.13067954   -76.02363646   -76.03926361
 8332    2.8000   20.0000    1.8500   -76.12988850   -76.02332232   -76.03739633
 8333    2.8000   20.0000    1.9000   -76.12768796   -76.02195627   -76.03463655
 8334    2.8000   20.0000    2.0000   -76.12030699   -76.01713676   -76.02746119
 8335    2.8000   20.0000    2.1500   -76.10277957   -76.00648579   -76.01417502
 8336    2.8000   20.0000    2.3000   -76.08240747   -75.99545756   -76.00131138
 8337    2.8000   20.0000    2.4000   -76.07022159   -75.98989116   -75.99489393
 8338    2.8000   20.0000    2.6000   -76.05509034   -75.98767047   -75.99153774
 8339    2.8000   20.0000    2.8000   -76.05689926   -76.00069479   -76.00392022
 8340    2.8000   20.0000    3.0000   -76.07220978   -76.02515154   -76.02803854
 8341    2.8000   20.0000    3.3000   -76.09973508   -76.06319710   -76.06597855
 8342    2.8000   20.0000    3.6000   -76.11359981   -76.08504966   -76.08819547
 8343    2.8000   20.0000    4.0000   -76.10782489   -76.08741448   -76.09240413
 8344    2.8000   20.0000    4.5000   -76.08722025   -76.06646009   -76.08182035
 8345    2.8000   20.0000    5.0000   -76.07789298   -76.03529143   -76.07597057
 8346    2.8000   20.0000    6.0000   -76.07885589   -75.98840684   -76.07835587
 8347    2.8000   20.0000    7.0000   -76.08065942   -75.97034109   -76.08039489
 8348    2.8000   20.0000    8.0000   -76.08101844   -75.96574842   -76.08079481
 8349    2.8000   20.0000   10.0000   -76.08095624   -75.96449082   -76.08074102
 8350    2.8000   20.0000   12.0000   -76.08091083   -75.96439677   -76.08069533
 8351    2.8000   20.0000   14.0000   -76.08089822   -75.96437986   -76.08068255
 8352    2.8000   20.0000   16.0000   -76.08089431   -75.96437492   -76.08067862
    0    0.0000    0.0000    0.0000     0.00000000     0.00000000     0.00000000
 8353    2.8000   30.0000    1.2000   -75.91927505   -75.75893973   -75.84111902
 8354    2.8000   30.0000    1.3000   -76.01794806   -75.86277581   -75.93560310
 8355    2.8000   30.0000    1.4000   -76.08339990   -75.93277718   -75.99676689
 8356    2.8000   30.0000    1.5000   -76.12581879   -75.97919625   -76.03498478
 8357    2.8000   30.0000    1.6000   -76.15225625   -76.00924113   -76.05754773
 8358    2.8000   30.0000    1.7000   -76.16753038   -76.02797458   -76.06956640
 8359    2.8000   30.0000    1.7500   -76.17222640   -76.03438819   -76.07292179
 8360    2.8000   30.0000    1.8000   -76.17538290   -76.03931882   -76.07498418
 8361    2.8000   30.0000    1.8500   -76.17728317   -76.04307942   -76.07606450
 8362    2.8000   30.0000    1.9000   -76.17816762   -76.04593836   -76.07642540
 8363    2.8000   30.0000    2.0000   -76.17767711   -76.04981328   -76.07583519
 8364    2.8000   30.0000    2.1500   -76.17343021   -76.05332006   -76.07391678
 8365    2.8000   30.0000    2.3000   -76.16737627   -76.05630013   -76.07286194
 8366    2.8000   30.0000    2.4000   -76.16318799   -76.05858111   -76.07310912
 8367    2.8000   30.0000    2.6000   -76.15550070   -76.06403252   -76.07572888
 8368    2.8000   30.0000    2.8000   -76.14891972   -76.06984644   -76.07991669
 8369    2.8000   30.0000    3.0000   -76.14268564   -76.07461820   -76.08389454
 8370    2.8000   30.0000    3.3000   -76.13187391   -76.07745742   -76.08672918
 8371    2.8000   30.0000    3.6000   -76.11817894   -76.07424024   -76.08497098
 8372    2.8000   30.0000    4.0000   -76.09827908   -76.06253601   -76.07895998
 8373    2.8000   30.0000    4.5000   -76.08193513   -76.03975364   -76.07418829
 8374    2.8000   30.0000    5.0000   -76.07799069   -76.01433066   -76.07486170
 8375    2.8000   30.0000    6.0000   -76.07974897   -75.98008002   -76.07900907
 8376    2.8000   30.0000    7.0000   -76.08086087   -75.96817862   -76.08054653
 8377    2.8000   30.0000    8.0000   -76.08102708   -75.96528138   -76.08079451
 8378    2.8000   30.0000   10.0000   -76.08094548   -75.96446282   -76.08073058
 8379    2.8000   30.0000   12.0000   -76.08090793   -75.96439269   -76.08069262
 8380    2.8000   30.0000   14.0000   -76.08089739   -75.96437874   -76.08068177
 8381    2.8000   30.0000   16.0000   -76.08089402   -75.96437453   -76.08067834
    0    0.0000    0.0000    0.0000     0.00000000     0.00000000     0.00000000
 8382    2.8000   45.0000    1.2000   -75.96183911   -75.73117858   -75.85645858
 8383    2.8000   45.0000    1.3000   -76.06118036   -75.83716958   -75.95361107
 8384    2.8000   45.0000    1.4000   -76.12709091   -75.90966171   -76.01741284
 8385    2.8000   45.0000    1.5000   -76.16973231   -75.95879660   -76.05808085
 8386    2.8000   45.0000    1.6000   -76.19614969   -75.99161134   -76.08272005
 8387    2.8000   45.0000    1.7000   -76.21127090   -76.01304404   -76.09632715
 8388    2.8000   45.0000    1.7500   -76.21572266   -76.02062714   -76.10014445
 8389    2.8000   45.0000    1.8000   -76.21856240   -76.02658791   -76.10244461
 8390    2.8000   45.0000    1.8500   -76.22006725   -76.03120873   -76.10351479
 8391    2.8000   45.0000    1.9000   -76.22047014   -76.03472814   -76.10359801
 8392    2.8000   45.0000    2.0000   -76.21872122   -76.03923722   -76.10159495
 8393    2.8000   45.0000    2.1500   -76.21179768   -76.04184184   -76.09540321
 8394    2.8000   45.0000    2.3000   -76.20196138   -76.04179354   -76.08785501
 8395    2.8000   45.0000    2.4000   -76.19456776   -76.04109017   -76.08294387
 8396    2.8000   45.0000    2.6000   -76.17896662   -76.03918271   -76.07468436
 8397    2.8000   45.0000    2.8000   -76.16324352   -76.03719546   -76.06916179
 8398    2.8000   45.0000    3.0000   -76.14804347   -76.03514213   -76.06613369
 8399    2.8000   45.0000    3.3000   -76.12710676   -76.03145435   -76.06477714
 8400    2.8000   45.0000    3.6000   -76.10953430   -76.02650539   -76.06570830
 8401    2.8000   45.0000    4.0000   -76.09322451   -76.01716331   -76.06876684
 8402    2.8000   45.0000    4.5000   -76.08390453   -76.00186683   -76.07318348
 8403    2.8000   45.0000    5.0000   -76.08136443   -75.98724929   -76.07664462
 8404    2.8000   45.0000    6.0000   -76.08102091   -75.97071160   -76.07994327
 8405    2.8000   45.0000    7.0000   -76.08108403   -75.96591594   -76.08070646
 8406    2.8000   45.0000    8.0000   -76.08102511   -75.96478420   -76.08078258
 8407    2.8000   45.0000   10.0000   -76.08093072   -75.96442835   -76.08071622
 8408    2.8000   45.0000   12.0000   -76.08090372   -75.96438682   -76.08068865
 8409    2.8000   45.0000   14.0000   -76.08089611   -75.96437703   -76.08068056
 8410    2.8000   45.0000   16.0000   -76.08089355   -75.96437389   -76.08067789
    0    0.0000    0.0000    0.0000     0.00000000     0.00000000     0.00000000
 8411    2.8000   60.0000    1.2000   -75.99322491   -75.70456915   -75.86662203
 8412    2.8000   60.0000    1.3000   -76.09257288   -75.81047479   -75.96504896
 8413    2.8000   60.0000    1.4000   -76.15828028   -75.88289410   -76.02992852
 8414    2.8000   60.0000    1.5000   -76.20047511   -75.93189159   -76.07139798
 8415    2.8000   60.0000    1.6000   -76.22617707   -75.96443911   -76.09648435
 8416    2.8000   60.0000    1.7000   -76.24030296   -75.98541352   -76.11011234
 8417    2.8000   60.0000    1.7500   -76.24415354   -75.99267930   -76.11376054
 8418    2.8000   60.0000    1.8000   -76.24632441   -75.99825558   -76.11576319
 8419    2.8000   60.0000    1.8500   -76.24709608   -76.00242082   -76.11640196
 8420    2.8000   60.0000    1.9000   -76.24670502   -76.00541017   -76.11591562
 8421    2.8000   60.0000    2.0000   -76.24320376   -76.00862800   -76.11234793
 8422    2.8000   60.0000    2.1500   -76.23332685   -76.00873494   -76.10274065
 8423    2.8000   60.0000    2.3000   -76.22032095   -76.00564800   -76.09059116
 8424    2.8000   60.0000    2.4000   -76.21080208   -76.00275817   -76.08210739
 8425    2.8000   60.0000    2.6000   -76.19120244   -75.99669793   -76.06646739
 8426    2.8000   60.0000    2.8000   -76.17216099   -75.99191552   -76.05609930
 8427    2.8000   60.0000    3.0000   -76.15459649   -75.98920013   -76.05368490
 8428    2.8000   60.0000    3.3000   -76.13202885   -75.98777531   -76.05840943
 8429    2.8000   60.0000    3.6000   -76.11455434   -75.98667360   -76.06448480
 8430    2.8000   60.0000    4.0000   -76.09890826   -75.98326754   -76.07080781
 8431    2.8000   60.0000    4.5000   -76.08871302   -75.97704507   -76.07576591
 8432    2.8000   60.0000    5.0000   -76.08434221   -75.97162297   -76.07845995
 8433    2.8000   60.0000    6.0000   -76.08173278   -75.96633446   -76.08043127
 8434    2.8000   60.0000    7.0000   -76.08117662   -75.96492126   -76.08076467
 8435    2.8000   60.0000    8.0000   -76.08101114   -75.96455682   -76.08076500
 8436    2.8000   60.0000   10.0000   -76.08092015   -75.96440853   -76.08070608
 8437    2.8000   60.0000   12.0000   -76.08090066   -75.96438271   -76.08068580
 8438    2.8000   60.0000   14.0000   -76.08089509   -75.96437576   -76.08067962
 8439    2.8000   60.0000   16.0000   -76.08089316   -75.96437336   -76.08067753
    0    0.0000    0.0000    0.0000     0.00000000     0.00000000     0.00000000
 8440    2.8000   70.0000    1.2000   -76.00771367   -75.70053159   -75.87058762
 8441    2.8000   70.0000    1.3000   -76.10691855   -75.80116157   -75.96947255
 8442    2.8000   70.0000    1.4000   -76.17241004   -75.87015452   -76.03471925
 8443    2.8000   70.0000    1.5000   -76.21430947   -75.91708671   -76.07644815
 8444    2.8000   70.0000    1.6000   -76.23963251   -75.94831217   -76.10167369
 8445    2.8000   70.0000    1.7000   -76.25329906   -75.96832162   -76.11531222
 8446    2.8000   70.0000    1.7500   -76.25689159   -75.97517339   -76.11891587
 8447    2.8000   70.0000    1.8000   -76.25878829   -75.98036245   -76.12084029
 8448    2.8000   70.0000    1.8500   -76.25927064   -75.98415742   -76.12136700
 8449    2.8000   70.0000    1.9000   -76.25857718   -75.98678650   -76.12073467
 8450    2.8000   70.0000    2.0000   -76.25443774   -75.98929883   -76.11677315
 8451    2.8000   70.0000    2.1500   -76.24355281   -75.98835052   -76.10631911
 8452    2.8000   70.0000    2.3000   -76.22952866   -75.98420253   -76.09300416
 8453    2.8000   70.0000    2.4000   -76.21935168   -75.98061806   -76.08354717
 8454    2.8000   70.0000    2.6000   -76.19854161   -75.97335866   -76.06545979
 8455    2.8000   70.0000    2.8000   -76.17848601   -75.96818566   -76.05315073
 8456    2.8000   70.0000    3.0000   -76.16012769   -75.96636531   -76.05225206
 8457    2.8000   70.0000    3.3000   -76.13671932   -75.96753475   -76.05940919
 8458    2.8000   70.0000    3.6000   -76.11862051   -75.96910667   -76.06612185
 8459    2.8000   70.0000    4.0000   -76.10211849   -75.96948010   -76.07233997
 8460    2.8000   70.0000    4.5000   -76.09073842   -75.96817751   -76.07680537
 8461    2.8000   70.0000    5.0000   -76.08541794   -75.96670018   -76.07905385
 8462    2.8000   70.0000    6.0000   -76.08194150   -75.96514900   -76.08056201
 8463    2.8000   70.0000    7.0000   -76.08119272   -75.96465821   -76.08077290
 8464    2.8000   70.0000    8.0000   -76.08100145   -75.96449424   -76.08075595
 8465    2.8000   70.0000   10.0000   -76.08091573   -75.96440181   -76.08070201
 8466    2.8000   70.0000   12.0000   -76.08089932   -75.96438115   -76.08068461
 8467    2.8000   70.0000   14.0000   -76.08089462   -75.96437518   -76.08067921
 8468    2.8000   70.0000   16.0000   -76.08089297   -75.96437315   -76.08067737
    0    0.0000    0.0000    0.0000     0.00000000     0.00000000     0.00000000
 8469    2.8000   80.0000    1.2000   -76.01730610   -75.71761444   -75.87275005
 8470    2.8000   80.0000    1.3000   -76.11634693   -75.81610235   -75.97192844
 8471    2.8000   80.0000    1.4000   -76.18162989   -75.88129623   -76.03741084
 8472    2.8000   80.0000    1.5000   -76.22327727   -75.92351033   -76.07931197
 8473    2.8000   80.0000    1.6000   -76.24830860   -75.94996837   -76.10464350
 8474    2.8000   80.0000    1.7000   -76.26164710   -75.96574357   -76.11832177
 8475    2.8000   80.0000    1.7500   -76.26506331   -75.97076768   -76.12192104
 8476    2.8000   80.0000    1.8000   -76.26677637   -75.97433327   -76.12382539
 8477    2.8000   80.0000    1.8500   -76.26706834   -75.97670051   -76.12431680
 8478    2.8000   80.0000    1.9000   -76.26617889   -75.97808250   -76.12363440
 8479    2.8000   80.0000    2.0000   -76.26163736   -75.97855836   -76.11953023
 8480    2.8000   80.0000    2.1500   -76.25013501   -75.97538297   -76.10876172
 8481    2.8000   80.0000    2.3000   -76.23549704   -75.96959809   -76.09501869
 8482    2.8000   80.0000    2.4000   -76.22492344   -75.96511070   -76.08520760
 8483    2.8000   80.0000    2.6000   -76.20337308   -75.95640752   -76.06618712
 8484    2.8000   80.0000    2.8000   -76.18266693   -75.95110530   -76.05303240
 8485    2.8000   80.0000    3.0000   -76.16375152   -75.95115737   -76.05293373
 8486    2.8000   80.0000    3.3000   -76.13966709   -75.95529737   -76.06061950
 8487    2.8000   80.0000    3.6000   -76.12100985   -75.95905467   -76.06723600
 8488    2.8000   80.0000    4.0000   -76.10383464   -75.96213526   -76.07317318
 8489    2.8000   80.0000    4.5000   -76.09172482   -75.96385472   -76.07730991
 8490    2.8000   80.0000    5.0000   -76.08590273   -75.96446123   -76.07932521
 8491    2.8000   80.0000    6.0000   -76.08201713   -75.96464334   -76.08061542
 8492    2.8000   80.0000    7.0000   -76.08119155   -75.96454656   -76.08077353
 8493    2.8000   80.0000    8.0000   -76.08099374   -75.96446650   -76.08075023
 8494    2.8000   80.0000   10.0000   -76.08091297   -75.96439829   -76.08069962
 8495    2.8000   80.0000   12.0000   -76.08089845   -75.96438023   -76.08068387
 8496    2.8000   80.0000   14.0000   -76.08089430   -75.96437488   -76.08067895
 8497    2.8000   80.0000   16.0000   -76.08089284   -75.96437303   -76.08067726
    0    0.0000    0.0000    0.0000     0.00000000     0.00000000     0.00000000
 8498    2.8000   90.0000    1.2000   -76.02229052   -75.73531889   -75.87355285
 8499    2.8000   90.0000    1.3000   -76.12116903   -75.83410462   -75.97292324
 8500    2.8000   90.0000    1.4000   -76.18626856   -75.89932600   -76.03856385
 8501    2.8000   90.0000    1.5000   -76.22771287   -75.94116752   -76.08058764
 8502    2.8000   90.0000    1.6000   -76.25252313   -75.96670609   -76.10600692
 8503    2.8000   90.0000    1.7000   -76.26562463   -75.98091898   -76.11974019
 8504    2.8000   90.0000    1.7500   -76.26891724   -75.98492588   -76.12335577
 8505    2.8000   90.0000    1.8000   -76.27050389   -75.98733955   -76.12526965
 8506    2.8000   90.0000    1.8500   -76.27066740   -75.98844701   -76.12576449
 8507    2.8000   90.0000    1.9000   -76.26964745   -75.98849114   -76.12508008
 8508    2.8000   90.0000    2.0000   -76.26484039   -75.98617767   -76.12095830
 8509    2.8000   90.0000    2.1500   -76.25294151   -75.97890590   -76.11014213
 8510    2.8000   90.0000    2.3000   -76.23792313   -75.96944896   -76.09635206
 8511    2.8000   90.0000    2.4000   -76.22710906   -75.96275178   -76.08652970
 8512    2.8000   90.0000    2.6000   -76.20510666   -75.94972484   -76.06762412
 8513    2.8000   90.0000    2.8000   -76.18401333   -75.94133026   -76.05482570
 8514    2.8000   90.0000    3.0000   -76.16478201   -75.94437115   -76.05442118
 8515    2.8000   90.0000    3.3000   -76.14035560   -75.95080430   -76.06155081
 8516    2.8000   90.0000    3.6000   -76.12147410   -75.95558374   -76.06787848
 8517    2.8000   90.0000    4.0000   -76.10411020   -75.95969538   -76.07358568
 8518    2.8000   90.0000    4.5000   -76.09185344   -75.96245994   -76.07754168
 8519    2.8000   90.0000    5.0000   -76.08594684   -75.96374713   -76.07944554
 8520    2.8000   90.0000    6.0000   -76.08200753   -75.96448027   -76.08063761
 8521    2.8000   90.0000    7.0000   -76.08118115   -75.96450850   -76.08077297
 8522    2.8000   90.0000    8.0000   -76.08098784   -75.96445592   -76.08074716
 8523    2.8000   90.0000   10.0000   -76.08091138   -75.96439660   -76.08069832
 8524    2.8000   90.0000   12.0000   -76.08089793   -75.96437981   -76.08068346
 8525    2.8000   90.0000   14.0000   -76.08089411   -75.96437473   -76.08067880
 8526    2.8000   90.0000   16.0000   -76.08089277   -75.96437298   -76.08067720
    0    0.0000    0.0000    0.0000     0.00000000     0.00000000     0.00000000
 8527    2.8000  100.0000    1.2000   -76.02301963   -75.75244911   -75.87343873
 8528    2.8000  100.0000    1.3000   -76.12175314   -75.85149119   -75.97293330
 8529    2.8000  100.0000    1.4000   -76.18669538   -75.91687090   -76.03868176
 8530    2.8000  100.0000    1.5000   -76.22797310   -75.95875105   -76.08079780
 8531    2.8000  100.0000    1.6000   -76.25261011   -75.98418314   -76.10629581
 8532    2.8000  100.0000    1.7000   -76.26553452   -75.99811921   -76.12009774
 8533    2.8000  100.0000    1.7500   -76.26873774   -76.00191302   -76.12374525
 8534    2.8000  100.0000    1.8000   -76.27023492   -76.00406025   -76.12569031
 8535    2.8000  100.0000    1.8500   -76.27030922   -76.00484569   -76.12621637
 8536    2.8000  100.0000    1.9000   -76.26920095   -76.00450988   -76.12556407
 8537    2.8000  100.0000    2.0000   -76.26421956   -76.00126569   -76.12151341
 8538    2.8000  100.0000    2.1500   -76.25207169   -75.99220781   -76.11084085
 8539    2.8000  100.0000    2.3000   -76.23682931   -75.98062457   -76.09728435
 8540    2.8000  100.0000    2.4000   -76.22588294   -75.97239363   -76.08770750
 8541    2.8000  100.0000    2.6000   -76.20366475   -75.95603811   -76.06969458
 8542    2.8000  100.0000    2.8000   -76.18241739   -75.94188171   -76.05798263
 8543    2.8000  100.0000    3.0000   -76.16313611   -75.94566795   -76.05672520
 8544    2.8000  100.0000    3.3000   -76.13877117   -75.95232786   -76.06261337
 8545    2.8000  100.0000    3.6000   -76.12009448   -75.95681825   -76.06846710
 8546    2.8000  100.0000    4.0000   -76.10311056   -75.96044451   -76.07390515
 8547    2.8000  100.0000    4.5000   -76.09128867   -75.96277743   -76.07770533
 8548    2.8000  100.0000    5.0000   -76.08566063   -75.96385898   -76.07952784
 8549    2.8000  100.0000    6.0000   -76.08194047   -75.96448514   -76.08065289
 8550    2.8000  100.0000    7.0000   -76.08116455   -75.96450405   -76.08077324
 8551    2.8000  100.0000    8.0000   -76.08098307   -75.96445300   -76.08074569
 8552    2.8000  100.0000   10.0000   -76.08091055   -75.96439580   -76.08069764
 8553    2.8000  100.0000   12.0000   -76.08089768   -75.96437963   -76.08068325
 8554    2.8000  100.0000   14.0000   -76.08089402   -75.96437467   -76.08067873
 8555    2.8000  100.0000   16.0000   -76.08089274   -75.96437296   -76.08067717
    0    0.0000    0.0000    0.0000     0.00000000     0.00000000     0.00000000
 8556    2.8000  105.0000    1.2000   -76.02189601   -75.76091040   -75.87316478
 8557    2.8000  105.0000    1.3000   -76.12056681   -75.86004486   -75.97270407
 8558    2.8000  105.0000    1.4000   -76.18544233   -75.92548339   -76.03849431
 8559    2.8000  105.0000    1.5000   -76.22665048   -75.96738289   -76.08064986
 8560    2.8000  105.0000    1.6000   -76.25121637   -75.99279075   -76.10618673
 8561    2.8000  105.0000    1.7000   -76.26406902   -76.00665264   -76.12002923
 8562    2.8000  105.0000    1.7500   -76.26723675   -76.01039184   -76.12369856
 8563    2.8000  105.0000    1.8000   -76.26869893   -76.01247171   -76.12566709
 8564    2.8000  105.0000    1.8500   -76.26873895   -76.01317688   -76.12621879
 8565    2.8000  105.0000    1.9000   -76.26759693   -76.01274810   -76.12559483
 8566    2.8000  105.0000    2.0000   -76.26255212   -76.00927722   -76.12161156
 8567    2.8000  105.0000    2.1500   -76.25032017   -75.99978120   -76.11107904
 8568    2.8000  105.0000    2.3000   -76.23501138   -75.98765402   -76.09773763
 8569    2.8000  105.0000    2.4000   -76.22403184   -75.97902232   -76.08837004
 8570    2.8000  105.0000    2.6000   -76.20177930   -75.96198299   -76.07101105
 8571    2.8000  105.0000    2.8000   -76.18054830   -75.94837173   -76.05991586
 8572    2.8000  105.0000    3.0000   -76.16133453   -75.94892114   -76.05821712
 8573    2.8000  105.0000    3.3000   -76.13715822   -75.95471245   -76.06332398
 8574    2.8000  105.0000    3.6000   -76.11875694   -75.95864717   -76.06884817
 8575    2.8000  105.0000    4.0000   -76.10218467   -75.96160313   -76.07410093
 8576    2.8000  105.0000    4.5000   -76.09078930   -75.96333420   -76.07780058
 8577    2.8000  105.0000    5.0000   -76.08541966   -75.96409742   -76.07957448
 8578    2.8000  105.0000    6.0000   -76.08189098   -75.96452145   -76.08066170
 8579    2.8000  105.0000    7.0000   -76.08115446   -75.96450809   -76.08077393
 8580    2.8000  105.0000    8.0000   -76.08098086   -75.96445280   -76.08074527
 8581    2.8000  105.0000   10.0000   -76.08091033   -75.96439554   -76.08069742
 8582    2.8000  105.0000   12.0000   -76.08089763   -75.96437957   -76.08068319
 8583    2.8000  105.0000   14.0000   -76.08089401   -75.96437466   -76.08067871
 8584    2.8000  105.0000   16.0000   -76.08089273   -75.96437295   -76.08067717
    0    0.0000    0.0000    0.0000     0.00000000     0.00000000     0.00000000
 8585    2.8000  110.0000    1.2000   -76.01983771   -75.76932222   -75.87279705
 8586    2.8000  110.0000    1.3000   -76.11844902   -75.86852648   -75.97237273
 8587    2.8000  110.0000    1.4000   -76.18326234   -75.93401116   -76.03820014
 8588    2.8000  110.0000    1.5000   -76.22440747   -75.97592841   -76.08039450
 8589    2.8000  110.0000    1.6000   -76.24891100   -76.00132362   -76.10597352
 8590    2.8000  110.0000    1.7000   -76.26170292   -76.01513696   -76.11986360
 8591    2.8000  110.0000    1.7500   -76.26484122   -76.01883817   -76.12355974
 8592    2.8000  110.0000    1.8000   -76.26627469   -76.02087057   -76.12555771
 8593    2.8000  110.0000    1.8500   -76.26628691   -76.02151914   -76.12614212
 8594    2.8000  110.0000    1.9000   -76.26511813   -76.02102432   -76.12555470
 8595    2.8000  110.0000    2.0000   -76.26002355   -76.01739333   -76.12165920
 8596    2.8000  110.0000    2.1500   -76.24772964   -76.00759141   -76.11130937
 8597    2.8000  110.0000    2.3000   -76.23237982   -75.99509876   -76.09824244
 8598    2.8000  110.0000    2.4000   -76.22138681   -75.98621967   -76.08913162
 8599    2.8000  110.0000    2.6000   -76.19914547   -75.96887069   -76.07250228
 8600    2.8000  110.0000    2.8000   -76.17798481   -75.95555725   -76.06199808
 8601    2.8000  110.0000    3.0000   -76.15889924   -75.95364416   -76.05989995
 8602    2.8000  110.0000    3.3000   -76.13502029   -75.95796276   -76.06418190
 8603    2.8000  110.0000    3.6000   -76.11701365   -75.96109004   -76.06931659
 8604    2.8000  110.0000    4.0000   -76.10100287   -75.96313950   -76.07434080
 8605    2.8000  110.0000    4.5000   -76.09016681   -75.96407238   -76.07791539
 8606    2.8000  110.0000    5.0000   -76.08512491   -75.96441650   -76.07962992
 8607    2.8000  110.0000    6.0000   -76.08183325   -75.96457137   -76.08067226
 8608    2.8000  110.0000    7.0000   -76.08114343   -75.96451438   -76.08077505
 8609    2.8000  110.0000    8.0000   -76.08097867   -75.96445295   -76.08074494
 8610    2.8000  110.0000   10.0000   -76.08091020   -75.96439530   -76.08069723
 8611    2.8000  110.0000   12.0000   -76.08089762   -75.96437952   -76.08068314
 8612    2.8000  110.0000   14.0000   -76.08089401   -75.96437465   -76.08067870
 8613    2.8000  110.0000   16.0000   -76.08089274   -75.96437295   -76.08067717
    0    0.0000    0.0000    0.0000     0.00000000     0.00000000     0.00000000
 8614    2.8000  120.0000    1.2000   -76.01315212   -75.78614146   -75.87190992
 8615    2.8000  120.0000    1.3000   -76.11165208   -75.88542458   -75.97153867
 8616    2.8000  120.0000    1.4000   -76.17634884   -75.95095767   -76.03742963
 8617    2.8000  120.0000    1.5000   -76.21737695   -75.99288851   -76.07970084
 8618    2.8000  120.0000    1.6000   -76.24176688   -76.01825703   -76.10537378
 8619    2.8000  120.0000    1.7000   -76.25445225   -76.03200423   -76.11938038
 8620    2.8000  120.0000    1.7500   -76.25754084   -76.03565688   -76.12314527
 8621    2.8000  120.0000    1.8000   -76.25892749   -76.03763122   -76.12522028
 8622    2.8000  120.0000    1.8500   -76.25889601   -76.03821072   -76.12589110
 8623    2.8000  120.0000    1.9000   -76.25768709   -76.03763729   -76.12540090
 8624    2.8000  120.0000    2.0000   -76.25252425   -76.03382248   -76.12173852
 8625    2.8000  120.0000    2.1500   -76.24016316   -76.02369540   -76.11186569
 8626    2.8000  120.0000    2.3000   -76.22479667   -76.01086528   -76.09948224
 8627    2.8000  120.0000    2.4000   -76.21382599   -76.00180923   -76.09097333
 8628    2.8000  120.0000    2.6000   -76.19172518   -75.98449159   -76.07584556
 8629    2.8000  120.0000    2.8000   -76.17085024   -75.97148655   -76.06634980
 8630    2.8000  120.0000    3.0000   -76.15219614   -75.96639060   -76.06361314
 8631    2.8000  120.0000    3.3000   -76.12924552   -75.96671445   -76.06628810
 8632    2.8000  120.0000    3.6000   -76.11239927   -75.96748582   -76.07051854
 8633    2.8000  120.0000    4.0000   -76.09796553   -75.96706715   -76.07496551
 8634    2.8000  120.0000    4.5000   -76.08861971   -75.96592391   -76.07821205
 8635    2.8000  120.0000    5.0000   -76.08441285   -75.96520565   -76.07977139
 8636    2.8000  120.0000    6.0000   -76.08169992   -75.96469564   -76.08069971
 8637    2.8000  120.0000    7.0000   -76.08111940   -75.96453059   -76.08077854
 8638    2.8000  120.0000    8.0000   -76.08097430   -75.96445351   -76.08074441
 8639    2.8000  120.0000   10.0000   -76.08091012   -75.96439477   -76.08069688
 8640    2.8000  120.0000   12.0000   -76.08089767   -75.96437941   -76.08068306
 8641    2.8000  120.0000   14.0000   -76.08089404   -75.96437464   -76.08067869
 8642    2.8000  120.0000   16.0000   -76.08089275   -75.96437296   -76.08067717
    0    0.0000    0.0000    0.0000     0.00000000     0.00000000     0.00000000
 8643    2.8000  130.0000    1.2000   -76.00348127   -75.80306446   -75.87098584
 8644    2.8000  130.0000    1.3000   -76.10187500   -75.90237986   -75.97065084
 8645    2.8000  130.0000    1.4000   -76.16645892   -75.96793454   -76.03659728
 8646    2.8000  130.0000    1.5000   -76.20737346   -76.00987261   -76.07894661
 8647    2.8000  130.0000    1.6000   -76.23165408   -76.03523283   -76.10472491
 8648    2.8000  130.0000    1.7000   -76.24423859   -76.04895641   -76.11886963
 8649    2.8000  130.0000    1.7500   -76.24728112   -76.05259212   -76.12271793
 8650    2.8000  130.0000    1.8000   -76.24862526   -76.05454612   -76.12488722
 8651    2.8000  130.0000    1.8500   -76.24855530   -76.05510355   -76.12566429
 8652    2.8000  130.0000    1.9000   -76.24731242   -76.05450662   -76.12529356
 8653    2.8000  130.0000    2.0000   -76.24209711   -76.05064412   -76.12191550
 8654    2.8000  130.0000    2.1500   -76.22970260   -76.04046257   -76.11260674
 8655    2.8000  130.0000    2.3000   -76.21436776   -76.02764755   -76.10098582
 8656    2.8000  130.0000    2.4000   -76.20346135   -76.01867611   -76.09309735
 8657    2.8000  130.0000    2.6000   -76.18161418   -76.00176791   -76.07931163
 8658    2.8000  130.0000    2.8000   -76.16118625   -75.98887991   -76.07056493
 8659    2.8000  130.0000    3.0000   -76.14318986   -75.98180783   -76.06738382
 8660    2.8000  130.0000    3.3000   -76.12162150   -75.97794248   -76.06868809
 8661    2.8000  130.0000    3.6000   -76.10646569   -75.97549581   -76.07197464
 8662    2.8000  130.0000    4.0000   -76.09421944   -75.97178836   -76.07574631
 8663    2.8000  130.0000    4.5000   -76.08679607   -75.96806163   -76.07858420
 8664    2.8000  130.0000    5.0000   -76.08359888   -75.96609521   -76.07994822
 8665    2.8000  130.0000    6.0000   -76.08155404   -75.96483378   -76.08073483
 8666    2.8000  130.0000    7.0000   -76.08109434   -75.96454835   -76.08078340
 8667    2.8000  130.0000    8.0000   -76.08097004   -75.96445383   -76.08074393
 8668    2.8000  130.0000   10.0000   -76.08091017   -75.96439407   -76.08069648
 8669    2.8000  130.0000   12.0000   -76.08089778   -75.96437924   -76.08068298
 8670    2.8000  130.0000   14.0000   -76.08089410   -75.96437461   -76.08067869
 8671    2.8000  130.0000   16.0000   -76.08089278   -75.96437296   -76.08067718
    0    0.0000    0.0000    0.0000     0.00000000     0.00000000     0.00000000
 8672    2.8000  140.0000    1.2000   -75.99148152   -75.82002329   -75.87014979
 8673    2.8000  140.0000    1.3000   -76.08976230   -75.91936116   -75.96984108
 8674    2.8000  140.0000    1.4000   -76.15422299   -75.98494351   -76.03583753
 8675    2.8000  140.0000    1.5000   -76.19501091   -76.02691127   -76.07826400
 8676    2.8000  140.0000    1.6000   -76.21916719   -76.05230226   -76.10415081
 8677    2.8000  140.0000    1.7000   -76.23163431   -76.06605864   -76.11844021
 8678    2.8000  140.0000    1.7500   -76.23462213   -76.06971237   -76.12237620
 8679    2.8000  140.0000    1.8000   -76.23591499   -76.07168619   -76.12464450
 8680    2.8000  140.0000    1.8500   -76.23579778   -76.07226601   -76.12553278
 8681    2.8000  140.0000    1.9000   -76.23451230   -76.07169484   -76.12528647
 8682    2.8000  140.0000    2.0000   -76.22922817   -76.06789795   -76.12220122
 8683    2.8000  140.0000    2.1500   -76.21678036   -76.05786662   -76.11345528
 8684    2.8000  140.0000    2.3000   -76.20146783   -76.04529125   -76.10255465
 8685    2.8000  140.0000    2.4000   -76.19062874   -76.03653793   -76.09521374
 8686    2.8000  140.0000    2.6000   -76.16907541   -76.02012796   -76.08249448
 8687    2.8000  140.0000    2.8000   -76.14920211   -76.00722358   -76.07427698
 8688    2.8000  140.0000    3.0000   -76.13207038   -75.99865972   -76.07080127
 8689    2.8000  140.0000    3.3000   -76.11238583   -75.99086778   -76.07105377
 8690    2.8000  140.0000    3.6000   -76.09952031   -75.98459564   -76.07349238
 8691    2.8000  140.0000    4.0000   -76.09006136   -75.97690650   -76.07658972
 8692    2.8000  140.0000    4.5000   -76.08487198   -75.97026466   -76.07899230
 8693    2.8000  140.0000    5.0000   -76.08276520   -75.96698553   -76.08014279
 8694    2.8000  140.0000    6.0000   -76.08140941   -75.96496938   -76.08077420
 8695    2.8000  140.0000    7.0000   -76.08107038   -75.96456544   -76.08078908
 8696    2.8000  140.0000    8.0000   -76.08096625   -75.96445379   -76.08074359
 8697    2.8000  140.0000   10.0000   -76.08091025   -75.96439322   -76.08069602
 8698    2.8000  140.0000   12.0000   -76.08089791   -75.96437903   -76.08068287
 8699    2.8000  140.0000   14.0000   -76.08089417   -75.96437457   -76.08067868
 8700    2.8000  140.0000   16.0000   -76.08089282   -75.96437296   -76.08067719
    0    0.0000    0.0000    0.0000     0.00000000     0.00000000     0.00000000
 8701    2.8000  150.0000    1.2000   -75.97805753   -75.83664362   -75.86946441
 8702    2.8000  150.0000    1.3000   -76.07620281   -75.93602708   -75.96917479
 8703    2.8000  150.0000    1.4000   -76.14051110   -76.00167406   -76.03521411
 8704    2.8000  150.0000    1.5000   -76.18113729   -76.04372201   -76.07771011
 8705    2.8000  150.0000    1.6000   -76.20512856   -76.06920738   -76.10369636
 8706    2.8000  150.0000    1.7000   -76.21743235   -76.08307274   -76.11811860
 8707    2.8000  150.0000    1.7500   -76.22034055   -76.08678723   -76.12213480
 8708    2.8000  150.0000    1.8000   -76.22155597   -76.08882666   -76.12449323
 8709    2.8000  150.0000    1.8500   -76.22136415   -76.08947759   -76.12548220
 8710    2.8000  150.0000    1.9000   -76.22000760   -76.08898376   -76.12534779
 8711    2.8000  150.0000    2.0000   -76.21459470   -76.08536323   -76.12252278
 8712    2.8000  150.0000    2.1500   -76.20199845   -76.07566023   -76.11426429
 8713    2.8000  150.0000    2.3000   -76.18661336   -76.06349373   -76.10395733
 8714    2.8000  150.0000    2.4000   -76.17578406   -76.05504419   -76.09704627
 8715    2.8000  150.0000    2.6000   -76.15444659   -76.03916225   -76.08510869
 8716    2.8000  150.0000    2.8000   -76.13515080   -76.02616272   -76.07725641
 8717    2.8000  150.0000    3.0000   -76.11907792   -76.01626948   -76.07359798
 8718    2.8000  150.0000    3.3000   -76.10190517   -76.00462462   -76.07310816
 8719    2.8000  150.0000    3.6000   -76.09204521   -75.99406041   -76.07487312
 8720    2.8000  150.0000    4.0000   -76.08589405   -75.98194163   -76.07738416
 8721    2.8000  150.0000    4.5000   -76.08304947   -75.97231824   -76.07938360
 8722    2.8000  150.0000    5.0000   -76.08199781   -75.96779017   -76.08033099
 8723    2.8000  150.0000    6.0000   -76.08127988   -75.96508977   -76.08081280
 8724    2.8000  150.0000    7.0000   -76.08104964   -75.96458026   -76.08079489
 8725    2.8000  150.0000    8.0000   -76.08096324   -75.96445354   -76.08074349
 8726    2.8000  150.0000   10.0000   -76.08091032   -75.96439233   -76.08069553
 8727    2.8000  150.0000   12.0000   -76.08089803   -75.96437879   -76.08068275
 8728    2.8000  150.0000   14.0000   -76.08089423   -75.96437452   -76.08067866
 8729    2.8000  150.0000   16.0000   -76.08089285   -75.96437296   -76.08067719
    0    0.0000    0.0000    0.0000     0.00000000     0.00000000     0.00000000
 8730    2.8000  160.0000    1.2000   -75.96461444   -75.85198721   -75.86895715
 8731    2.8000  160.0000    1.3000   -76.06258529   -75.95146937   -75.96868060
 8732    2.8000  160.0000    1.4000   -76.12669128   -76.01724780   -76.03475295
 8733    2.8000  160.0000    1.5000   -76.16709477   -76.05945582   -76.07730389
 8734    2.8000  160.0000    1.6000   -76.19084884   -76.08512799   -76.10336904
 8735    2.8000  160.0000    1.7000   -76.20290516   -76.09920734   -76.11789651
 8736    2.8000  160.0000    1.7500   -76.20568694   -76.10303958   -76.12197584
 8737    2.8000  160.0000    1.8000   -76.20677471   -76.10520453   -76.12440479
 8738    2.8000  160.0000    1.8500   -76.20645462   -76.10598926   -76.12547203
 8739    2.8000  160.0000    1.9000   -76.20496997   -76.10564057   -76.12542405
 8740    2.8000  160.0000    2.0000   -76.19930257   -76.10233462   -76.12279781
 8741    2.8000  160.0000    2.1500   -76.18634113   -76.09317959   -76.11490364
 8742    2.8000  160.0000    2.3000   -76.17063799   -76.08163966   -76.10502557
 8743    2.8000  160.0000    2.4000   -76.15964637   -76.07362273   -76.09841585
 8744    2.8000  160.0000    2.6000   -76.13820621   -76.05844137   -76.08700641
 8745    2.8000  160.0000    2.8000   -76.11933675   -76.04540590   -76.07939659
 8746    2.8000  160.0000    3.0000   -76.10453880   -76.03414593   -76.07563614
 8747    2.8000  160.0000    3.3000   -76.09085701   -76.01819897   -76.07466758
 8748    2.8000  160.0000    3.6000   -76.08484571   -76.00285707   -76.07595976
 8749    2.8000  160.0000    4.0000   -76.08223859   -75.98629013   -76.07802837
 8750    2.8000  160.0000    4.5000   -76.08154280   -75.97399855   -76.07970646
 8751    2.8000  160.0000    5.0000   -76.08137899   -75.96843157   -76.08048773
 8752    2.8000  160.0000    6.0000   -76.08117765   -75.96518432   -76.08084537
 8753    2.8000  160.0000    7.0000   -76.08103384   -75.96459175   -76.08080000
 8754    2.8000  160.0000    8.0000   -76.08096119   -75.96445326   -76.08074359
 8755    2.8000  160.0000   10.0000   -76.08091036   -75.96439155   -76.08069508
 8756    2.8000  160.0000   12.0000   -76.08089814   -75.96437857   -76.08068264
 8757    2.8000  160.0000   14.0000   -76.08089428   -75.96437448   -76.08067865
 8758    2.8000  160.0000   16.0000   -76.08089287   -75.96437295   -76.08067719
    0    0.0000    0.0000    0.0000     0.00000000     0.00000000     0.00000000
 8759    2.8000  170.0000    1.2000   -75.95363956   -75.86395347   -75.86864324
 8760    2.8000  170.0000    1.3000   -76.05140520   -75.96359046   -75.96837432
 8761    2.8000  170.0000    1.4000   -76.11526572   -76.02956794   -76.03446745
 8762    2.8000  170.0000    1.5000   -76.15538857   -76.07201651   -76.07705350
 8763    2.8000  170.0000    1.6000   -76.17882966   -76.09797065   -76.10316926
 8764    2.8000  170.0000    1.7000   -76.19054152   -76.11237556   -76.11776387
 8765    2.8000  170.0000    1.7500   -76.19313903   -76.11638821   -76.12188319
 8766    2.8000  170.0000    1.8000   -76.19403428   -76.11874636   -76.12435654
 8767    2.8000  170.0000    1.8500   -76.19351307   -76.11973802   -76.12547272
 8768    2.8000  170.0000    1.9000   -76.19181832   -76.11960861   -76.12547845
 8769    2.8000  170.0000    2.0000   -76.18570347   -76.11679421   -76.12297455
 8770    2.8000  170.0000    2.1500   -76.17199761   -76.10851377   -76.11530150
 8771    2.8000  170.0000    2.3000   -76.15546430   -76.09801463   -76.10567995
 8772    2.8000  170.0000    2.4000   -76.14388607   -76.09076455   -76.09924730
 8773    2.8000  170.0000    2.6000   -76.12134602   -76.07706968   -76.08814281
 8774    2.8000  170.0000    2.8000   -76.10213767   -76.06462935   -76.08067455
 8775    2.8000  170.0000    3.0000   -76.08906350   -76.05162899   -76.07686777
 8776    2.8000  170.0000    3.3000   -76.08086185   -76.02977749   -76.07562976
 8777    2.8000  170.0000    3.6000   -76.07926087   -76.00947398   -76.07664836
 8778    2.8000  170.0000    4.0000   -76.07969048   -75.98929379   -76.07844674
 8779    2.8000  170.0000    4.5000   -76.08054634   -75.97510627   -76.07991854
 8780    2.8000  170.0000    5.0000   -76.08097734   -75.96884544   -76.08059163
 8781    2.8000  170.0000    6.0000   -76.08111238   -75.96524472   -76.08086720
 8782    2.8000  170.0000    7.0000   -76.08102408   -75.96459902   -76.08080356
 8783    2.8000  170.0000    8.0000   -76.08096005   -75.96445304   -76.08074376
 8784    2.8000  170.0000   10.0000   -76.08091037   -75.96439102   -76.08069478
 8785    2.8000  170.0000   12.0000   -76.08089822   -75.96437841   -76.08068256
 8786    2.8000  170.0000   14.0000   -76.08089431   -75.96437445   -76.08067863
 8787    2.8000  170.0000   16.0000   -76.08089289   -75.96437294   -76.08067719
    0    0.0000    0.0000    0.0000     0.00000000     0.00000000     0.00000000
 8788    2.8000  179.9900    1.2000   -75.94912262   -75.86878367   -75.86853631
 8789    2.8000  179.9900    1.3000   -76.04677393   -75.96851755   -75.96826983
 8790    2.8000  179.9900    1.4000   -76.11049416   -76.03461933   -76.03437004
 8791    2.8000  179.9900    1.5000   -76.15045136   -76.07721986   -76.07696821
 8792    2.8000  179.9900    1.6000   -76.17370030   -76.10335570   -76.10310148
 8793    2.8000  179.9900    1.7000   -76.18519069   -76.11797591   -76.11771920
 8794    2.8000  179.9900    1.7500   -76.18766484   -76.12211066   -76.12185222
 8795    2.8000  179.9900    1.8000   -76.18842722   -76.12460188   -76.12434068
 8796    2.8000  179.9900    1.8500   -76.18776282   -76.12573889   -76.12547347
 8797    2.8000  179.9900    1.9000   -76.18591305   -76.12576865   -76.12549733
 8798    2.8000  179.9900    2.0000   -76.17944638   -76.12332147   -76.12303441
 8799    2.8000  179.9900    2.1500   -76.16507488   -76.11574883   -76.11543498
 8800    2.8000  179.9900    2.3000   -76.14762812   -76.10623841   -76.10589845
 8801    2.8000  179.9900    2.4000   -76.13522754   -76.09987363   -76.09952421
 8802    2.8000  179.9900    2.6000   -76.11013851   -76.08886582   -76.08852098
 8803    2.8000  179.9900    2.8000   -76.08602451   -76.08142787   -76.08109792
 8804    2.8000  179.9900    3.0000   -76.07757431   -76.06380654   -76.07728665
 8805    2.8000  179.9900    3.3000   -76.07615513   -76.03503704   -76.07594746
 8806    2.8000  179.9900    3.6000   -76.07707296   -76.01202074   -76.07688377
 8807    2.8000  179.9900    4.0000   -76.07877017   -75.99037129   -76.07859159
 8808    2.8000  179.9900    4.5000   -76.08019798   -75.97549427   -76.07999236
 8809    2.8000  179.9900    5.0000   -76.08083821   -75.96898618   -76.08062802
 8810    2.8000  179.9900    6.0000   -76.08108998   -75.96526554   -76.08087490
 8811    2.8000  179.9900    7.0000   -76.08102078   -75.96460150   -76.08080485
 8812    2.8000  179.9900    8.0000   -76.08095976   -75.96445289   -76.08074384
 8813    2.8000  179.9900   10.0000   -76.08091042   -75.96439079   -76.08069466
 8814    2.8000  179.9900   12.0000   -76.08089825   -75.96437838   -76.08068254
 8815    2.8000  179.9900   14.0000   -76.08089433   -75.96437442   -76.08067863
 8816    2.8000  179.9900   16.0000   -76.08087330   -75.96435156   -76.08068480
    0    0.0000    0.0000    0.0000     0.00000000     0.00000000     0.00000000
 8817    3.0000    0.0100    1.2000   -75.84606241   -75.82278835   -75.84587363
 8818    3.0000    0.0100    1.3000   -75.93723168   -75.92973642   -75.93699793
 8819    3.0000    0.0100    1.4000   -76.00185826   -75.99407809   -75.99383454
 8820    3.0000    0.0100    1.5000   -76.04888773   -76.02663914   -76.02638369
 8821    3.0000    0.0100    1.6000   -76.07709576   -76.04176178   -76.04149399
 8822    3.0000    0.0100    1.7000   -76.09036635   -76.04396393   -76.04368425
 8823    3.0000    0.0100    1.7500   -76.09210174   -76.04111748   -76.04083172
 8824    3.0000    0.0100    1.8000   -76.09073845   -76.03589968   -76.03560738
 8825    3.0000    0.0100    1.8500   -76.08627741   -76.02836503   -76.02806554
 8826    3.0000    0.0100    1.9000   -76.07861555   -76.01844561   -76.01813811
 8827    3.0000    0.0100    2.0000   -76.05269992   -75.99048617   -75.99016134
 8828    3.0000    0.0100    2.1500   -40.00000000   -40.00000000   -40.00000000
 8829    3.0000    0.0100    2.3000   -75.84170745   -75.78922250   -75.78886052
 8830    3.0000    0.0100    2.4000   -40.00000000   -40.00000000   -40.00000000
 8831    3.0000    0.0100    2.6000   -40.00000000   -40.00000000   -40.00000000
 8832    3.0000    0.0100    2.8000   -40.00000000   -40.00000000   -40.00000000
 8833    3.0000    0.0100    3.0000   -40.00000000   -40.00000000   -40.00000000
 8834    3.0000    0.0100    3.3000   -40.00000000   -40.00000000   -40.00000000
 8835    3.0000    0.0100    3.6000   -40.00000000   -40.00000000   -40.00000000
 8836    3.0000    0.0100    4.0000   -76.04487688   -76.03642270   -76.03607192
 8837    3.0000    0.0100    4.5000   -76.09776472   -76.09444240   -76.09411265
 8838    3.0000    0.0100    5.0000   -76.07612137   -76.06846799   -76.07581706
 8839    3.0000    0.0100    6.0000   -76.05849152   -75.99897991   -76.05825246
 8840    3.0000    0.0100    7.0000   -76.06144853   -75.96548515   -76.06125771
 8841    3.0000    0.0100    8.0000   -76.06258385   -75.95574658   -76.06239828
 8842    3.0000    0.0100   10.0000   -76.06269942   -75.95306025   -76.06251355
 8843    3.0000    0.0100   12.0000   -76.06264120   -75.95289658   -76.06245545
 8844    3.0000    0.0100   14.0000   -76.06262425   -75.95287320   -76.06243855
 8845    3.0000    0.0100   16.0000   -76.06261916   -75.95286710   -76.06243348
    0    0.0000    0.0000    0.0000     0.00000000     0.00000000     0.00000000
 8846    3.0000   10.0000    1.2000   -75.86380172   -75.80798964   -75.84824377
 8847    3.0000   10.0000    1.3000   -75.95991837   -75.91099772   -75.94010316
 8848    3.0000   10.0000    1.4000   -76.02386782   -75.97769613   -75.99792241
 8849    3.0000   10.0000    1.5000   -76.06565383   -76.01794374   -76.03179030
 8850    3.0000   10.0000    1.6000   -76.09140163   -76.03914245   -76.04873690
 8851    3.0000   10.0000    1.7000   -76.10469486   -76.04679854   -76.05359674
 8852    3.0000   10.0000    1.7500   -76.10736865   -76.04678048   -76.05254743
 8853    3.0000   10.0000    1.8000   -76.10762786   -76.04465275   -76.04956485
 8854    3.0000   10.0000    1.8500   -76.10557510   -76.04064116   -76.04483835
 8855    3.0000   10.0000    1.9000   -76.10125904   -76.03488498   -76.03847947
 8856    3.0000   10.0000    2.0000   -76.08621011   -76.01844803   -76.02109153
 8857    3.0000   10.0000    2.1500   -76.04401491   -75.97921453   -75.98089751
 8858    3.0000   10.0000    2.3000   -75.97574737   -75.91761830   -75.91870242
 8859    3.0000   10.0000    2.4000   -75.91271217   -75.86017382   -75.86099263
 8860    3.0000   10.0000    2.6000   -40.00000000   -40.00000000   -40.00000000
 8861    3.0000   10.0000    2.8000   -40.00000000   -40.00000000   -40.00000000
 8862    3.0000   10.0000    3.0000   -40.00000000   -40.00000000   -40.00000000
 8863    3.0000   10.0000    3.3000   -40.00000000   -40.00000000   -40.00000000
 8864    3.0000   10.0000    3.6000   -75.96296955   -75.94831569   -75.94845379
 8865    3.0000   10.0000    4.0000   -76.08509180   -76.07450983   -76.07477043
 8866    3.0000   10.0000    4.5000   -76.09585197   -76.09016015   -76.09128996
 8867    3.0000   10.0000    5.0000   -76.07193820   -76.06011671   -76.07098018
 8868    3.0000   10.0000    6.0000   -76.05859994   -75.99475182   -76.05828659
 8869    3.0000   10.0000    7.0000   -76.06158230   -75.96419703   -76.06137800
 8870    3.0000   10.0000    8.0000   -76.06260416   -75.95545947   -76.06241604
 8871    3.0000   10.0000   10.0000   -76.06269542   -75.95304596   -76.06250978
 8872    3.0000   10.0000   12.0000   -76.06264015   -75.95289507   -76.06245448
 8873    3.0000   10.0000   14.0000   -76.06262396   -75.95287283   -76.06243828
 8874    3.0000   10.0000   16.0000   -76.06261907   -75.95286696   -76.06243339
    0    0.0000    0.0000    0.0000     0.00000000     0.00000000     0.00000000
 8875    3.0000   20.0000    1.2000   -75.89089268   -75.78774933   -75.85427930
 8876    3.0000   20.0000    1.3000   -75.98849499   -75.89188726   -75.94796249
 8877    3.0000   20.0000    1.4000   -76.05295750   -75.96146616   -76.00785163
 8878    3.0000   20.0000    1.5000   -76.09462487   -76.00655087   -76.04441709
 8879    3.0000   20.0000    1.6000   -76.12040745   -76.03424746   -76.06481051
 8880    3.0000   20.0000    1.7000   -76.13505125   -76.04971302   -76.07419490
 8881    3.0000   20.0000    1.7500   -76.13924153   -76.05409353   -76.07596554
 8882    3.0000   20.0000    1.8000   -76.14175580   -76.05676461   -76.07629042
 8883    3.0000   20.0000    1.8500   -76.14283540   -76.05805132   -76.07547456
 8884    3.0000   20.0000    1.9000   -76.14268066   -76.05823012   -76.07377403
 8885    3.0000   20.0000    2.0000   -76.13970764   -76.05636535   -76.06870755
 8886    3.0000   20.0000    2.1500   -76.12876076   -76.04950946   -76.05830534
 8887    3.0000   20.0000    2.3000   -76.11375055   -76.04087583   -76.04727296
 8888    3.0000   20.0000    2.4000   -76.10285355   -76.03509305   -76.04035411
 8889    3.0000   20.0000    2.6000   -76.08316239   -76.02619019   -76.02994146
 8890    3.0000   20.0000    2.8000   -76.07220978   -76.02515154   -76.02803854
 8891    3.0000   20.0000    3.0000   -76.07344364   -76.03457943   -76.03697287
 8892    3.0000   20.0000    3.3000   -76.09038862   -76.06070904   -76.06276036
 8893    3.0000   20.0000    3.6000   -76.10581001   -76.08265509   -76.08469893
 8894    3.0000   20.0000    4.0000   -76.10580188   -76.08900282   -76.09163718
 8895    3.0000   20.0000    4.5000   -76.08278422   -76.06997106   -76.07647089
 8896    3.0000   20.0000    5.0000   -76.06327693   -76.03837143   -76.06114866
 8897    3.0000   20.0000    6.0000   -76.05925796   -75.98439722   -76.05876278
 8898    3.0000   20.0000    7.0000   -76.06192125   -75.96114636   -76.06168118
 8899    3.0000   20.0000    8.0000   -76.06265300   -75.95478111   -76.06245801
 8900    3.0000   20.0000   10.0000   -76.06268557   -75.95301097   -76.06250031
 8901    3.0000   20.0000   12.0000   -76.06263740   -75.95289111   -76.06245193
 8902    3.0000   20.0000   14.0000   -76.06262320   -75.95287184   -76.06243755
 8903    3.0000   20.0000   16.0000   -76.06261881   -75.95286653   -76.06243314
    0    0.0000    0.0000    0.0000     0.00000000     0.00000000     0.00000000
 8904    3.0000   30.0000    1.2000   -75.91792275   -75.76813911   -75.86181050
 8905    3.0000   30.0000    1.3000   -76.01644380   -75.87360919   -75.95731860
 8906    3.0000   30.0000    1.4000   -76.08168986   -75.94526845   -76.01933898
 8907    3.0000   30.0000    1.5000   -76.12389582   -75.99326322   -76.05817554
 8908    3.0000   30.0000    1.6000   -76.15005924   -76.02464134   -76.08097630
 8909    3.0000   30.0000    1.7000   -76.16532940   -76.04448182   -76.09302661
 8910    3.0000   30.0000    1.7500   -76.16998737   -76.05125605   -76.09619504
 8911    3.0000   30.0000    1.8000   -76.17312359   -76.05642713   -76.09795987
 8912    3.0000   30.0000    1.8500   -76.17501723   -76.06030206   -76.09862908
 8913    3.0000   30.0000    1.9000   -76.17590394   -76.06314759   -76.09846551
 8914    3.0000   30.0000    2.0000   -76.17541392   -76.06661603   -76.09650103
 8915    3.0000   30.0000    2.1500   -76.17104949   -76.06865879   -76.09182825
 8916    3.0000   30.0000    2.3000   -76.16457527   -76.06944044   -76.08748318
 8917    3.0000   30.0000    2.4000   -76.15989402   -76.07002906   -76.08542436
 8918    3.0000   30.0000    2.6000   -76.15080648   -76.07197556   -76.08357345
 8919    3.0000   30.0000    2.8000   -76.14268564   -76.07461820   -76.08389454
 8920    3.0000   30.0000    3.0000   -76.13531740   -76.07696494   -76.08489364
 8921    3.0000   30.0000    3.3000   -76.12403764   -76.07773341   -76.08482566
 8922    3.0000   30.0000    3.6000   -76.11067442   -76.07358381   -76.08094263
 8923    3.0000   30.0000    4.0000   -76.08982140   -76.06100144   -76.07094758
 8924    3.0000   30.0000    4.5000   -76.06756886   -76.03809187   -76.05929288
 8925    3.0000   30.0000    5.0000   -76.05922498   -76.01169656   -76.05596482
 8926    3.0000   30.0000    6.0000   -76.06051940   -75.97282639   -76.05980208
 8927    3.0000   30.0000    7.0000   -76.06231081   -75.95792734   -76.06202504
 8928    3.0000   30.0000    8.0000   -76.06270188   -75.95406981   -76.06249874
 8929    3.0000   30.0000   10.0000   -76.06267365   -75.95297129   -76.06248884
 8930    3.0000   30.0000   12.0000   -76.06263388   -75.95288603   -76.06244861
 8931    3.0000   30.0000   14.0000   -76.06262219   -75.95287051   -76.06243658
 8932    3.0000   30.0000   16.0000   -76.06261847   -75.95286602   -76.06243281
    0    0.0000    0.0000    0.0000     0.00000000     0.00000000     0.00000000
 8933    3.0000   45.0000    1.2000   -75.95313276   -75.73968837   -75.87202485
 8934    3.0000   45.0000    1.3000   -76.05232311   -75.84585804   -75.96946612
 8935    3.0000   45.0000    1.4000   -76.11799208   -75.91847560   -76.03340609
 8936    3.0000   45.0000    1.5000   -76.16030319   -75.96766030   -76.07403572
 8937    3.0000   45.0000    1.6000   -76.18630902   -76.00042284   -76.09843869
 8938    3.0000   45.0000    1.7000   -76.20095046   -76.02167526   -76.11159585
 8939    3.0000   45.0000    1.7500   -76.20514193   -76.02911305   -76.11510468
 8940    3.0000   45.0000    1.8000   -76.20771086   -76.03488860   -76.11703960
 8941    3.0000   45.0000    1.8500   -76.20893680   -76.03928254   -76.11768733
 8942    3.0000   45.0000    1.9000   -76.20905518   -76.04253220   -76.11729058
 8943    3.0000   45.0000    2.0000   -76.20673066   -76.04637128   -76.11415559
 8944    3.0000   45.0000    2.1500   -76.19896511   -76.04765635   -76.10584326
 8945    3.0000   45.0000    2.3000   -76.18836601   -76.04596731   -76.09569493
 8946    3.0000   45.0000    2.4000   -76.18053005   -76.04404299   -76.08881357
 8947    3.0000   45.0000    2.6000   -76.16423028   -76.03957229   -76.07619661
 8948    3.0000   45.0000    2.8000   -76.14804347   -76.03514213   -76.06613369
 8949    3.0000   45.0000    3.0000   -76.13253778   -76.03100708   -76.05889705
 8950    3.0000   45.0000    3.3000   -76.11120156   -76.02503526   -76.05246898
 8951    3.0000   45.0000    3.6000   -76.09297592   -76.01879726   -76.04991800
 8952    3.0000   45.0000    4.0000   -76.07532226   -76.00909844   -76.05047811
 8953    3.0000   45.0000    4.5000   -76.06482406   -75.99391512   -76.05397360
 8954    3.0000   45.0000    5.0000   -76.06218376   -75.97875579   -76.05750888
 8955    3.0000   45.0000    6.0000   -76.06237873   -75.96047638   -76.06135008
 8956    3.0000   45.0000    7.0000   -76.06271850   -75.95476965   -76.06237453
 8957    3.0000   45.0000    8.0000   -76.06273585   -75.95336385   -76.06252387
 8958    3.0000   45.0000   10.0000   -76.06265731   -75.95292577   -76.06247293
 8959    3.0000   45.0000   12.0000   -76.06262889   -75.95287899   -76.06244384
 8960    3.0000   45.0000   14.0000   -76.06262065   -75.95286861   -76.06243513
 8961    3.0000   45.0000   16.0000   -76.06261792   -75.95286531   -76.06243228
    0    0.0000    0.0000    0.0000     0.00000000     0.00000000     0.00000000
 8962    3.0000   60.0000    1.2000   -75.97910649   -75.71465115   -75.87877542
 8963    3.0000   60.0000    1.3000   -76.07838724   -75.81996146   -75.97724762
 8964    3.0000   60.0000    1.4000   -76.14398015   -75.89186032   -76.04210078
 8965    3.0000   60.0000    1.5000   -76.18601622   -75.94037203   -76.08346788
 8966    3.0000   60.0000    1.6000   -76.21152001   -75.97244301   -76.10837412
 8967    3.0000   60.0000    1.7000   -76.22541555   -75.99293283   -76.12174379
 8968    3.0000   60.0000    1.7500   -76.22914020   -75.99994818   -76.12523353
 8969    3.0000   60.0000    1.8000   -76.23118055   -76.00526703   -76.12705805
 8970    3.0000   60.0000    1.8500   -76.23181762   -76.00916636   -76.12749899
 8971    3.0000   60.0000    1.9000   -76.23128900   -76.01188033   -76.12679466
 8972    3.0000   60.0000    2.0000   -76.22750791   -76.01451107   -76.12272783
 8973    3.0000   60.0000    2.1500   -76.21721399   -76.01362071   -76.11219055
 8974    3.0000   60.0000    2.3000   -76.20381234   -76.00933890   -76.09881581
 8975    3.0000   60.0000    2.4000   -76.19404807   -76.00550078   -76.08925865
 8976    3.0000   60.0000    2.6000   -76.17400898   -75.99705192   -76.07030732
 8977    3.0000   60.0000    2.8000   -76.15459649   -75.98920013   -76.05368490
 8978    3.0000   60.0000    3.0000   -76.13671574   -75.98326908   -76.04269589
 8979    3.0000   60.0000    3.3000   -76.11376169   -75.97853637   -76.04080953
 8980    3.0000   60.0000    3.6000   -76.09598892   -75.97638449   -76.04583727
 8981    3.0000   60.0000    4.0000   -76.08011257   -75.97285381   -76.05205807
 8982    3.0000   60.0000    4.5000   -76.06992143   -75.96658180   -76.05713456
 8983    3.0000   60.0000    5.0000   -76.06570663   -75.96091850   -76.05996140
 8984    3.0000   60.0000    6.0000   -76.06334665   -75.95512912   -76.06210506
 8985    3.0000   60.0000    7.0000   -76.06287756   -75.95349625   -76.06250150
 8986    3.0000   60.0000    8.0000   -76.06273310   -75.95306944   -76.06251809
 8987    3.0000   60.0000   10.0000   -76.06264561   -75.95290151   -76.06246162
 8988    3.0000   60.0000   12.0000   -76.06262527   -75.95287453   -76.06244049
 8989    3.0000   60.0000   14.0000   -76.06261948   -75.95286720   -76.06243404
 8990    3.0000   60.0000   16.0000   -76.06261747   -75.95286479   -76.06243187
    0    0.0000    0.0000    0.0000     0.00000000     0.00000000     0.00000000
 8991    3.0000   70.0000    1.2000   -75.99097283   -75.71087121   -75.88132693
 8992    3.0000   70.0000    1.3000   -76.09017173   -75.81206650   -75.98018860
 8993    3.0000   70.0000    1.4000   -76.15562846   -75.88095704   -76.04537347
 8994    3.0000   70.0000    1.5000   -76.19746689   -75.92734308   -76.08700120
 8995    3.0000   70.0000    1.6000   -76.22270694   -75.95787254   -76.11208663
 8996    3.0000   70.0000    1.7000   -76.23627178   -75.97717568   -76.12554697
 8997    3.0000   70.0000    1.7500   -76.23980760   -75.98368350   -76.12904748
 8998    3.0000   70.0000    1.8000   -76.24164496   -75.98853621   -76.13085937
 8999    3.0000   70.0000    1.8500   -76.24206469   -75.99199995   -76.13126417
 9000    3.0000   70.0000    1.9000   -76.24130613   -75.99430211   -76.13050027
 9001    3.0000   70.0000    2.0000   -76.23703304   -75.99616449   -76.12624463
 9002    3.0000   70.0000    2.1500   -76.22594456   -75.99421447   -76.11525595
 9003    3.0000   70.0000    2.3000   -76.21172309   -75.98895848   -76.10123844
 9004    3.0000   70.0000    2.4000   -76.20142143   -75.98451474   -76.09114665
 9005    3.0000   70.0000    2.6000   -76.18038167   -75.97497194   -76.07081794
 9006    3.0000   70.0000    2.8000   -76.16012769   -75.96636531   -76.05225206
 9007    3.0000   70.0000    3.0000   -76.14160642   -75.96058385   -76.03970072
 9008    3.0000   70.0000    3.3000   -76.11803023   -75.95809241   -76.04110662
 9009    3.0000   70.0000    3.6000   -76.09985225   -75.95869109   -76.04755178
 9010    3.0000   70.0000    4.0000   -76.08336314   -75.95876268   -76.05384485
 9011    3.0000   70.0000    4.5000   -76.07211154   -75.95725263   -76.05840609
 9012    3.0000   70.0000    5.0000   -76.06693215   -75.95557655   -76.06071884
 9013    3.0000   70.0000    6.0000   -76.06361171   -75.95376804   -76.06229168
 9014    3.0000   70.0000    7.0000   -76.06290705   -75.95318249   -76.06252294
 9015    3.0000   70.0000    8.0000   -76.06272534   -75.95299380   -76.06251083
 9016    3.0000   70.0000   10.0000   -76.06264070   -75.95289374   -76.06245701
 9017    3.0000   70.0000   12.0000   -76.06262374   -75.95287278   -76.06243912
 9018    3.0000   70.0000   14.0000   -76.06261896   -75.95286659   -76.06243357
 9019    3.0000   70.0000   16.0000   -76.06261727   -75.95286458   -76.06243168
    0    0.0000    0.0000    0.0000     0.00000000     0.00000000     0.00000000
 9020    3.0000   80.0000    1.2000   -75.99861895   -75.72412695   -75.88263818
 9021    3.0000   80.0000    1.3000   -76.09770474   -75.82291442   -75.98175069
 9022    3.0000   80.0000    1.4000   -76.16301710   -75.88849937   -76.04714825
 9023    3.0000   80.0000    1.5000   -76.20467983   -75.93117756   -76.08894531
 9024    3.0000   80.0000    1.6000   -76.22971406   -75.95809281   -76.11415392
 9025    3.0000   80.0000    1.7000   -76.24304425   -75.97419727   -76.12769071
 9026    3.0000   80.0000    1.7500   -76.24645268   -75.97930732   -76.13121228
 9027    3.0000   80.0000    1.8000   -76.24815583   -75.98289907   -76.13303415
 9028    3.0000   80.0000    1.8500   -76.24843628   -75.98523427   -76.13343822
 9029    3.0000   80.0000    1.9000   -76.24753445   -75.98653144   -76.13266333
 9030    3.0000   80.0000    2.0000   -76.24296256   -75.98670627   -76.12835677
 9031    3.0000   80.0000    2.1500   -76.23140998   -75.98285497   -76.11722740
 9032    3.0000   80.0000    2.3000   -76.21672145   -75.97622189   -76.10300682
 9033    3.0000   80.0000    2.4000   -76.20611621   -75.97106463   -76.09275282
 9034    3.0000   80.0000    2.6000   -76.18450679   -75.96042462   -76.07203412
 9035    3.0000   80.0000    2.8000   -76.16375152   -75.95115737   -76.05293373
 9036    3.0000   80.0000    3.0000   -76.14481508   -75.94582363   -76.03989499
 9037    3.0000   80.0000    3.3000   -76.12073707   -75.94598099   -76.04233546
 9038    3.0000   80.0000    3.6000   -76.10214213   -75.94875362   -76.04877586
 9039    3.0000   80.0000    4.0000   -76.08510139   -75.95136336   -76.05478218
 9040    3.0000   80.0000    4.5000   -76.07317010   -75.95277561   -76.05898985
 9041    3.0000   80.0000    5.0000   -76.06747926   -75.95319122   -76.06104315
 9042    3.0000   80.0000    6.0000   -76.06370903   -75.95319898   -76.06236244
 9043    3.0000   80.0000    7.0000   -76.06291067   -75.95305285   -76.06252732
 9044    3.0000   80.0000    8.0000   -76.06271810   -75.95296116   -76.06250532
 9045    3.0000   80.0000   10.0000   -76.06263762   -75.95288984   -76.06245432
 9046    3.0000   80.0000   12.0000   -76.06262278   -75.95287177   -76.06243829
 9047    3.0000   80.0000   14.0000   -76.06261857   -75.95286633   -76.06243327
 9048    3.0000   80.0000   16.0000   -76.06261713   -75.95286448   -76.06243156
    0    0.0000    0.0000    0.0000     0.00000000     0.00000000     0.00000000
 9049    3.0000   90.0000    1.2000   -76.00224120   -75.74016827   -75.88304858
 9050    3.0000   90.0000    1.3000   -76.10121062   -75.83895814   -75.98232245
 9051    3.0000   90.0000    1.4000   -76.16639298   -75.90420797   -76.04785807
 9052    3.0000   90.0000    1.5000   -76.20791254   -75.94611685   -76.08976803
 9053    3.0000   90.0000    1.6000   -76.23279073   -75.97176494   -76.11506422
 9054    3.0000   90.0000    1.7000   -76.24595358   -75.98613390   -76.12866449
 9055    3.0000   90.0000    1.7500   -76.24927457   -75.99023432   -76.13220944
 9056    3.0000   90.0000    1.8000   -76.25088821   -75.99274947   -76.13404963
 9057    3.0000   90.0000    1.8500   -76.25107741   -75.99396387   -76.13446737
 9058    3.0000   90.0000    1.9000   -76.25008196   -75.99411737   -76.13370193
 9059    3.0000   90.0000    2.0000   -76.24532140   -75.99201636   -76.12940376
 9060    3.0000   90.0000    2.1500   -76.23348551   -75.98500195   -76.11826891
 9061    3.0000   90.0000    2.3000   -76.21852464   -75.97568002   -76.10403816
 9062    3.0000   90.0000    2.4000   -76.20774646   -75.96900502   -76.09378748
 9063    3.0000   90.0000    2.6000   -76.18581444   -75.95580994   -76.07315556
 9064    3.0000   90.0000    2.8000   -76.16478201   -75.94437115   -76.05442118
 9065    3.0000   90.0000    3.0000   -76.14563157   -75.93834624   -76.04209733
 9066    3.0000   90.0000    3.3000   -76.12132646   -75.94090715   -76.04362759
 9067    3.0000   90.0000    3.6000   -76.10258885   -75.94495536   -76.04954799
 9068    3.0000   90.0000    4.0000   -76.08541504   -75.94869346   -76.05524839
 9069    3.0000   90.0000    4.5000   -76.07334799   -75.95122423   -76.05924836
 9070    3.0000   90.0000    5.0000   -76.06755860   -75.95238256   -76.06117848
 9071    3.0000   90.0000    6.0000   -76.06370953   -75.95300687   -76.06238857
 9072    3.0000   90.0000    7.0000   -76.06290209   -75.95300704   -76.06252721
 9073    3.0000   90.0000    8.0000   -76.06271224   -75.95294851   -76.06250194
 9074    3.0000   90.0000   10.0000   -76.06263586   -75.95288798   -76.06245285
 9075    3.0000   90.0000   12.0000   -76.06262222   -75.95287127   -76.06243782
 9076    3.0000   90.0000   14.0000   -76.06261835   -75.95286617   -76.06243311
 9077    3.0000   90.0000   16.0000   -76.06261704   -75.95286444   -76.06243149
    0    0.0000    0.0000    0.0000     0.00000000     0.00000000     0.00000000
 9078    3.0000  100.0000    1.2000   -76.00209933   -75.75636034   -75.88288486
 9079    3.0000  100.0000    1.3000   -76.10096261   -75.85531738   -75.98226073
 9080    3.0000  100.0000    1.4000   -76.16603291   -75.92062252   -76.04788688
 9081    3.0000  100.0000    1.5000   -76.20743605   -75.96244420   -76.08987577
 9082    3.0000  100.0000    1.6000   -76.23219527   -75.98783933   -76.11524036
 9083    3.0000  100.0000    1.7000   -76.24523784   -76.00176096   -76.12890045
 9084    3.0000  100.0000    1.7500   -76.24849867   -76.00555868   -76.13247292
 9085    3.0000  100.0000    1.8000   -76.25005236   -76.00771665   -76.13433952
 9086    3.0000  100.0000    1.8500   -76.25018200   -76.00851936   -76.13478306
 9087    3.0000  100.0000    1.9000   -76.24912817   -76.00820922   -76.13404333
 9088    3.0000  100.0000    2.0000   -76.24425164   -76.00502932   -76.12979860
 9089    3.0000  100.0000    2.1500   -76.23225249   -75.99609877   -76.11875987
 9090    3.0000  100.0000    2.3000   -76.21714873   -75.98466383   -76.10466837
 9091    3.0000  100.0000    2.4000   -76.20628933   -75.97654032   -76.09455755
 9092    3.0000  100.0000    2.6000   -76.18423217   -75.96041227   -76.07441788
 9093    3.0000  100.0000    2.8000   -76.16313611   -75.94566795   -76.05672520
 9094    3.0000  100.0000    3.0000   -76.14397048   -75.92944481   -76.04563321
 9095    3.0000  100.0000    3.3000   -76.11980425   -75.94073963   -76.04545089
 9096    3.0000  100.0000    3.6000   -76.10129982   -75.94522725   -76.05040994
 9097    3.0000  100.0000    4.0000   -76.08450568   -75.94892336   -76.05566165
 9098    3.0000  100.0000    4.5000   -76.07284574   -75.95130120   -76.05944349
 9099    3.0000  100.0000    5.0000   -76.06730711   -75.95238490   -76.06127247
 9100    3.0000  100.0000    6.0000   -76.06365002   -75.95298887   -76.06240515
 9101    3.0000  100.0000    7.0000   -76.06288650   -75.95299763   -76.06252713
 9102    3.0000  100.0000    8.0000   -76.06270736   -75.95294437   -76.06250010
 9103    3.0000  100.0000   10.0000   -76.06263493   -75.95288709   -76.06245206
 9104    3.0000  100.0000   12.0000   -76.06262195   -75.95287103   -76.06243758
 9105    3.0000  100.0000   14.0000   -76.06261824   -75.95286610   -76.06243303
 9106    3.0000  100.0000   16.0000   -76.06261700   -75.95286442   -76.06243146
    0    0.0000    0.0000    0.0000     0.00000000     0.00000000     0.00000000
 9107    3.0000  105.0000    1.2000   -76.00070611   -75.76450191   -75.88267721
 9108    3.0000  105.0000    1.3000   -76.09952138   -75.86351837   -75.98208806
 9109    3.0000  105.0000    1.4000   -76.16454210   -75.92884840   -76.04774743
 9110    3.0000  105.0000    1.5000   -76.20589548   -75.97065542   -76.08976825
 9111    3.0000  105.0000    1.6000   -76.23060579   -75.99598850   -76.11516432
 9112    3.0000  105.0000    1.7000   -76.24360124   -76.00979578   -76.12885663
 9113    3.0000  105.0000    1.7500   -76.24683944   -76.01351513   -76.13244595
 9114    3.0000  105.0000    1.8000   -76.24837124   -76.01557995   -76.13433023
 9115    3.0000  105.0000    1.8500   -76.24847986   -76.01627432   -76.13479250
 9116    3.0000  105.0000    1.9000   -76.24740536   -76.01583891   -76.13407286
 9117    3.0000  105.0000    2.0000   -76.24249189   -76.01236484   -76.12987377
 9118    3.0000  105.0000    2.1500   -76.23044695   -76.00288301   -76.11892407
 9119    3.0000  105.0000    2.3000   -76.21531206   -75.99078269   -76.10496463
 9120    3.0000  105.0000    2.4000   -76.20444073   -75.98215633   -76.09497747
 9121    3.0000  105.0000    2.6000   -76.18238652   -75.96492771   -76.07522858
 9122    3.0000  105.0000    2.8000   -76.16133453   -75.94892114   -76.05821712
 9123    3.0000  105.0000    3.0000   -76.14225282   -75.93439871   -76.04771929
 9124    3.0000  105.0000    3.3000   -76.11828622   -75.94201824   -76.04666589
 9125    3.0000  105.0000    3.6000   -76.10005231   -75.94640667   -76.05099796
 9126    3.0000  105.0000    4.0000   -76.08364887   -75.94973751   -76.05593255
 9127    3.0000  105.0000    4.5000   -76.07238648   -75.95170771   -76.05956409
 9128    3.0000  105.0000    5.0000   -76.06708612   -75.95256006   -76.06132827
 9129    3.0000  105.0000    6.0000   -76.06360435   -75.95301388   -76.06241498
 9130    3.0000  105.0000    7.0000   -76.06287689   -75.95299947   -76.06252775
 9131    3.0000  105.0000    8.0000   -76.06270511   -75.95294371   -76.06249953
 9132    3.0000  105.0000   10.0000   -76.06263467   -75.95288679   -76.06245179
 9133    3.0000  105.0000   12.0000   -76.06262189   -75.95287096   -76.06243751
 9134    3.0000  105.0000   14.0000   -76.06261822   -75.95286609   -76.06243301
 9135    3.0000  105.0000   16.0000   -76.06261699   -75.95286442   -76.06243146
    0    0.0000    0.0000    0.0000     0.00000000     0.00000000     0.00000000
 9136    3.0000  110.0000    1.2000   -75.99847899   -75.77270812   -75.88242729
 9137    3.0000  110.0000    1.3000   -76.09725150   -75.87176599   -75.98186478
 9138    3.0000  110.0000    1.4000   -76.16222795   -75.93710959   -76.04755145
 9139    3.0000  110.0000    1.5000   -76.20353702   -75.97889756   -76.08960084
 9140    3.0000  110.0000    1.6000   -76.22820427   -76.00417717   -76.11502786
 9141    3.0000  110.0000    1.7000   -76.24115919   -76.01789326   -76.12875493
 9142    3.0000  110.0000    1.7500   -76.24437843   -76.02155254   -76.13236367
 9143    3.0000  110.0000    1.8000   -76.24589236   -76.02354622   -76.13426900
 9144    3.0000  110.0000    1.8500   -76.24598433   -76.02415899   -76.13475425
 9145    3.0000  110.0000    1.9000   -76.24489449   -76.02363133   -76.13405993
 9146    3.0000  110.0000    2.0000   -76.23995479   -76.01994100   -76.12991998
 9147    3.0000  110.0000    2.1500   -76.22788302   -76.01005615   -76.11908932
 9148    3.0000  110.0000    2.3000   -76.21273864   -75.99745505   -76.10530361
 9149    3.0000  110.0000    2.4000   -76.20187217   -75.98844971   -76.09547382
 9150    3.0000  110.0000    2.6000   -76.17986028   -75.97041737   -76.07619150
 9151    3.0000  110.0000    2.8000   -76.15889924   -75.95364416   -76.05989995
 9152    3.0000  110.0000    3.0000   -76.13995796   -75.94024823   -76.04992451
 9153    3.0000  110.0000    3.3000   -76.11628597   -75.94417636   -76.04806812
 9154    3.0000  110.0000    3.6000   -76.09842921   -75.94815240   -76.05171389
 9155    3.0000  110.0000    4.0000   -76.08255231   -75.95089559   -76.05626693
 9156    3.0000  110.0000    4.5000   -76.07181005   -75.95228198   -76.05971174
 9157    3.0000  110.0000    5.0000   -76.06681392   -75.95281032   -76.06139582
 9158    3.0000  110.0000    6.0000   -76.06355065   -75.95305244   -76.06242711
 9159    3.0000  110.0000    7.0000   -76.06286637   -75.95300369   -76.06252891
 9160    3.0000  110.0000    8.0000   -76.06270290   -75.95294345   -76.06249909
 9161    3.0000  110.0000   10.0000   -76.06263450   -75.95288652   -76.06245156
 9162    3.0000  110.0000   12.0000   -76.06262187   -75.95287090   -76.06243745
 9163    3.0000  110.0000   14.0000   -76.06261822   -75.95286608   -76.06243299
 9164    3.0000  110.0000   16.0000   -76.06261699   -75.95286441   -76.06243145
    0    0.0000    0.0000    0.0000     0.00000000     0.00000000     0.00000000
 9165    3.0000  120.0000    1.2000   -75.99166235   -75.78932327   -75.88188603
 9166    3.0000  120.0000    1.3000   -76.09035930   -75.88842585   -75.98136234
 9167    3.0000  120.0000    1.4000   -76.15526045   -75.95377831   -76.04709524
 9168    3.0000  120.0000    1.5000   -76.19649725   -75.99553193   -76.08919975
 9169    3.0000  120.0000    1.6000   -76.22109751   -76.02072863   -76.11469313
 9170    3.0000  120.0000    1.7000   -76.23399243   -76.03430901   -76.12850114
 9171    3.0000  120.0000    1.7500   -76.23718479   -76.03787949   -76.13215705
 9172    3.0000  120.0000    1.8000   -76.23867425   -76.03977132   -76.13411496
 9173    3.0000  120.0000    1.8500   -76.23874439   -76.04026846   -76.13465895
 9174    3.0000  120.0000    1.9000   -76.23763573   -76.03961149   -76.13403035
 9175    3.0000  120.0000    2.0000   -76.23266854   -76.03562134   -76.13004711
 9176    3.0000  120.0000    2.1500   -76.22058682   -76.02518505   -76.11953212
 9177    3.0000  120.0000    2.3000   -76.20547923   -76.01192891   -76.10618876
 9178    3.0000  120.0000    2.4000   -76.19466717   -76.00245629   -76.09674564
 9179    3.0000  120.0000    2.6000   -76.17284596   -75.98355076   -76.07852444
 9180    3.0000  120.0000    2.8000   -76.15219614   -75.96639060   -76.06361314
 9181    3.0000  120.0000    3.0000   -76.13370173   -75.95393949   -76.05443663
 9182    3.0000  120.0000    3.3000   -76.11091594   -75.95135715   -76.05124406
 9183    3.0000  120.0000    3.6000   -76.09414401   -75.95320928   -76.05348311
 9184    3.0000  120.0000    4.0000   -76.07973056   -75.95403502   -76.05712679
 9185    3.0000  120.0000    4.5000   -76.07037049   -75.95378884   -76.06009403
 9186    3.0000  120.0000    5.0000   -76.06615047   -75.95345838   -76.06156994
 9187    3.0000  120.0000    6.0000   -76.06342582   -75.95315417   -76.06245928
 9188    3.0000  120.0000    7.0000   -76.06284347   -75.95301604   -76.06253285
 9189    3.0000  120.0000    8.0000   -76.06269852   -75.95294322   -76.06249842
 9190    3.0000  120.0000   10.0000   -76.06263435   -75.95288593   -76.06245114
 9191    3.0000  120.0000   12.0000   -76.06262190   -75.95287077   -76.06243735
 9192    3.0000  120.0000   14.0000   -76.06261824   -75.95286606   -76.06243297
 9193    3.0000  120.0000   16.0000   -76.06261700   -75.95286441   -76.06243146
    0    0.0000    0.0000    0.0000     0.00000000     0.00000000     0.00000000
 9194    3.0000  130.0000    1.2000   -75.98201975   -75.80626376   -75.88137351
 9195    3.0000  130.0000    1.3000   -76.08064678   -75.90537016   -75.98087666
 9196    3.0000  130.0000    1.4000   -76.14547757   -75.97070768   -76.04665053
 9197    3.0000  130.0000    1.5000   -76.18664769   -76.01242260   -76.08881186
 9198    3.0000  130.0000    1.6000   -76.21118843   -76.03755404   -76.11438057
 9199    3.0000  130.0000    1.7000   -76.22403397   -76.05104117   -76.12828569
 9200    3.0000  130.0000    1.7500   -76.22720632   -76.05455430   -76.13199958
 9201    3.0000  130.0000    1.8000   -76.22867933   -76.05638180   -76.13402253
 9202    3.0000  130.0000    1.8500   -76.22873697   -76.05680782   -76.13463930
 9203    3.0000  130.0000    1.9000   -76.22762005   -76.05607316   -76.13409202
 9204    3.0000  130.0000    2.0000   -76.22265059   -76.05190951   -76.13030081
 9205    3.0000  130.0000    2.1500   -76.21060589   -76.04117633   -76.12016342
 9206    3.0000  130.0000    2.3000   -76.19559274   -76.02760455   -76.10733081
 9207    3.0000  130.0000    2.4000   -76.18488128   -76.01793630   -76.09831431
 9208    3.0000  130.0000    2.6000   -76.16336795   -75.99879311   -76.08115521
 9209    3.0000  130.0000    2.8000   -76.14318986   -75.98180783   -76.06738382
 9210    3.0000  130.0000    3.0000   -76.12535051   -75.96938346   -76.05872654
 9211    3.0000  130.0000    3.3000   -76.10386517   -75.96197166   -76.05454475
 9212    3.0000  130.0000    3.6000   -76.08865200   -75.96017586   -76.05551247
 9213    3.0000  130.0000    4.0000   -76.07624999   -75.95802133   -76.05817269
 9214    3.0000  130.0000    4.5000   -76.06866764   -75.95558455   -76.06056944
 9215    3.0000  130.0000    5.0000   -76.06538849   -75.95421021   -76.06178740
 9216    3.0000  130.0000    6.0000   -76.06328865   -75.95327116   -76.06250067
 9217    3.0000  130.0000    7.0000   -76.06281959   -75.95303048   -76.06253846
 9218    3.0000  130.0000    8.0000   -76.06269432   -75.95294297   -76.06249794
 9219    3.0000  130.0000   10.0000   -76.06263432   -75.95288521   -76.06245069
 9220    3.0000  130.0000   12.0000   -76.06262198   -75.95287060   -76.06243723
 9221    3.0000  130.0000   14.0000   -76.06261829   -75.95286604   -76.06243296
 9222    3.0000  130.0000   16.0000   -76.06261703   -75.95286440   -76.06243146
    0    0.0000    0.0000    0.0000     0.00000000     0.00000000     0.00000000
 9223    3.0000  140.0000    1.2000   -75.97000508   -75.82352199   -75.88094876
 9224    3.0000  140.0000    1.3000   -76.06856116   -75.92262076   -75.98047191
 9225    3.0000  140.0000    1.4000   -76.13331832   -75.98794405   -76.04628279
 9226    3.0000  140.0000    1.5000   -76.17441747   -76.02963473   -76.08850029
 9227    3.0000  140.0000    1.6000   -76.19889412   -76.05472936   -76.11414656
 9228    3.0000  140.0000    1.7000   -76.21168601   -76.06816615   -76.12815356
 9229    3.0000  140.0000    1.7500   -76.21483660   -76.07164937   -76.13192865
 9230    3.0000  140.0000    1.8000   -76.21629184   -76.07344407   -76.13402030
 9231    3.0000  140.0000    1.8500   -76.21633618   -76.07383475   -76.13471393
 9232    3.0000  140.0000    1.9000   -76.21521097   -76.07306273   -76.13425230
 9233    3.0000  140.0000    2.0000   -76.21024169   -76.06882049   -76.13066179
 9234    3.0000  140.0000    2.1500   -76.19824547   -76.05796959   -76.12091043
 9235    3.0000  140.0000    2.3000   -76.18335065   -76.04430044   -76.10857955
 9236    3.0000  140.0000    2.4000   -76.17276483   -76.03459460   -76.09996339
 9237    3.0000  140.0000    2.6000   -76.15163976   -76.01549313   -76.08372153
 9238    3.0000  140.0000    2.8000   -76.13207038   -75.99865972   -76.07080127
 9239    3.0000  140.0000    3.0000   -76.11509691   -75.98579956   -76.06247202
 9240    3.0000  140.0000    3.3000   -76.09537582   -75.97462069   -76.05758745
 9241    3.0000  140.0000    3.6000   -76.08225028   -75.96855589   -76.05752965
 9242    3.0000  140.0000    4.0000   -76.07238928   -75.96252717   -76.05927214
 9243    3.0000  140.0000    4.5000   -76.06686674   -75.95748628   -76.06108376
 9244    3.0000  140.0000    5.0000   -76.06460489   -75.95497891   -76.06202503
 9245    3.0000  140.0000    6.0000   -76.06315209   -75.95338828   -76.06254685
 9246    3.0000  140.0000    7.0000   -76.06279676   -75.95304483   -76.06254503
 9247    3.0000  140.0000    8.0000   -76.06269062   -75.95294255   -76.06249771
 9248    3.0000  140.0000   10.0000   -76.06263435   -75.95288434   -76.06245017
 9249    3.0000  140.0000   12.0000   -76.06262209   -75.95287037   -76.06243710
 9250    3.0000  140.0000   14.0000   -76.06261835   -75.95286600   -76.06243295
 9251    3.0000  140.0000   16.0000   -76.06261706   -75.95286439   -76.06243147
    0    0.0000    0.0000    0.0000     0.00000000     0.00000000     0.00000000
 9252    3.0000  150.0000    1.2000   -75.95619022   -75.84092132   -75.88062936
 9253    3.0000  150.0000    1.3000   -76.05466059   -75.94002858   -75.98016735
 9254    3.0000  150.0000    1.4000   -76.11932595   -76.00536772   -76.04601054
 9255    3.0000  150.0000    1.5000   -76.16033281   -76.04707137   -76.08827891
 9256    3.0000  150.0000    1.6000   -76.18472217   -76.07217592   -76.11399652
 9257    3.0000  150.0000    1.7000   -76.19743609   -76.08561850   -76.12809749
 9258    3.0000  150.0000    1.7500   -76.20055247   -76.08910316   -76.13192884
 9259    3.0000  150.0000    1.8000   -76.20197743   -76.09089863   -76.13408347
 9260    3.0000  150.0000    1.8500   -76.20199602   -76.09128971   -76.13484724
 9261    3.0000  150.0000    1.9000   -76.20085018   -76.09051818   -76.13446343
 9262    3.0000  150.0000    2.0000   -76.19585734   -76.08627899   -76.13105371
 9263    3.0000  150.0000    2.1500   -76.18387888   -76.07544478   -76.12164338
 9264    3.0000  150.0000    2.3000   -76.16908279   -76.06181599   -76.10974030
 9265    3.0000  150.0000    2.4000   -76.15861985   -76.05215309   -76.10145441
 9266    3.0000  150.0000    2.6000   -76.13791820   -76.03315759   -76.08592195
 9267    3.0000  150.0000    2.8000   -76.11907792   -76.01626948   -76.07359798
 9268    3.0000  150.0000    3.0000   -76.10321258   -76.00261683   -76.06547629
 9269    3.0000  150.0000    3.3000   -76.08583760   -75.98795479   -76.06011560
 9270    3.0000  150.0000    3.6000   -76.07540407   -75.97747432   -76.05929968
 9271    3.0000  150.0000    4.0000   -76.06852496   -75.96709077   -76.06028412
 9272    3.0000  150.0000    4.5000   -76.06515800   -75.95929421   -76.06157096
 9273    3.0000  150.0000    5.0000   -76.06388230   -75.95568284   -76.06225292
 9274    3.0000  150.0000    6.0000   -76.06302941   -75.95349374   -76.06259184
 9275    3.0000  150.0000    7.0000   -76.06277699   -75.95305757   -76.06255181
 9276    3.0000  150.0000    8.0000   -76.06268770   -75.95294213   -76.06249774
 9277    3.0000  150.0000   10.0000   -76.06263437   -75.95288344   -76.06244963
 9278    3.0000  150.0000   12.0000   -76.06262220   -75.95287012   -76.06243696
 9279    3.0000  150.0000   14.0000   -76.06261840   -75.95286595   -76.06243292
 9280    3.0000  150.0000   16.0000   -76.06261709   -75.95286438   -76.06243147
    0    0.0000    0.0000    0.0000     0.00000000     0.00000000     0.00000000
 9281    3.0000  160.0000    1.2000   -75.94142869   -75.85796493   -75.88041042
 9282    3.0000  160.0000    1.3000   -76.03977255   -75.95713379   -75.97995864
 9283    3.0000  160.0000    1.4000   -76.10429662   -76.02254797   -76.04582673
 9284    3.0000  160.0000    1.5000   -76.14515627   -76.06433879   -76.08813579
 9285    3.0000  160.0000    1.6000   -76.16939876   -76.08953557   -76.11391085
 9286    3.0000  160.0000    1.7000   -76.18197135   -76.10307273   -76.12808723
 9287    3.0000  160.0000    1.7500   -76.18502066   -76.10660513   -76.13196339
 9288    3.0000  160.0000    1.8000   -76.18638172   -76.10844861   -76.13416782
 9289    3.0000  160.0000    1.8500   -76.18634026   -76.10888809   -76.13498664
 9290    3.0000  160.0000    1.9000   -76.18513903   -76.10816557   -76.13466352
 9291    3.0000  160.0000    2.0000   -76.18005249   -76.10402960   -76.13139340
 9292    3.0000  160.0000    2.1500   -76.16798786   -76.09335292   -76.12224235
 9293    3.0000  160.0000    2.3000   -76.15319818   -76.07988187   -76.11065769
 9294    3.0000  160.0000    2.4000   -76.14281115   -76.07031150   -76.10260951
 9295    3.0000  160.0000    2.6000   -76.12250866   -76.05138622   -76.08757035
 9296    3.0000  160.0000    2.8000   -76.10453880   -76.03414593   -76.07563614
 9297    3.0000  160.0000    3.0000   -76.09015619   -76.01924378   -76.06764333
 9298    3.0000  160.0000    3.3000   -76.07598347   -76.00074313   -76.06198341
 9299    3.0000  160.0000    3.6000   -76.06887737   -75.98576296   -76.06065829
 9300    3.0000  160.0000    4.0000   -76.06514132   -75.97110096   -76.06109043
 9301    3.0000  160.0000    4.5000   -76.06374216   -75.96079763   -76.06196974
 9302    3.0000  160.0000    5.0000   -76.06329862   -75.95625075   -76.06244117
 9303    3.0000  160.0000    6.0000   -76.06293233   -75.95357748   -76.06262956
 9304    3.0000  160.0000    7.0000   -76.06276192   -75.95306764   -76.06255778
 9305    3.0000  160.0000    8.0000   -76.06268570   -75.95294174   -76.06249797
 9306    3.0000  160.0000   10.0000   -76.06263438   -75.95288261   -76.06244915
 9307    3.0000  160.0000   12.0000   -76.06262229   -75.95286987   -76.06243684
 9308    3.0000  160.0000   14.0000   -76.06261845   -75.95286590   -76.06243290
 9309    3.0000  160.0000   16.0000   -76.06261712   -75.95286436   -76.06243147
    0    0.0000    0.0000    0.0000     0.00000000     0.00000000     0.00000000
 9310    3.0000  170.0000    1.2000   -75.92758664   -75.87307585   -75.88028201
 9311    3.0000  170.0000    1.3000   -76.02570788   -75.97242209   -75.97983575
 9312    3.0000  170.0000    1.4000   -76.08997396   -76.03805123   -76.04571947
 9313    3.0000  170.0000    1.5000   -76.13055052   -76.08008564   -76.08805483
 9314    3.0000  170.0000    1.6000   -76.15449295   -76.10554821   -76.11386746
 9315    3.0000  170.0000    1.7000   -76.16675494   -76.11936867   -76.12809318
 9316    3.0000  170.0000    1.7500   -76.16964660   -76.12304811   -76.13199841
 9317    3.0000  170.0000    1.8000   -76.17084936   -76.12504174   -76.13423480
 9318    3.0000  170.0000    1.8500   -76.17064977   -76.12563425   -76.13508859
 9319    3.0000  170.0000    1.9000   -76.16929145   -76.12506734   -76.13480360
 9320    3.0000  170.0000    2.0000   -76.16389797   -76.12124596   -76.13162029
 9321    3.0000  170.0000    2.1500   -76.15141406   -76.11105010   -76.12262866
 9322    3.0000  170.0000    2.3000   -76.13630818   -76.09801923   -76.11123787
 9323    3.0000  170.0000    2.4000   -76.12581633   -76.08867447   -76.10333286
 9324    3.0000  170.0000    2.6000   -76.10577139   -76.06980716   -76.08858165
 9325    3.0000  170.0000    2.8000   -76.08906350   -76.05162899   -76.07686777
 9326    3.0000  170.0000    3.0000   -76.07711035   -76.03444691   -76.06894327
 9327    3.0000  170.0000    3.3000   -76.06744744   -76.01111430   -76.06311975
 9328    3.0000  170.0000    3.6000   -76.06388821   -75.99191518   -76.06150639
 9329    3.0000  170.0000    4.0000   -76.06278771   -75.97389201   -76.06160677
 9330    3.0000  170.0000    4.5000   -76.06280314   -75.96179966   -76.06223029
 9331    3.0000  170.0000    5.0000   -76.06291997   -75.95662084   -76.06256493
 9332    3.0000  170.0000    6.0000   -76.06287022   -75.95363140   -76.06265470
 9333    3.0000  170.0000    7.0000   -76.06275255   -75.95307416   -76.06256191
 9334    3.0000  170.0000    8.0000   -76.06268460   -75.95294148   -76.06249823
 9335    3.0000  170.0000   10.0000   -76.06263440   -75.95288204   -76.06244881
 9336    3.0000  170.0000   12.0000   -76.06262238   -75.95286963   -76.06243675
 9337    3.0000  170.0000   14.0000   -76.06261851   -75.95286584   -76.06243289
 9338    3.0000  170.0000   16.0000   -76.06261714   -75.95286435   -76.06243147
    0    0.0000    0.0000    0.0000     0.00000000     0.00000000     0.00000000
 9339    3.0000  179.9900    1.2000   -75.92063953   -75.88047443   -75.88023927
 9340    3.0000  179.9900    1.3000   -76.01853556   -75.98003006   -75.97979469
 9341    3.0000  179.9900    1.4000   -76.08252498   -76.04592060   -76.04568367
 9342    3.0000  179.9900    1.5000   -76.12277465   -76.08826753   -76.08802810
 9343    3.0000  179.9900    1.6000   -76.14633824   -76.11409598   -76.11385387
 9344    3.0000  179.9900    1.7000   -76.15816446   -76.12834130   -76.12809700
 9345    3.0000  179.9900    1.7500   -76.16081429   -76.13225796   -76.13201244
 9346    3.0000  179.9900    1.8000   -76.16175739   -76.13450740   -76.13425999
 9347    3.0000  179.9900    1.8500   -76.16127832   -76.13537632   -76.13512582
 9348    3.0000  179.9900    1.9000   -76.15961877   -76.13510888   -76.13485391
 9349    3.0000  179.9900    2.0000   -76.15354587   -76.13196765   -76.13169988
 9350    3.0000  179.9900    2.1500   -76.13979611   -76.12305119   -76.12276196
 9351    3.0000  179.9900    2.3000   -76.12300705   -76.11174477   -76.11143673
 9352    3.0000  179.9900    2.4000   -76.11106394   -76.10389574   -76.10358011
 9353    3.0000  179.9900    2.6000   -76.08923605   -76.08692240   -76.08892604
 9354    3.0000  179.9900    2.8000   -76.07757431   -76.06380654   -76.07728665
 9355    3.0000  179.9900    3.0000   -76.06965430   -76.04263374   -76.06938509
 9356    3.0000  179.9900    3.3000   -76.06368404   -76.01551131   -76.06349872
 9357    3.0000  179.9900    3.6000   -76.06195872   -75.99425383   -76.06179439
 9358    3.0000  179.9900    4.0000   -76.06193811   -75.97489953   -76.06178443
 9359    3.0000  179.9900    4.5000   -76.06247435   -75.96215084   -76.06232081
 9360    3.0000  179.9900    5.0000   -76.06277383   -75.95674087   -76.06261718
 9361    3.0000  179.9900    6.0000   -76.06284889   -75.95365013   -76.06266350
 9362    3.0000  179.9900    7.0000   -76.06274939   -75.95307644   -76.06256340
 9363    3.0000  179.9900    8.0000   -76.06266806   -75.95293242   -76.06250717
 9364    3.0000  179.9900   10.0000   -76.06261826   -75.95287280   -76.06245754
 9365    3.0000  179.9900   12.0000   -76.06262241   -75.95286977   -76.06243672
 9366    3.0000  179.9900   14.0000   -76.06261856   -75.95286587   -76.06243288
 9367    3.0000  179.9900   16.0000   -76.06261714   -75.95286433   -76.06243147
    0    0.0000    0.0000    0.0000     0.00000000     0.00000000     0.00000000
 9368    3.3000    0.0100    1.2000   -75.87464243   -75.80818311   -75.87446779
 9369    3.3000    0.0100    1.3000   -75.96891403   -75.91681474   -75.96870055
 9370    3.3000    0.0100    1.4000   -76.02925314   -75.99160063   -76.02903264
 9371    3.3000    0.0100    1.5000   -76.06581024   -76.04255597   -76.06557936
 9372    3.3000    0.0100    1.6000   -76.08569829   -76.07642153   -76.08545258
 9373    3.3000    0.0100    1.7000   -76.09774237   -76.09391836   -76.09365712
 9374    3.3000    0.0100    1.7500   -76.10467161   -76.09479424   -76.09452503
 9375    3.3000    0.0100    1.8000   -76.10947361   -76.09396910   -76.09369197
 9376    3.3000    0.0100    1.8500   -76.11233391   -76.09170048   -76.09141532
 9377    3.3000    0.0100    1.9000   -76.11337796   -76.08818189   -76.08788847
 9378    3.3000    0.0100    2.0000   -76.11023599   -76.07784462   -76.07753379
 9379    3.3000    0.0100    2.1500   -76.09170334   -76.05378278   -76.05344092
 9380    3.3000    0.0100    2.3000   -76.05192276   -76.01405347   -76.01372241
 9381    3.3000    0.0100    2.4000   -76.00736107   -75.97199930   -75.97167671
 9382    3.3000    0.0100    2.6000   -75.83969330   -75.81225941   -75.81188609
 9383    3.3000    0.0100    2.8000   -40.00000000   -40.00000000   -40.00000000
 9384    3.3000    0.0100    3.0000   -40.00000000   -40.00000000   -40.00000000
 9385    3.3000    0.0100    3.3000   -40.00000000   -40.00000000   -40.00000000
 9386    3.3000    0.0100    3.6000   -40.00000000   -40.00000000   -40.00000000
 9387    3.3000    0.0100    4.0000   -75.84128570   -75.83589873   -75.83554275
 9388    3.3000    0.0100    4.5000   -76.08656578   -76.08298985   -76.08265826
 9389    3.3000    0.0100    5.0000   -76.08676296   -76.08603121   -76.08571161
 9390    3.3000    0.0100    6.0000   -76.03587307   -76.00887828   -76.03560118
 9391    3.3000    0.0100    7.0000   -76.03689278   -75.96107153   -76.03672003
 9392    3.3000    0.0100    8.0000   -76.03957216   -75.94503599   -76.03942579
 9393    3.3000    0.0100   10.0000   -76.04018074   -75.94034883   -76.04006320
 9394    3.3000    0.0100   12.0000   -76.04013035   -75.94009554   -76.04001322
 9395    3.3000    0.0100   14.0000   -76.04011045   -75.94006667   -76.03999340
 9396    3.3000    0.0100   16.0000   -76.04010443   -75.94005955   -76.03998742
    0    0.0000    0.0000    0.0000     0.00000000     0.00000000     0.00000000
 9397    3.3000   10.0000    1.2000   -75.88190441   -75.80188086   -75.87567466
 9398    3.3000   10.0000    1.3000   -75.97743648   -75.90966109   -75.97028874
 9399    3.3000   10.0000    1.4000   -76.03949506   -75.98331551   -76.03108036
 9400    3.3000   10.0000    1.5000   -76.07851777   -76.03261701   -76.06818880
 9401    3.3000   10.0000    1.6000   -76.10207299   -76.06396759   -76.08876459
 9402    3.3000   10.0000    1.7000   -76.11567658   -76.08157772   -76.09787641
 9403    3.3000   10.0000    1.7500   -76.11993224   -76.08624477   -76.09930799
 9404    3.3000   10.0000    1.8000   -76.12285353   -76.08866782   -76.09913894
 9405    3.3000   10.0000    1.8500   -76.12457126   -76.08922458   -76.09765617
 9406    3.3000   10.0000    1.9000   -76.12514739   -76.08825641   -76.09509255
 9407    3.3000   10.0000    2.0000   -76.12333551   -76.08303110   -76.08758005
 9408    3.3000   10.0000    2.1500   -76.11136829   -76.06820629   -76.07081308
 9409    3.3000   10.0000    2.3000   -76.08759611   -76.04547645   -76.04700346
 9410    3.3000   10.0000    2.4000   -76.06364550   -76.02410161   -76.02517577
 9411    3.3000   10.0000    2.6000   -75.99018557   -75.95806191   -75.95859716
 9412    3.3000   10.0000    2.8000   -75.87553959   -75.85093871   -75.85122066
 9413    3.3000   10.0000    3.0000   -40.00000000   -40.00000000   -40.00000000
 9414    3.3000   10.0000    3.3000   -40.00000000   -40.00000000   -40.00000000
 9415    3.3000   10.0000    3.6000   -40.00000000   -40.00000000   -40.00000000
 9416    3.3000   10.0000    4.0000   -76.02561237   -76.01845561   -76.01846306
 9417    3.3000   10.0000    4.5000   -76.09817013   -76.09336931   -76.09350254
 9418    3.3000   10.0000    5.0000   -76.07901173   -76.07614559   -76.07721452
 9419    3.3000   10.0000    6.0000   -76.03459304   -76.00189200   -76.03423921
 9420    3.3000   10.0000    7.0000   -76.03724235   -75.95864596   -76.03706103
 9421    3.3000   10.0000    8.0000   -76.03965619   -75.94445738   -76.03950857
 9422    3.3000   10.0000   10.0000   -76.04017789   -75.94032241   -76.04006058
 9423    3.3000   10.0000   12.0000   -76.04012897   -75.94009333   -76.04001193
 9424    3.3000   10.0000   14.0000   -76.04011007   -75.94006620   -76.03999304
 9425    3.3000   10.0000   16.0000   -76.04010431   -75.94005940   -76.03998730
    0    0.0000    0.0000    0.0000     0.00000000     0.00000000     0.00000000
 9426    3.3000   20.0000    1.2000   -75.89814403   -75.78782935   -75.87880931
 9427    3.3000   20.0000    1.3000   -75.99534017   -75.89484728   -75.97440762
 9428    3.3000   20.0000    1.4000   -76.05910909   -75.96801494   -76.03620070
 9429    3.3000   20.0000    1.5000   -76.09980807   -76.01725883   -76.07455692
 9430    3.3000   20.0000    1.6000   -76.12465112   -76.04947301   -76.09658806
 9431    3.3000   20.0000    1.7000   -76.13875893   -76.06947343   -76.10741249
 9432    3.3000   20.0000    1.7500   -76.14295838   -76.07601618   -76.10982294
 9433    3.3000   20.0000    1.8000   -76.14572491   -76.08073218   -76.11073680
 9434    3.3000   20.0000    1.8500   -76.14733215   -76.08392653   -76.11046603
 9435    3.3000   20.0000    1.9000   -76.14800399   -76.08587431   -76.10927933
 9436    3.3000   20.0000    2.0000   -76.14725531   -76.08701540   -76.10506993
 9437    3.3000   20.0000    2.1500   -76.14222943   -76.08431814   -76.09652237
 9438    3.3000   20.0000    2.3000   -76.13414633   -76.07946816   -76.08775685
 9439    3.3000   20.0000    2.4000   -76.12764547   -76.07594078   -76.08240180
 9440    3.3000   20.0000    2.6000   -76.11332593   -76.06900305   -76.07309109
 9441    3.3000   20.0000    2.8000   -76.09973508   -76.06319710   -76.06597855
 9442    3.3000   20.0000    3.0000   -76.09038862   -76.06070904   -76.06276036
 9443    3.3000   20.0000    3.3000   -76.08901448   -76.06708568   -76.06858022
 9444    3.3000   20.0000    3.6000   -76.09779492   -76.08108850   -76.08234623
 9445    3.3000   20.0000    4.0000   -76.10357786   -76.09145598   -76.09269983
 9446    3.3000   20.0000    4.5000   -76.08622554   -76.07786299   -76.07972989
 9447    3.3000   20.0000    5.0000   -76.05606266   -76.04749397   -76.05343099
 9448    3.3000   20.0000    6.0000   -76.03390935   -75.98512735   -76.03339755
 9449    3.3000   20.0000    7.0000   -76.03812083   -75.95306045   -76.03791494
 9450    3.3000   20.0000    8.0000   -76.03983644   -75.94314593   -76.03970596
 9451    3.3000   20.0000   10.0000   -76.04017027   -75.94026010   -76.04005348
 9452    3.3000   20.0000   12.0000   -76.04012541   -75.94008773   -76.04000858
 9453    3.3000   20.0000   14.0000   -76.04010907   -75.94006498   -76.03999208
 9454    3.3000   20.0000   16.0000   -76.04010399   -75.94005902   -76.03998699
    0    0.0000    0.0000    0.0000     0.00000000     0.00000000     0.00000000
 9455    3.3000   30.0000    1.2000   -75.91665541   -75.77135358   -75.88282210
 9456    3.3000   30.0000    1.3000   -76.01491095   -75.87806476   -75.97945958
 9457    3.3000   30.0000    1.4000   -76.07967377   -75.95113253   -76.04244287
 9458    3.3000   30.0000    1.5000   -76.12118204   -76.00064987   -76.08199557
 9459    3.3000   30.0000    1.6000   -76.14650050   -76.03357732   -76.10519966
 9460    3.3000   30.0000    1.7000   -76.16079396   -76.05486090   -76.11726238
 9461    3.3000   30.0000    1.7500   -76.16494317   -76.06225979   -76.12026523
 9462    3.3000   30.0000    1.8000   -76.16757224   -76.06796760   -76.12174155
 9463    3.3000   30.0000    1.8500   -76.16897040   -76.07227431   -76.12199439
 9464    3.3000   30.0000    1.9000   -76.16938142   -76.07542989   -76.12128382
 9465    3.3000   30.0000    2.0000   -76.16802386   -76.07911800   -76.11783501
 9466    3.3000   30.0000    2.1500   -76.16264109   -76.08046342   -76.11006494
 9467    3.3000   30.0000    2.3000   -76.15545630   -76.07954570   -76.10192442
 9468    3.3000   30.0000    2.4000   -76.15040434   -76.07867727   -76.09721151
 9469    3.3000   30.0000    2.6000   -76.14064767   -76.07754686   -76.09040289
 9470    3.3000   30.0000    2.8000   -76.13187391   -76.07745742   -76.08672918
 9471    3.3000   30.0000    3.0000   -76.12403764   -76.07773341   -76.08482566
 9472    3.3000   30.0000    3.3000   -76.11297572   -76.07688867   -76.08225585
 9473    3.3000   30.0000    3.6000   -76.10095564   -76.07260747   -76.07730606
 9474    3.3000   30.0000    4.0000   -76.08158060   -76.06042919   -76.06540937
 9475    3.3000   30.0000    4.5000   -76.05491389   -76.03774680   -76.04637648
 9476    3.3000   30.0000    5.0000   -76.03732859   -76.01136984   -76.03382605
 9477    3.3000   30.0000    6.0000   -76.03578010   -75.96715149   -76.03509861
 9478    3.3000   30.0000    7.0000   -76.03908556   -75.94748060   -76.03884613
 9479    3.3000   30.0000    8.0000   -76.04002761   -75.94185362   -76.03989209
 9480    3.3000   30.0000   10.0000   -76.04016000   -75.94019414   -76.04004368
 9481    3.3000   30.0000   12.0000   -76.04012094   -75.94008093   -76.04000432
 9482    3.3000   30.0000   14.0000   -76.04010777   -75.94006338   -76.03999082
 9483    3.3000   30.0000   16.0000   -76.04010356   -75.94005859   -76.03998657
    0    0.0000    0.0000    0.0000     0.00000000     0.00000000     0.00000000
 9484    3.3000   45.0000    1.2000   -75.94189703   -75.74625781   -75.88828140
 9485    3.3000   45.0000    1.3000   -76.04091190   -75.85231865   -75.98614036
 9486    3.3000   45.0000    1.4000   -76.10628846   -75.92483105   -76.05035931
 9487    3.3000   45.0000    1.5000   -76.14818379   -75.97390050   -76.09109982
 9488    3.3000   45.0000    1.6000   -76.17365131   -76.00651657   -76.11541985
 9489    3.3000   45.0000    1.7000   -76.18764199   -76.02756695   -76.12827930
 9490    3.3000   45.0000    1.7500   -76.19147153   -76.03487512   -76.13155383
 9491    3.3000   45.0000    1.8000   -76.19365798   -76.04049802   -76.13319574
 9492    3.3000   45.0000    1.8500   -76.19448397   -76.04471344   -76.13349093
 9493    3.3000   45.0000    1.9000   -76.19418816   -76.04775588   -76.13268155
 9494    3.3000   45.0000    2.0000   -76.19100635   -76.05108393   -76.12853987
 9495    3.3000   45.0000    2.1500   -76.18193916   -76.05133205   -76.11826518
 9496    3.3000   45.0000    2.3000   -76.17011180   -76.04827337   -76.10562994
 9497    3.3000   45.0000    2.4000   -76.16154279   -76.04527162   -76.09682147
 9498    3.3000   45.0000    2.6000   -76.14405987   -76.03838967   -76.07979045
 9499    3.3000   45.0000    2.8000   -76.12710676   -76.03145435   -76.06477714
 9500    3.3000   45.0000    3.0000   -76.11120156   -76.02503526   -76.05246898
 9501    3.3000   45.0000    3.3000   -76.08963850   -76.01642475   -76.03918714
 9502    3.3000   45.0000    3.6000   -76.07113616   -76.00855849   -76.03120747
 9503    3.3000   45.0000    4.0000   -76.05237662   -75.99837101   -76.02740412
 9504    3.3000   45.0000    4.5000   -76.04047240   -75.98417493   -76.02944720
 9505    3.3000   45.0000    5.0000   -76.03782750   -75.96922741   -76.03325657
 9506    3.3000   45.0000    6.0000   -76.03910128   -75.94942491   -76.03817266
 9507    3.3000   45.0000    7.0000   -76.03999313   -75.94252456   -76.03972638
 9508    3.3000   45.0000    8.0000   -76.04017835   -75.94070236   -76.04003684
 9509    3.3000   45.0000   10.0000   -76.04014394   -75.94012651   -76.04002817
 9510    3.3000   45.0000   12.0000   -76.04011481   -75.94007217   -76.03999841
 9511    3.3000   45.0000   14.0000   -76.04010588   -75.94006110   -76.03998900
 9512    3.3000   45.0000   16.0000   -76.04010290   -75.94005772   -76.03998593
    0    0.0000    0.0000    0.0000     0.00000000     0.00000000     0.00000000
 9513    3.3000   60.0000    1.2000   -75.96081156   -75.72571296   -75.89182646
 9514    3.3000   60.0000    1.3000   -76.06002554   -75.83017852   -75.99041490
 9515    3.3000   60.0000    1.4000   -76.12550162   -75.90129294   -76.05531770
 9516    3.3000   60.0000    1.5000   -76.16736995   -75.94907469   -76.09666200
 9517    3.3000   60.0000    1.6000   -76.19265681   -75.98045795   -76.12147014
 9518    3.3000   60.0000    1.7000   -76.20629057   -76.00028966   -76.13466602
 9519    3.3000   60.0000    1.7500   -76.20986962   -76.00698438   -76.13804084
 9520    3.3000   60.0000    1.8000   -76.21175596   -76.01198735   -76.13973213
 9521    3.3000   60.0000    1.8500   -76.21223174   -76.01557337   -76.14002184
 9522    3.3000   60.0000    1.9000   -76.21153577   -76.01797494   -76.13914866
 9523    3.3000   60.0000    2.0000   -76.20740716   -76.01998111   -76.13469238
 9524    3.3000   60.0000    2.1500   -76.19657969   -76.01813730   -76.12344426
 9525    3.3000   60.0000    2.3000   -76.18265716   -76.01284593   -76.10919713
 9526    3.3000   60.0000    2.4000   -76.17256385   -76.00826964   -76.09894632
 9527    3.3000   60.0000    2.6000   -76.15193179   -75.99805166   -76.07816591
 9528    3.3000   60.0000    2.8000   -76.13202885   -75.98777531   -76.05840943
 9529    3.3000   60.0000    3.0000   -76.11376169   -75.97853637   -76.04080953
 9530    3.3000   60.0000    3.3000   -76.09037412   -75.96841941   -76.00295959
 9531    3.3000   60.0000    3.6000   -76.07236303   -75.96341697   -76.02221413
 9532    3.3000   60.0000    4.0000   -76.05640243   -75.95979422   -76.02855084
 9533    3.3000   60.0000    4.5000   -76.04642491   -75.95410529   -76.03398908
 9534    3.3000   60.0000    5.0000   -76.04254078   -75.94862853   -76.03706982
 9535    3.3000   60.0000    6.0000   -76.04062343   -75.94262743   -76.03950878
 9536    3.3000   60.0000    7.0000   -76.04031193   -75.94078932   -76.04001675
 9537    3.3000   60.0000    8.0000   -76.04020920   -75.94028834   -76.04006517
 9538    3.3000   60.0000   10.0000   -76.04013143   -75.94009515   -76.04001601
 9539    3.3000   60.0000   12.0000   -76.04011062   -75.94006681   -76.03999439
 9540    3.3000   60.0000   14.0000   -76.04010449   -75.94005953   -76.03998770
 9541    3.3000   60.0000   16.0000   -76.04010238   -75.94005733   -76.03998544
    0    0.0000    0.0000    0.0000     0.00000000     0.00000000     0.00000000
 9542    3.3000   70.0000    1.2000   -75.96934109   -75.72268319   -75.89309190
 9543    3.3000   70.0000    1.3000   -76.06854298   -75.82419717   -75.99196955
 9544    3.3000   70.0000    1.4000   -76.13397483   -75.89289762   -76.05713500
 9545    3.3000   70.0000    1.5000   -76.17576091   -75.93874549   -76.09870644
 9546    3.3000   70.0000    1.6000   -76.20092299   -75.96856699   -76.12369908
 9547    3.3000   70.0000    1.7000   -76.21438651   -75.98710797   -76.13703163
 9548    3.3000   70.0000    1.7500   -76.21786380   -75.99323339   -76.14045580
 9549    3.3000   70.0000    1.8000   -76.21963741   -75.99770719   -76.14218347
 9550    3.3000   70.0000    1.8500   -76.21999046   -76.00079870   -76.14249653
 9551    3.3000   70.0000    1.9000   -76.21916118   -76.00273538   -76.14163364
 9552    3.3000   70.0000    2.0000   -76.21473858   -76.00388591   -76.13715933
 9553    3.3000   70.0000    2.1500   -76.20341537   -76.00090837   -76.12579260
 9554    3.3000   70.0000    2.3000   -76.18896137   -75.99464811   -76.11133348
 9555    3.3000   70.0000    2.4000   -76.17851159   -75.98952125   -76.10090219
 9556    3.3000   70.0000    2.6000   -76.15719962   -75.97840971   -76.07968731
 9557    3.3000   70.0000    2.8000   -76.13671932   -75.96753475   -76.05940919
 9558    3.3000   70.0000    3.0000   -76.11803023   -75.95809241   -76.04110662
 9559    3.3000   70.0000    3.3000   -76.09430947   -75.94893301   -76.01138683
 9560    3.3000   70.0000    3.6000   -76.07614233   -75.94645778   -76.02425234
 9561    3.3000   70.0000    4.0000   -76.05983545   -75.94608754   -76.03088164
 9562    3.3000   70.0000    4.5000   -76.04892127   -75.94466860   -76.03567602
 9563    3.3000   70.0000    5.0000   -76.04402808   -75.94300250   -76.03811158
 9564    3.3000   70.0000    6.0000   -76.04099195   -75.94107067   -76.03979830
 9565    3.3000   70.0000    7.0000   -76.04036946   -75.94040709   -76.04006536
 9566    3.3000   70.0000    8.0000   -76.04020674   -75.94019379   -76.04006303
 9567    3.3000   70.0000   10.0000   -76.04012608   -75.94008592   -76.04001094
 9568    3.3000   70.0000   12.0000   -76.04010888   -75.94006485   -76.03999279
 9569    3.3000   70.0000   14.0000   -76.04010389   -75.94005887   -76.03998715
 9570    3.3000   70.0000   16.0000   -76.04010215   -75.94005686   -76.03998523
    0    0.0000    0.0000    0.0000     0.00000000     0.00000000     0.00000000
 9571    3.3000   80.0000    1.2000   -75.97459511   -75.73176836   -75.89368012
 9572    3.3000   80.0000    1.3000   -76.07374100   -75.83113616   -75.99274504
 9573    3.3000   80.0000    1.4000   -76.13910106   -75.89732508   -76.05807834
 9574    3.3000   80.0000    1.5000   -76.18079825   -75.94055877   -76.09979418
 9575    3.3000   80.0000    1.6000   -76.20585345   -75.96788932   -76.12490525
 9576    3.3000   80.0000    1.7000   -76.21919170   -75.98420022   -76.13832931
 9577    3.3000   80.0000    1.7500   -76.22259958   -75.98932713   -76.14178925
 9578    3.3000   80.0000    1.8000   -76.22429951   -75.99288221   -76.14354621
 9579    3.3000   80.0000    1.8500   -76.22457447   -75.99513277   -76.14388228
 9580    3.3000   80.0000    1.9000   -76.22366423   -75.99630246   -76.14303644
 9581    3.3000   80.0000    2.0000   -76.21907175   -75.99612122   -76.13857960
 9582    3.3000   80.0000    2.1500   -76.20747641   -75.99157150   -76.12720295
 9583    3.3000   80.0000    2.3000   -76.19274085   -75.98414257   -76.11270016
 9584    3.3000   80.0000    2.4000   -76.18210645   -75.97842685   -76.10222990
 9585    3.3000   80.0000    2.6000   -76.16044786   -75.96652432   -76.08093905
 9586    3.3000   80.0000    2.8000   -76.13966709   -75.95529737   -76.06061950
 9587    3.3000   80.0000    3.0000   -76.12073707   -75.94598099   -76.04233546
 9588    3.3000   80.0000    3.3000   -76.09675217   -75.93813605   -76.01330076
 9589    3.3000   80.0000    3.6000   -76.07833444   -75.93756118   -76.02577057
 9590    3.3000   80.0000    4.0000   -76.06162028   -75.93923606   -76.03198461
 9591    3.3000   80.0000    4.5000   -76.05008538   -75.94033637   -76.03637121
 9592    3.3000   80.0000    5.0000   -76.04466562   -75.94059854   -76.03851243
 9593    3.3000   80.0000    6.0000   -76.04112424   -75.94045343   -76.03989708
 9594    3.3000   80.0000    7.0000   -76.04038208   -75.94025740   -76.04007664
 9595    3.3000   80.0000    8.0000   -76.04020084   -75.94015500   -76.04005833
 9596    3.3000   80.0000   10.0000   -76.04012273   -75.94008144   -76.04000791
 9597    3.3000   80.0000   12.0000   -76.04010778   -75.94006381   -76.03999184
 9598    3.3000   80.0000   14.0000   -76.04010350   -75.94005853   -76.03998681
 9599    3.3000   80.0000   16.0000   -76.04010199   -75.94005673   -76.03998509
    0    0.0000    0.0000    0.0000     0.00000000     0.00000000     0.00000000
 9600    3.3000   90.0000    1.2000   -75.97667100   -75.74513612   -75.89381110
 9601    3.3000   90.0000    1.3000   -76.07574981   -75.84412138   -75.99299374
 9602    3.3000   90.0000    1.4000   -76.14103721   -75.90960701   -76.05843184
 9603    3.3000   90.0000    1.5000   -76.18265583   -75.95179481   -76.10023784
 9604    3.3000   90.0000    1.6000   -76.20762654   -75.97776680   -76.12542379
 9605    3.3000   90.0000    1.7000   -76.22087480   -75.99248714   -76.13890779
 9606    3.3000   90.0000    1.7500   -76.22423585   -75.99676606   -76.14239241
 9607    3.3000   90.0000    1.8000   -76.22588786   -75.99945670   -76.14417078
 9608    3.3000   90.0000    1.8500   -76.22611385   -76.00083968   -76.14452524
 9609    3.3000   90.0000    1.9000   -76.22515374   -76.00115106   -76.14369501
 9610    3.3000   90.0000    2.0000   -76.22045927   -75.99931974   -76.13926219
 9611    3.3000   90.0000    2.1500   -76.20871275   -75.99255477   -76.12790830
 9612    3.3000   90.0000    2.3000   -76.19382916   -75.98328719   -76.11341949
 9613    3.3000   90.0000    2.4000   -76.18310050   -75.97655999   -76.10295797
 9614    3.3000   90.0000    2.6000   -76.16127264   -75.96309293   -76.08172158
 9615    3.3000   90.0000    2.8000   -76.14035560   -75.95080430   -76.06155081
 9616    3.3000   90.0000    3.0000   -76.12132646   -75.94090715   -76.04362759
 9617    3.3000   90.0000    3.3000   -76.09725781   -75.93342080   -76.02543374
 9618    3.3000   90.0000    3.6000   -76.07878636   -75.93396849   -76.02698208
 9619    3.3000   90.0000    4.0000   -76.06199934   -75.93664684   -76.03255153
 9620    3.3000   90.0000    4.5000   -76.05033684   -75.93877365   -76.03666441
 9621    3.3000   90.0000    5.0000   -76.04479461   -75.93975363   -76.03866601
 9622    3.3000   90.0000    6.0000   -76.04114004   -75.94023891   -76.03992858
 9623    3.3000   90.0000    7.0000   -76.04037660   -75.94020361   -76.04007721
 9624    3.3000   90.0000    8.0000   -76.04019516   -75.94013981   -76.04005459
 9625    3.3000   90.0000   10.0000   -76.04012078   -75.94007934   -76.04000625
 9626    3.3000   90.0000   12.0000   -76.04010712   -75.94006337   -76.03999131
 9627    3.3000   90.0000   14.0000   -76.04010324   -75.94005850   -76.03998662
 9628    3.3000   90.0000   16.0000   -76.04010190   -75.94005668   -76.03998501
    0    0.0000    0.0000    0.0000     0.00000000     0.00000000     0.00000000
 9629    3.3000  100.0000    1.2000   -75.97572290   -75.75953434   -75.89368693
 9630    3.3000  100.0000    1.3000   -76.07473822   -75.85851843   -75.99294053
 9631    3.3000  100.0000    1.4000   -76.13996225   -75.92387614   -76.05844302
 9632    3.3000  100.0000    1.5000   -76.18151825   -75.96578433   -76.10030633
 9633    3.3000  100.0000    1.6000   -76.20642753   -75.99130584   -76.12554276
 9634    3.3000  100.0000    1.7000   -76.21961594   -76.00539605   -76.13907116
 9635    3.3000  100.0000    1.7500   -76.22294778   -76.00929361   -76.14257606
 9636    3.3000  100.0000    1.8000   -76.22457112   -76.01156133   -76.14437376
 9637    3.3000  100.0000    1.8500   -76.22476899   -76.01248282   -76.14474672
 9638    3.3000  100.0000    1.9000   -76.22378140   -76.01229819   -76.14393451
 9639    3.3000  100.0000    2.0000   -76.21903424   -76.00939157   -76.13953737
 9640    3.3000  100.0000    2.1500   -76.20721741   -76.00089214   -76.12824076
 9641    3.3000  100.0000    2.3000   -76.19227805   -75.98986877   -76.11382108
 9642    3.3000  100.0000    2.4000   -76.18152245   -75.98201825   -76.10342203
 9643    3.3000  100.0000    2.6000   -76.15966993   -75.96646756   -76.08239847
 9644    3.3000  100.0000    2.8000   -76.13877117   -75.95232786   -76.06261337
 9645    3.3000  100.0000    3.0000   -76.11980425   -75.94073963   -76.04545089
 9646    3.3000  100.0000    3.3000   -76.09604047   -75.93207272   -76.02918266
 9647    3.3000  100.0000    3.6000   -76.07768471   -75.93323844   -76.02872983
 9648    3.3000  100.0000    4.0000   -76.06125268   -75.93637001   -76.03319247
 9649    3.3000  100.0000    4.5000   -76.04993972   -75.93861897   -76.03692350
 9650    3.3000  100.0000    5.0000   -76.04459703   -75.93964974   -76.03878379
 9651    3.3000  100.0000    6.0000   -76.04109319   -75.94019659   -76.03994744
 9652    3.3000  100.0000    7.0000   -76.04036230   -75.94018932   -76.04007682
 9653    3.3000  100.0000    8.0000   -76.04019026   -75.94013420   -76.04005226
 9654    3.3000  100.0000   10.0000   -76.04011969   -75.94007830   -76.04000531
 9655    3.3000  100.0000   12.0000   -76.04010681   -75.94006308   -76.03999102
 9656    3.3000  100.0000   14.0000   -76.04010312   -75.94005838   -76.03998652
 9657    3.3000  100.0000   16.0000   -76.04010185   -75.94005668   -76.03998497
    0    0.0000    0.0000    0.0000     0.00000000     0.00000000     0.00000000
 9658    3.3000  105.0000    1.2000   -75.97417020   -75.76692031   -75.89357999
 9659    3.3000  105.0000    1.3000   -76.07315775   -75.86591768   -75.99285732
 9660    3.3000  105.0000    1.4000   -76.13835534   -75.93125062   -76.05838255
 9661    3.3000  105.0000    1.5000   -76.17988676   -75.97308916   -76.10026769
 9662    3.3000  105.0000    1.6000   -76.20477367   -75.99849001   -76.12552529
 9663    3.3000  105.0000    1.7000   -76.21794221   -76.01240409   -76.13907477
 9664    3.3000  105.0000    1.7500   -76.22126514   -76.01619192   -76.14259041
 9665    3.3000  105.0000    1.8000   -76.22288027   -76.01833522   -76.14439907
 9666    3.3000  105.0000    1.8500   -76.22307070   -76.01911782   -76.14478341
 9667    3.3000  105.0000    1.9000   -76.22207642   -76.01877998   -76.14398308
 9668    3.3000  105.0000    2.0000   -76.21731830   -76.01552618   -76.13961192
 9669    3.3000  105.0000    2.1500   -76.20549218   -76.00641825   -76.12836236
 9670    3.3000  105.0000    2.3000   -76.19055431   -75.99471380   -76.11400389
 9671    3.3000  105.0000    2.4000   -76.17980775   -75.98638840   -76.10366449
 9672    3.3000  105.0000    2.6000   -76.15799152   -75.96985339   -76.08281721
 9673    3.3000  105.0000    2.8000   -76.13715822   -75.95471245   -76.06332398
 9674    3.3000  105.0000    3.0000   -76.11828622   -75.94201824   -76.04666589
 9675    3.3000  105.0000    3.3000   -76.09471953   -75.93177714   -76.03125544
 9676    3.3000  105.0000    3.6000   -76.07661028   -75.93351209   -76.02990028
 9677    3.3000  105.0000    4.0000   -76.06052273   -75.93675646   -76.03364364
 9678    3.3000  105.0000    4.5000   -76.04955083   -75.93884616   -76.03709889
 9679    3.3000  105.0000    5.0000   -76.04441288   -75.93974834   -76.03885770
 9680    3.3000  105.0000    6.0000   -76.04105452   -75.94020741   -76.03995945
 9681    3.3000  105.0000    7.0000   -76.04035369   -75.94018833   -76.04007744
 9682    3.3000  105.0000    8.0000   -76.04018801   -75.94013295   -76.04005150
 9683    3.3000  105.0000   10.0000   -76.04011936   -75.94007794   -76.04000498
 9684    3.3000  105.0000   12.0000   -76.04010673   -75.94006298   -76.03999092
 9685    3.3000  105.0000   14.0000   -76.04010310   -75.94005834   -76.03998649
 9686    3.3000  105.0000   16.0000   -76.04010184   -75.94005669   -76.03998496
    0    0.0000    0.0000    0.0000     0.00000000     0.00000000     0.00000000
 9687    3.3000  110.0000    1.2000   -75.97193167   -75.77440903   -75.89346316
 9688    3.3000  110.0000    1.3000   -76.07089481   -75.87341342   -75.99275897
 9689    3.3000  110.0000    1.4000   -76.13606983   -75.93872395   -76.05830312
 9690    3.3000  110.0000    1.5000   -76.17758118   -75.98050562   -76.10020781
 9691    3.3000  110.0000    1.6000   -76.20245096   -76.00581091   -76.12548604
 9692    3.3000  110.0000    1.7000   -76.21560568   -76.01958714   -76.13905779
 9693    3.3000  110.0000    1.7500   -76.21892303   -76.02328943   -76.14258539
 9694    3.3000  110.0000    1.8000   -76.22053354   -76.02533589   -76.14440674
 9695    3.3000  110.0000    1.8500   -76.22072034   -76.02601027   -76.14480463
 9696    3.3000  110.0000    1.9000   -76.21972345   -76.02555279   -76.14401884
 9697    3.3000  110.0000    2.0000   -76.21496390   -76.02202578   -76.13968046
 9698    3.3000  110.0000    2.1500   -76.20314322   -76.01243084   -76.12849169
 9699    3.3000  110.0000    2.3000   -76.18822524   -76.00016776   -76.11421501
 9700    3.3000  110.0000    2.4000   -76.17750156   -75.99143907   -76.10395597
 9701    3.3000  110.0000    2.6000   -76.15575200   -75.97403442   -76.08332811
 9702    3.3000  110.0000    2.8000   -76.13502029   -75.95796276   -76.06418190
 9703    3.3000  110.0000    3.0000   -76.11628597   -75.94417636   -76.04806812
 9704    3.3000  110.0000    3.3000   -76.09299117   -75.93160214   -76.03338580
 9705    3.3000  110.0000    3.6000   -76.07521534   -75.93415794   -76.03123560
 9706    3.3000  110.0000    4.0000   -76.05958438   -75.93740834   -76.03419738
 9707    3.3000  110.0000    4.5000   -76.04905820   -75.93921211   -76.03731705
 9708    3.3000  110.0000    5.0000   -76.04418151   -75.93991229   -76.03895025
 9709    3.3000  110.0000    6.0000   -76.04100845   -75.94023080   -76.03997481
 9710    3.3000  110.0000    7.0000   -76.04034428   -75.94018973   -76.04007880
 9711    3.3000  110.0000    8.0000   -76.04018582   -75.94013198   -76.04005092
 9712    3.3000  110.0000   10.0000   -76.04011913   -75.94007761   -76.04000469
 9713    3.3000  110.0000   12.0000   -76.04010668   -75.94006290   -76.03999084
 9714    3.3000  110.0000   14.0000   -76.04010309   -75.94005831   -76.03998646
 9715    3.3000  110.0000   16.0000   -76.04010184   -75.94005671   -76.03998496
    0    0.0000    0.0000    0.0000     0.00000000     0.00000000     0.00000000
 9716    3.3000  120.0000    1.2000   -75.96551097   -75.78968200   -75.89323757
 9717    3.3000  120.0000    1.3000   -76.06443617   -75.88867541   -75.99256051
 9718    3.3000  120.0000    1.4000   -76.12957782   -75.95393260   -76.05813659
 9719    3.3000  120.0000    1.5000   -76.17106188   -75.99561188   -76.10007858
 9720    3.3000  120.0000    1.6000   -76.19591112   -76.02076031   -76.12540041
 9721    3.3000  120.0000    1.7000   -76.20905465   -76.03431987   -76.13902336
 9722    3.3000  120.0000    1.7500   -76.21236957   -76.03789078   -76.14257990
 9723    3.3000  120.0000    1.8000   -76.21398007   -76.03978991   -76.14443268
 9724    3.3000  120.0000    1.8500   -76.21416940   -76.04030080   -76.14486477
 9725    3.3000  120.0000    1.9000   -76.21317780   -76.03966386   -76.14411641
 9726    3.3000  120.0000    2.0000   -76.20843679   -76.03572978   -76.13986342
 9727    3.3000  120.0000    2.1500   -76.19666856   -76.02540853   -76.12883421
 9728    3.3000  120.0000    2.3000   -76.18184278   -76.01231902   -76.11478876
 9729    3.3000  120.0000    2.4000   -76.17120018   -76.00296998   -76.10473526
 9730    3.3000  120.0000    2.6000   -76.14966873   -75.98422271   -76.08464449
 9731    3.3000  120.0000    2.8000   -76.12924552   -75.96671445   -76.06628810
 9732    3.3000  120.0000    3.0000   -76.11091594   -75.95135715   -76.05124406
 9733    3.3000  120.0000    3.3000   -76.08839388   -75.93445683   -76.03762268
 9734    3.3000  120.0000    3.6000   -76.07155222   -75.93689893   -76.03419118
 9735    3.3000  120.0000    4.0000   -76.05716817   -75.93942314   -76.03556725
 9736    3.3000  120.0000    4.5000   -76.04782192   -75.94025158   -76.03787725
 9737    3.3000  120.0000    5.0000   -76.04361146   -75.94037127   -76.03919085
 9738    3.3000  120.0000    6.0000   -76.04090047   -75.94030095   -76.04001643
 9739    3.3000  120.0000    7.0000   -76.04032385   -75.94019665   -76.04008370
 9740    3.3000  120.0000    8.0000   -76.04018159   -75.94013072   -76.04005016
 9741    3.3000  120.0000   10.0000   -76.04011887   -75.94007692   -76.04000417
 9742    3.3000  120.0000   12.0000   -76.04010666   -75.94006274   -76.03999069
 9743    3.3000  120.0000   14.0000   -76.04010309   -75.94005828   -76.03998643
 9744    3.3000  120.0000   16.0000   -76.04010184   -75.94005674   -76.03998495
    0    0.0000    0.0000    0.0000     0.00000000     0.00000000     0.00000000
 9745    3.3000  130.0000    1.2000   -75.95671978   -75.80535515   -75.89305770
 9746    3.3000  130.0000    1.3000   -76.05561842   -75.90430708   -75.99240239
 9747    3.3000  130.0000    1.4000   -76.12073963   -75.96949502   -76.05800672
 9748    3.3000  130.0000    1.5000   -76.16221059   -76.01107328   -76.09998619
 9749    3.3000  130.0000    1.6000   -76.18705594   -76.03608556   -76.12535601
 9750    3.3000  130.0000    1.7000   -76.20020440   -76.04947244   -76.13903884
 9751    3.3000  130.0000    1.7500   -76.20352620   -76.05294236   -76.14263018
 9752    3.3000  130.0000    1.8000   -76.20514664   -76.05473075   -76.14452129
 9753    3.3000  130.0000    1.8500   -76.20534920   -76.05512111   -76.14499543
 9754    3.3000  130.0000    1.9000   -76.20437424   -76.05435362   -76.14429293
 9755    3.3000  130.0000    2.0000   -76.19967785   -76.05012962   -76.14014396
 9756    3.3000  130.0000    2.1500   -76.18801294   -76.03932005   -76.12931689
 9757    3.3000  130.0000    2.3000   -76.17333334   -76.02566182   -76.11556796
 9758    3.3000  130.0000    2.4000   -76.16281306   -76.01589284   -76.10574809
 9759    3.3000  130.0000    2.6000   -76.14160362   -75.99627892   -76.08625239
 9760    3.3000  130.0000    2.8000   -76.12162150   -75.97794248   -76.06868809
 9761    3.3000  130.0000    3.0000   -76.10386517   -75.96197166   -76.05454475
 9762    3.3000  130.0000    3.3000   -76.08231506   -75.94536626   -76.04156103
 9763    3.3000  130.0000    3.6000   -76.06689783   -75.94227338   -76.03718511
 9764    3.3000  130.0000    4.0000   -76.05419479   -75.94232445   -76.03713521
 9765    3.3000  130.0000    4.5000   -76.04635612   -75.94157737   -76.03855575
 9766    3.3000  130.0000    5.0000   -76.04295276   -75.94093212   -76.03948854
 9767    3.3000  130.0000    6.0000   -76.04078112   -75.94038730   -76.04007006
 9768    3.3000  130.0000    7.0000   -76.04030264   -75.94020625   -76.04009096
 9769    3.3000  130.0000    8.0000   -76.04017767   -75.94012980   -76.04004982
 9770    3.3000  130.0000   10.0000   -76.04011876   -75.94007614   -76.04000363
 9771    3.3000  130.0000   12.0000   -76.04010670   -75.94006252   -76.03999054
 9772    3.3000  130.0000   14.0000   -76.04010312   -75.94005825   -76.03998640
 9773    3.3000  130.0000   16.0000   -76.04010186   -75.94005677   -76.03998495
    0    0.0000    0.0000    0.0000     0.00000000     0.00000000     0.00000000
 9774    3.3000  140.0000    1.2000   -75.94585955   -75.82140996   -75.89296152
 9775    3.3000  140.0000    1.3000   -76.04474849   -75.92030792   -75.99231255
 9776    3.3000  140.0000    1.4000   -76.10986458   -75.98542233   -76.05793540
 9777    3.3000  140.0000    1.5000   -76.15133744   -76.02690407   -76.09994442
 9778    3.3000  140.0000    1.6000   -76.17619309   -76.05179480   -76.12535612
 9779    3.3000  140.0000    1.7000   -76.18936096   -76.06503397   -76.13909563
 9780    3.3000  140.0000    1.7500   -76.19269403   -76.06841852   -76.14272374
 9781    3.3000  140.0000    1.8000   -76.19433024   -76.07011628   -76.14465568
 9782    3.3000  140.0000    1.8500   -76.19455349   -76.07041171   -76.14517491
 9783    3.3000  140.0000    1.9000   -76.19360427   -76.06954521   -76.14452255
 9784    3.3000  140.0000    2.0000   -76.18897464   -76.06511130   -76.14049473
 9785    3.3000  140.0000    2.1500   -76.17744556   -76.05394339   -76.12991158
 9786    3.3000  140.0000    2.3000   -76.16295292   -76.03987861   -76.11645383
 9787    3.3000  140.0000    2.4000   -76.15259196   -76.02982841   -76.10686429
 9788    3.3000  140.0000    2.6000   -76.13179833   -76.00966548   -76.08793281
 9789    3.3000  140.0000    2.8000   -76.11238583   -75.99086778   -76.07105377
 9790    3.3000  140.0000    3.0000   -76.09537582   -75.97462069   -76.05758745
 9791    3.3000  140.0000    3.3000   -76.07538656   -75.95751324   -76.04496997
 9792    3.3000  140.0000    3.6000   -76.06153570   -75.94978785   -76.03990626
 9793    3.3000  140.0000    4.0000   -76.05091081   -75.94592896   -76.03869466
 9794    3.3000  140.0000    4.5000   -76.04480508   -75.94305277   -76.03926899
 9795    3.3000  140.0000    5.0000   -76.04227361   -75.94152364   -76.03980850
 9796    3.3000  140.0000    6.0000   -76.04066183   -75.94047739   -76.04012950
 9797    3.3000  140.0000    7.0000   -76.04028243   -75.94021665   -76.04009958
 9798    3.3000  140.0000    8.0000   -76.04017429   -75.94012905   -76.04004985
 9799    3.3000  140.0000   10.0000   -76.04011870   -75.94007530   -76.04000306
 9800    3.3000  140.0000   12.0000   -76.04010678   -75.94006224   -76.03999037
 9801    3.3000  140.0000   14.0000   -76.04010316   -75.94005820   -76.03998637
 9802    3.3000  140.0000   16.0000   -76.04010188   -75.94005677   -76.03998495
    0    0.0000    0.0000    0.0000     0.00000000     0.00000000     0.00000000
 9803    3.3000  150.0000    1.2000   -75.93323984   -75.83773825   -75.89293745
 9804    3.3000  150.0000    1.3000   -76.03212964   -75.93657476   -75.99229929
 9805    3.3000  150.0000    1.4000   -76.09725353   -76.00161209   -76.05794407
 9806    3.3000  150.0000    1.5000   -76.13874331   -76.04300122   -76.09998602
 9807    3.3000  150.0000    1.6000   -76.16362680   -76.06778193   -76.12544175
 9808    3.3000  150.0000    1.7000   -76.17683574   -76.08089397   -76.13923662
 9809    3.3000  150.0000    1.7500   -76.18019725   -76.08421065   -76.14289524
 9810    3.3000  150.0000    1.8000   -76.18186447   -76.08583581   -76.14486214
 9811    3.3000  150.0000    1.8500   -76.18212141   -76.08605357   -76.14542151
 9812    3.3000  150.0000    1.9000   -76.18120916   -76.08510460   -76.14481476
 9813    3.3000  150.0000    2.0000   -76.17666644   -76.08049317   -76.14089434
 9814    3.3000  150.0000    2.1500   -76.16531045   -76.06903567   -76.13051265
 9815    3.3000  150.0000    2.3000   -76.15105248   -76.05466049   -76.11730836
 9816    3.3000  150.0000    2.4000   -76.14088851   -76.04439730   -76.10791739
 9817    3.3000  150.0000    2.6000   -76.12060815   -76.02381643   -76.08945627
 9818    3.3000  150.0000    2.8000   -76.10190517   -76.00462462   -76.07310816
 9819    3.3000  150.0000    3.0000   -76.08583760   -75.98795479   -76.06011560
 9820    3.3000  150.0000    3.3000   -76.06756517   -75.96917381   -76.04770488
 9821    3.3000  150.0000    3.6000   -76.05589792   -75.95792006   -76.04215600
 9822    3.3000  150.0000    4.0000   -76.04764304   -75.94979644   -76.04006863
 9823    3.3000  150.0000    4.5000   -76.04333336   -75.94451020   -76.03992793
 9824    3.3000  150.0000    5.0000   -76.04164516   -75.94208419   -76.04011119
 9825    3.3000  150.0000    6.0000   -76.04055351   -75.94056192   -76.04018688
 9826    3.3000  150.0000    7.0000   -76.04026492   -75.94022657   -76.04010836
 9827    3.3000  150.0000    8.0000   -76.04017164   -75.94012847   -76.04005017
 9828    3.3000  150.0000   10.0000   -76.04011865   -75.94007446   -76.04000247
 9829    3.3000  150.0000   12.0000   -76.04010685   -75.94006197   -76.03999020
 9830    3.3000  150.0000   14.0000   -76.04010319   -75.94005818   -76.03998634
 9831    3.3000  150.0000   16.0000   -76.04010190   -75.94005674   -76.03998494
    0    0.0000    0.0000    0.0000     0.00000000     0.00000000     0.00000000
 9832    3.3000  160.0000    1.2000   -75.91925103   -75.85419830   -75.89294524
 9833    3.3000  160.0000    1.3000   -76.01816334   -75.95295611   -75.99231445
 9834    3.3000  160.0000    1.4000   -76.08332111   -76.01790587   -76.05797667
 9835    3.3000  160.0000    1.5000   -76.12485780   -76.05919345   -76.10004612
 9836    3.3000  160.0000    1.6000   -76.14980225   -76.08385728   -76.12553926
 9837    3.3000  160.0000    1.7000   -76.16308689   -76.09683881   -76.13938123
 9838    3.3000  160.0000    1.7500   -76.16649192   -76.10008290   -76.14306702
 9839    3.3000  160.0000    1.8000   -76.16820686   -76.10163167   -76.14506363
 9840    3.3000  160.0000    1.8500   -76.16851638   -76.10176932   -76.14565564
 9841    3.3000  160.0000    1.9000   -76.16766189   -76.10073699   -76.14508463
 9842    3.3000  160.0000    2.0000   -76.16325112   -76.09594962   -76.14124616
 9843    3.3000  160.0000    2.1500   -76.15213831   -76.08420510   -76.13101811
 9844    3.3000  160.0000    2.3000   -76.13819148   -76.06951592   -76.11800660
 9845    3.3000  160.0000    2.4000   -76.12828222   -76.05902900   -76.10876513
 9846    3.3000  160.0000    2.6000   -76.10865726   -76.03796420   -76.09064620
 9847    3.3000  160.0000    2.8000   -76.09085701   -76.01819897   -76.07466758
 9848    3.3000  160.0000    3.0000   -76.07598347   -76.00074313   -76.06198341
 9849    3.3000  160.0000    3.3000   -76.05996707   -75.97986834   -76.04968794
 9850    3.3000  160.0000    3.6000   -76.05065372   -75.96527343   -76.04381981
 9851    3.3000  160.0000    4.0000   -76.04480161   -75.95328614   -76.04112935
 9852    3.3000  160.0000    4.5000   -76.04211431   -75.94575967   -76.04045521
 9853    3.3000  160.0000    5.0000   -76.04113616   -75.94254618   -76.04035818
 9854    3.3000  160.0000    6.0000   -76.04046799   -75.94062964   -76.04023459
 9855    3.3000  160.0000    7.0000   -76.04025155   -75.94023482   -76.04011600
 9856    3.3000  160.0000    8.0000   -76.04016980   -75.94012807   -76.04005062
 9857    3.3000  160.0000   10.0000   -76.04011860   -75.94007370   -76.04000194
 9858    3.3000  160.0000   12.0000   -76.04010692   -75.94006168   -76.03999006
 9859    3.3000  160.0000   14.0000   -76.04010323   -75.94005813   -76.03998631
 9860    3.3000  160.0000   16.0000   -76.04010192   -75.94005672   -76.03998494
    0    0.0000    0.0000    0.0000     0.00000000     0.00000000     0.00000000
 9861    3.3000  170.0000    1.2000   -75.90444782   -75.87042052   -75.89296070
 9862    3.3000  170.0000    1.3000   -76.00345040   -75.96905248   -75.99233333
 9863    3.3000  170.0000    1.4000   -76.06872208   -76.03385338   -76.05800600
 9864    3.3000  170.0000    1.5000   -76.11039634   -76.07496898   -76.10009288
 9865    3.3000  170.0000    1.6000   -76.13550293   -76.09943874   -76.12561156
 9866    3.3000  170.0000    1.7000   -76.14897316   -76.11220194   -76.13948743
 9867    3.3000  170.0000    1.7500   -76.15247884   -76.11533018   -76.14319240
 9868    3.3000  170.0000    1.8000   -76.15429947   -76.11675797   -76.14520931
 9869    3.3000  170.0000    1.8500   -76.15471984   -76.11676999   -76.14582270
 9870    3.3000  170.0000    1.9000   -76.15398196   -76.11560749   -76.14527460
 9871    3.3000  170.0000    2.0000   -76.14982353   -76.11054983   -76.14148760
 9872    3.3000  170.0000    2.1500   -76.13913987   -76.09836330   -76.13135415
 9873    3.3000  170.0000    2.3000   -76.12569350   -76.08319004   -76.11846026
 9874    3.3000  170.0000    2.4000   -76.11616844   -76.07235258   -76.10930878
 9875    3.3000  170.0000    2.6000   -76.09747225   -76.05050143   -76.09139411
 9876    3.3000  170.0000    2.8000   -76.08086185   -76.02977749   -76.07562976
 9877    3.3000  170.0000    3.0000   -76.06744744   -76.01111430   -76.06311975
 9878    3.3000  170.0000    3.3000   -76.05398374   -75.98800971   -76.05088450
 9879    3.3000  170.0000    3.6000   -76.04676746   -75.97052718   -76.04483697
 9880    3.3000  170.0000    4.0000   -76.04283834   -75.95573436   -76.04179504
 9881    3.3000  170.0000    4.5000   -76.04130651   -75.94660574   -76.04079483
 9882    3.3000  170.0000    5.0000   -76.04080411   -75.94285229   -76.04051931
 9883    3.3000  170.0000    6.0000   -76.04041311   -75.94067396   -76.04026623
 9884    3.3000  170.0000    7.0000   -76.04024326   -75.94024032   -76.04012125
 9885    3.3000  170.0000    8.0000   -76.04016876   -75.94012784   -76.04005101
 9886    3.3000  170.0000   10.0000   -76.04011856   -75.94007319   -76.04000156
 9887    3.3000  170.0000   12.0000   -76.04010696   -75.94006153   -76.03998996
 9888    3.3000  170.0000   14.0000   -76.04010328   -75.94005792   -76.03998629
 9889    3.3000  170.0000   16.0000   -76.04010194   -75.94005674   -76.03998494
    0    0.0000    0.0000    0.0000     0.00000000     0.00000000     0.00000000
 9890    3.3000  179.9900    1.2000   -75.89318795   -75.88222302   -75.89296762
 9891    3.3000  179.9900    1.3000   -75.99256127   -75.98046537   -75.99234111
 9892    3.3000  179.9900    1.4000   -76.05823870   -76.04484105   -76.05801715
 9893    3.3000  179.9900    1.5000   -76.10033388   -76.08551583   -76.10010970
 9894    3.3000  179.9900    1.6000   -76.12586399   -76.10954232   -76.12563668
 9895    3.3000  179.9900    1.7000   -76.13975442   -76.12186786   -76.13952501
 9896    3.3000  179.9900    1.7500   -76.14346789   -76.12478007   -76.14323795
 9897    3.3000  179.9900    1.8000   -76.14549411   -76.12599398   -76.14526326
 9898    3.3000  179.9900    1.8500   -76.14611789   -76.12579422   -76.14588507
 9899    3.3000  179.9900    1.9000   -76.14558165   -76.12442266   -76.14534566
 9900    3.3000  179.9900    2.0000   -76.14182328   -76.11895022   -76.14157735
 9901    3.3000  179.9900    2.1500   -76.13174226   -76.10615943   -76.13147975
 9902    3.3000  179.9900    2.3000   -76.11890984   -76.09038627   -76.11863471
 9903    3.3000  179.9900    2.4000   -76.10979742   -76.07915227   -76.10951983
 9904    3.3000  179.9900    2.6000   -76.09194303   -76.05650258   -76.09167523
 9905    3.3000  179.9900    2.8000   -76.07615513   -76.03503704   -76.07594746
 9906    3.3000  179.9900    3.0000   -76.06368404   -76.01551131   -76.06349872
 9907    3.3000  179.9900    3.3000   -76.05153012   -75.99110643   -76.05128427
 9908    3.3000  179.9900    3.6000   -76.04530192   -75.97246442   -76.04517940
 9909    3.3000  179.9900    4.0000   -76.04213242   -75.95661810   -76.04202190
 9910    3.3000  179.9900    4.5000   -76.04102286   -75.94690670   -76.04091192
 9911    3.3000  179.9900    5.0000   -76.04068913   -75.94295889   -76.04057526
 9912    3.3000  179.9900    6.0000   -76.04039423   -75.94068939   -76.04027732
 9913    3.3000  179.9900    7.0000   -76.04024048   -75.94024226   -76.04012313
 9914    3.3000  179.9900    8.0000   -76.04016843   -75.94012778   -76.04005118
 9915    3.3000  179.9900   10.0000   -76.04011853   -75.94007303   -76.04000145
 9916    3.3000  179.9900   12.0000   -76.04010696   -75.94006149   -76.03998993
 9917    3.3000  179.9900   14.0000   -76.04010329   -75.94005790   -76.03998628
 9918    3.3000  179.9900   16.0000   -76.04010194   -75.94005653   -76.03998494
    0    0.0000    0.0000    0.0000     0.00000000     0.00000000     0.00000000
 9919    3.6000    0.0100    1.2000   -75.89169622   -75.79273390   -75.89152503
 9920    3.6000    0.0100    1.3000   -75.98773461   -75.90129139   -75.98753240
 9921    3.6000    0.0100    1.4000   -76.04994235   -75.97645382   -76.04973810
 9922    3.6000    0.0100    1.5000   -76.08844007   -76.02826525   -76.08822927
 9923    3.6000    0.0100    1.6000   -76.11034568   -76.06365236   -76.11012268
 9924    3.6000    0.0100    1.7000   -76.12071163   -76.08739956   -76.12047293
 9925    3.6000    0.0100    1.7500   -76.12274959   -76.09598327   -76.12250172
 9926    3.6000    0.0100    1.8000   -76.12318712   -76.10280224   -76.12292830
 9927    3.6000    0.0100    1.8500   -76.12233147   -76.10810726   -76.12205801
 9928    3.6000    0.0100    1.9000   -76.12045086   -76.11211232   -76.12015533
 9929    3.6000    0.0100    2.0000   -76.11688118   -76.11447313   -76.11415400
 9930    3.6000    0.0100    2.1500   -76.11645149   -76.10186894   -76.10153398
 9931    3.6000    0.0100    2.3000   -76.10730333   -76.08604368   -76.08569561
 9932    3.6000    0.0100    2.4000   -76.09513578   -76.07240676   -76.07205173
 9933    3.6000    0.0100    2.6000   -76.04726766   -76.02657353   -76.02620744
 9934    3.6000    0.0100    2.8000   -75.93859042   -75.92264614   -75.92226697
 9935    3.6000    0.0100    3.0000   -40.00000000   -40.00000000   -40.00000000
 9936    3.6000    0.0100    3.3000   -40.00000000   -40.00000000   -40.00000000
 9937    3.6000    0.0100    3.6000   -40.00000000   -40.00000000   -40.00000000
 9938    3.6000    0.0100    4.5000   -76.00487114   -76.00240685   -76.00207183
 9939    3.6000    0.0100    5.0000   -76.09696694   -76.09542341   -76.09510086
 9940    3.6000    0.0100    6.0000   -76.03340923   -76.02819119   -76.03311550
 9941    3.6000    0.0100    7.0000   -76.01669770   -75.96530099   -76.01651236
 9942    3.6000    0.0100    8.0000   -76.02207710   -75.94060193   -76.02198483
 9943    3.6000    0.0100   10.0000   -76.02377708   -75.93271276   -76.02369873
 9944    3.6000    0.0100   12.0000   -76.02376177   -75.93231368   -76.02368415
 9945    3.6000    0.0100   14.0000   -76.02373976   -75.93227787   -76.02366226
 9946    3.6000    0.0100   16.0000   -76.02373286   -75.93227005   -76.02365539
    0    0.0000    0.0000    0.0000     0.00000000     0.00000000     0.00000000
 9947    3.6000   10.0000    1.2000   -75.89535307   -75.78919557   -75.89214525
 9948    3.6000   10.0000    1.3000   -75.99185027   -75.89741126   -75.98836124
 9949    3.6000   10.0000    1.4000   -76.05461573   -75.97219171   -76.05080834
 9950    3.6000   10.0000    1.5000   -76.09380783   -76.02354440   -76.08957995
 9951    3.6000   10.0000    1.6000   -76.11660597   -76.05836263   -76.11179702
 9952    3.6000   10.0000    1.7000   -76.12817254   -76.08136536   -76.12252069
 9953    3.6000   10.0000    1.7500   -76.13098286   -76.08947281   -76.12475816
 9954    3.6000   10.0000    1.8000   -76.13235448   -76.09571333   -76.12541124
 9955    3.6000   10.0000    1.8500   -76.13264358   -76.10030359   -76.12478943
 9956    3.6000   10.0000    1.9000   -76.13217387   -76.10341347   -76.12316234
 9957    3.6000   10.0000    2.0000   -76.13003505   -76.10569250   -76.11780291
 9958    3.6000   10.0000    2.1500   -76.12541190   -76.10120409   -76.10683268
 9959    3.6000   10.0000    2.3000   -76.11808787   -76.09174833   -76.09454340
 9960    3.6000   10.0000    2.4000   -76.11049930   -76.08378484   -76.08559797
 9961    3.6000   10.0000    2.6000   -76.08513384   -76.06099928   -76.06179356
 9962    3.6000   10.0000    2.8000   -76.03894275   -76.01962900   -76.01997904
 9963    3.6000   10.0000    3.0000   -75.96296955   -75.94831569   -75.94845379
 9964    3.6000   10.0000    3.3000   -40.00000000   -40.00000000   -40.00000000
 9965    3.6000   10.0000    3.6000   -40.00000000   -40.00000000   -40.00000000
 9966    3.6000   10.0000    4.0000   -75.91913980   -75.91428531   -75.91419175
 9967    3.6000   10.0000    4.5000   -76.07989112   -76.07645257   -76.07638946
 9968    3.6000   10.0000    5.0000   -76.09333209   -76.09099788   -76.09104338
 9969    3.6000   10.0000    6.0000   -76.02592951   -76.01766965   -76.02553719
 9970    3.6000   10.0000    7.0000   -76.01744619   -75.96107116   -76.01726614
 9971    3.6000   10.0000    8.0000   -76.02231982   -75.93949618   -76.02222816
 9972    3.6000   10.0000   10.0000   -76.02377944   -75.93266388   -76.02370140
 9973    3.6000   10.0000   12.0000   -76.02376014   -75.93231045   -76.02368261
 9974    3.6000   10.0000   14.0000   -76.02373928   -75.93227730   -76.02366179
 9975    3.6000   10.0000   16.0000   -76.02373272   -75.93226988   -76.02365525
    0    0.0000    0.0000    0.0000     0.00000000     0.00000000     0.00000000
 9976    3.6000   20.0000    1.2000   -75.90461111   -75.78000925   -75.89376058
 9977    3.6000   20.0000    1.3000   -76.00201899   -75.88751093   -75.99049149
 9978    3.6000   20.0000    1.4000   -76.06580331   -75.96159222   -76.05352531
 9979    3.6000   20.0000    1.5000   -76.10612468   -76.01223134   -76.09295611
 9980    3.6000   20.0000    1.6000   -76.13014232   -76.04637528   -76.11589898
 9981    3.6000   20.0000    1.7000   -76.14295742   -76.06884614   -76.12740329
 9982    3.6000   20.0000    1.7500   -76.14636186   -76.07679905   -76.13004636
 9983    3.6000   20.0000    1.8000   -76.14826893   -76.08300928   -76.13111231
 9984    3.6000   20.0000    1.8500   -76.14899174   -76.08774617   -76.13090882
 9985    3.6000   20.0000    1.9000   -76.14879975   -76.09124021   -76.12970257
 9986    3.6000   20.0000    2.0000   -76.14655084   -76.09525334   -76.12518136
 9987    3.6000   20.0000    2.1500   -76.14081888   -76.09601545   -76.11576020
 9988    3.6000   20.0000    2.3000   -76.13437855   -76.09354980   -76.10622445
 9989    3.6000   20.0000    2.4000   -76.13013906   -76.09143397   -76.10083282
 9990    3.6000   20.0000    2.6000   -76.12183683   -76.08779072   -76.09306416
 9991    3.6000   20.0000    2.8000   -76.11359981   -76.08504966   -76.08819547
 9992    3.6000   20.0000    3.0000   -76.10581001   -76.08265509   -76.08469893
 9993    3.6000   20.0000    3.3000   -76.09779492   -76.08108850   -76.08234623
 9994    3.6000   20.0000    3.6000   -76.09721278   -76.08484403   -76.08575554
 9995    3.6000   20.0000    4.0000   -76.10133149   -76.09256088   -76.09328790
 9996    3.6000   20.0000    4.5000   -76.09203409   -76.08595529   -76.08671577
 9997    3.6000   20.0000    5.0000   -76.06351939   -76.05910608   -76.06040916
 9998    3.6000   20.0000    6.0000   -76.01515884   -75.99266221   -76.01456261
 9999    3.6000   20.0000    7.0000   -76.01941186   -75.95156419   -76.01923780
10000    3.6000   20.0000    8.0000   -76.02286134   -75.93706839   -76.02276927
10001    3.6000   20.0000   10.0000   -76.02378291   -75.93255297   -76.02370549
10002    3.6000   20.0000   12.0000   -76.02375594   -75.93230251   -76.02367861
10003    3.6000   20.0000   14.0000   -76.02373803   -75.93227584   -76.02366057
10004    3.6000   20.0000   16.0000   -76.02373233   -75.93226944   -76.02365487
    0    0.0000    0.0000    0.0000     0.00000000     0.00000000     0.00000000
10005    3.6000   30.0000    1.2000   -75.91629271   -75.76777761   -75.89582121
10006    3.6000   30.0000    1.3000   -76.01454351   -75.87458881   -75.99324897
10007    3.6000   30.0000    1.4000   -76.07912157   -75.94790333   -76.05693298
10008    3.6000   30.0000    1.5000   -76.12020580   -75.99780636   -76.09700233
10009    3.6000   30.0000    1.6000   -76.14494111   -76.03133958   -76.12066704
10010    3.6000   30.0000    1.7000   -76.15831305   -76.05333078   -76.13286041
10011    3.6000   30.0000    1.7500   -76.16190145   -76.06111545   -76.13581652
10012    3.6000   30.0000    1.8000   -76.16390792   -76.06721754   -76.13716184
10013    3.6000   30.0000    1.8500   -76.16462790   -76.07191461   -76.13719262
10014    3.6000   30.0000    1.9000   -76.16431323   -76.07544234   -76.13616279
10015    3.6000   30.0000    2.0000   -76.16140562   -76.07975925   -76.13176458
10016    3.6000   30.0000    2.1500   -76.15367628   -76.08156167   -76.12177963
10017    3.6000   30.0000    2.3000   -76.14444900   -76.08031744   -76.11059642
10018    3.6000   30.0000    2.4000   -76.13833577   -76.07881926   -76.10357100
10019    3.6000   30.0000    2.6000   -76.12728649   -76.07593074   -76.09219235
10020    3.6000   30.0000    2.8000   -76.11817894   -76.07424024   -76.08497098
10021    3.6000   30.0000    3.0000   -76.11067442   -76.07358381   -76.08094263
10022    3.6000   30.0000    3.3000   -76.10095564   -76.07260747   -76.07730606
10023    3.6000   30.0000    3.6000   -76.09110132   -76.06936391   -76.07285790
10024    3.6000   30.0000    4.0000   -76.07511446   -76.05942708   -76.06235962
10025    3.6000   30.0000    4.5000   -76.04996602   -76.03873666   -76.04225675
10026    3.6000   30.0000    5.0000   -76.02545309   -76.01352903   -76.02178672
10027    3.6000   30.0000    6.0000   -76.01609637   -75.96672068   -76.01543440
10028    3.6000   30.0000    7.0000   -76.02151516   -75.94255116   -76.02134052
10029    3.6000   30.0000    8.0000   -76.02336279   -75.93483614   -76.02326792
10030    3.6000   30.0000   10.0000   -76.02378194   -75.93244382   -76.02370502
10031    3.6000   30.0000   12.0000   -76.02375065   -75.93229341   -76.02367355
10032    3.6000   30.0000   14.0000   -76.02373643   -75.93227399   -76.02365901
10033    3.6000   30.0000   16.0000   -76.02373181   -75.93226887   -76.02365436
    0    0.0000    0.0000    0.0000     0.00000000     0.00000000     0.00000000
10034    3.6000   45.0000    1.2000   -75.93338279   -75.74825727   -75.89866007
10035    3.6000   45.0000    1.3000   -76.03232082   -75.85383125   -75.99686948
10036    3.6000   45.0000    1.4000   -76.09754044   -75.92589532   -76.06136643
10037    3.6000   45.0000    1.5000   -76.13918555   -75.97455619   -76.10229284
10038    3.6000   45.0000    1.6000   -76.16429939   -76.00679963   -76.12668834
10039    3.6000   45.0000    1.7000   -76.17782737   -76.02750462   -76.13949596
10040    3.6000   45.0000    1.7500   -76.18138544   -76.03464699   -76.14269174
10041    3.6000   45.0000    1.8000   -76.18327530   -76.04010713   -76.14421678
10042    3.6000   45.0000    1.8500   -76.18378190   -76.04416269   -76.14435449
10043    3.6000   45.0000    1.9000   -76.18314598   -76.04705009   -76.14334642
10044    3.6000   45.0000    2.0000   -76.17920578   -76.05002983   -76.13868409
10045    3.6000   45.0000    2.1500   -76.16894437   -76.04977182   -76.12739541
10046    3.6000   45.0000    2.3000   -76.15587454   -76.04611904   -76.11339516
10047    3.6000   45.0000    2.4000   -76.14649648   -76.04266155   -76.10348686
10048    3.6000   45.0000    2.6000   -76.12756973   -76.03469820   -76.08383394
10049    3.6000   45.0000    2.8000   -76.10953430   -76.02650539   -76.06570830
10050    3.6000   45.0000    3.0000   -76.09297592   -76.01879726   -76.04991800
10051    3.6000   45.0000    3.3000   -76.07113616   -76.00855849   -76.03120747
10052    3.6000   45.0000    3.6000   -76.05274380   -75.99967129   -76.01843997
10053    3.6000   45.0000    4.0000   -76.03394768   -75.98913849   -76.00952547
10054    3.6000   45.0000    4.5000   -76.02151599   -75.97649159   -76.01031414
10055    3.6000   45.0000    5.0000   -76.01919040   -75.96287166   -76.01475627
10056    3.6000   45.0000    6.0000   -76.02177070   -75.94297743   -76.02095348
10057    3.6000   45.0000    7.0000   -76.02333362   -75.93526308   -76.02312249
10058    3.6000   45.0000    8.0000   -76.02373878   -75.93306225   -76.02363979
10059    3.6000   45.0000   10.0000   -76.02377150   -75.93234445   -76.02369515
10060    3.6000   45.0000   12.0000   -76.02374355   -75.93228277   -76.02366666
10061    3.6000   45.0000   14.0000   -76.02373419   -75.93227145   -76.02365685
10062    3.6000   45.0000   16.0000   -76.02373105   -75.93226807   -76.02365363
    0    0.0000    0.0000    0.0000     0.00000000     0.00000000     0.00000000
10063    3.6000   60.0000    1.2000   -75.94652554   -75.73296739   -75.90042264
10064    3.6000   60.0000    1.3000   -76.04570021   -75.83671282   -75.99912989
10065    3.6000   60.0000    1.4000   -76.11110865   -75.90709786   -76.06411532
10066    3.6000   60.0000    1.5000   -76.15287715   -75.95417194   -76.10550129
10067    3.6000   60.0000    1.6000   -76.17802981   -75.98488221   -76.13030753
10068    3.6000   60.0000    1.7000   -76.19149426   -76.00408123   -76.14345712
10069    3.6000   60.0000    1.7500   -76.19497644   -76.01047481   -76.14679230
10070    3.6000   60.0000    1.8000   -76.19675810   -76.01518620   -76.14843321
10071    3.6000   60.0000    1.8500   -76.19712193   -76.01849021   -76.14866205
10072    3.6000   60.0000    1.9000   -76.19630789   -76.02061887   -76.14771782
10073    3.6000   60.0000    2.0000   -76.19192564   -76.02210749   -76.14309013
10074    3.6000   60.0000    2.1500   -76.18069152   -76.01955368   -76.13151771
10075    3.6000   60.0000    2.3000   -76.16635654   -76.01363959   -76.11688632
10076    3.6000   60.0000    2.4000   -76.15599506   -76.00868306   -76.10635705
10077    3.6000   60.0000    2.6000   -76.13486557   -75.99773416   -76.08496478
10078    3.6000   60.0000    2.8000   -76.11455434   -75.98667360   -76.06448480
10079    3.6000   60.0000    3.0000   -76.09598892   -75.97638449   -76.04583727
10080    3.6000   60.0000    3.3000   -76.07236303   -75.96341697   -76.02221413
10081    3.6000   60.0000    3.6000   -76.05445058   -75.95492634   -76.00091683
10082    3.6000   60.0000    4.0000   -76.03853690   -75.94988219   -76.01109813
10083    3.6000   60.0000    4.5000   -76.02898635   -75.94533685   -76.01705142
10084    3.6000   60.0000    5.0000   -76.02549300   -75.94056754   -76.02035638
10085    3.6000   60.0000    6.0000   -76.02402780   -75.93493741   -76.02303244
10086    3.6000   60.0000    7.0000   -76.02387921   -75.93305693   -76.02364034
10087    3.6000   60.0000    8.0000   -76.02382384   -75.93251569   -76.02372248
10088    3.6000   60.0000   10.0000   -76.02375953   -75.93230546   -76.02368353
10089    3.6000   60.0000   12.0000   -76.02373886   -75.93227687   -76.02366213
10090    3.6000   60.0000   14.0000   -76.02373263   -75.93226977   -76.02365537
10091    3.6000   60.0000   16.0000   -76.02373048   -75.93226743   -76.02365308
    0    0.0000    0.0000    0.0000     0.00000000     0.00000000     0.00000000
10092    3.6000   70.0000    1.2000   -75.95239758   -75.73076014   -75.90100339
10093    3.6000   70.0000    1.3000   -76.05159949   -75.83241798   -75.99991522
10094    3.6000   70.0000    1.4000   -76.11701893   -75.90096093   -76.06509507
10095    3.6000   70.0000    1.5000   -76.15877788   -75.94643380   -76.10665972
10096    3.6000   70.0000    1.6000   -76.18389735   -75.97575283   -76.13162432
10097    3.6000   70.0000    1.7000   -76.19730277   -75.99373086   -76.14490854
10098    3.6000   70.0000    1.7500   -76.20074539   -75.99956689   -76.14830146
10099    3.6000   70.0000    1.8000   -76.20248077   -76.00375105   -76.14999352
10100    3.6000   70.0000    1.8500   -76.20279168   -76.00655525   -76.15026690
10101    3.6000   70.0000    1.9000   -76.20191774   -76.00820907   -76.14936063
10102    3.6000   70.0000    2.0000   -76.19739793   -76.00881243   -76.14478985
10103    3.6000   70.0000    2.1500   -76.18591581   -76.00506908   -76.13325829
10104    3.6000   70.0000    2.3000   -76.17129662   -75.99811628   -76.11861313
10105    3.6000   70.0000    2.4000   -76.16074164   -75.99257860   -76.10805692
10106    3.6000   70.0000    2.6000   -76.13924128   -75.98072163   -76.08661321
10107    3.6000   70.0000    2.8000   -76.11862051   -75.96910667   -76.06612185
10108    3.6000   70.0000    3.0000   -76.09985225   -75.95869109   -76.04755178
10109    3.6000   70.0000    3.3000   -76.07614233   -75.94645778   -76.02425234
10110    3.6000   70.0000    3.6000   -76.05811474   -75.93950085   -76.00655120
10111    3.6000   70.0000    4.0000   -76.04217931   -75.93752841   -76.01405876
10112    3.6000   70.0000    4.5000   -76.03175508   -75.93646727   -76.01911638
10113    3.6000   70.0000    5.0000   -76.02721483   -75.93507534   -76.02165527
10114    3.6000   70.0000    6.0000   -76.02450242   -75.93329373   -76.02342409
10115    3.6000   70.0000    7.0000   -76.02396912   -75.93262676   -76.02371973
10116    3.6000   70.0000    8.0000   -76.02382887   -75.93240539   -76.02372728
10117    3.6000   70.0000   10.0000   -76.02375402   -75.93229520   -76.02367827
10118    3.6000   70.0000   12.0000   -76.02373698   -75.93227479   -76.02366036
10119    3.6000   70.0000   14.0000   -76.02373197   -75.93226915   -76.02365476
10120    3.6000   70.0000   16.0000   -76.02373023   -75.93226718   -76.02365285
    0    0.0000    0.0000    0.0000     0.00000000     0.00000000     0.00000000
10121    3.6000   80.0000    1.2000   -75.95584125   -75.73692681   -75.90123840
10122    3.6000   80.0000    1.3000   -76.05502401   -75.83690322   -76.00028349
10123    3.6000   80.0000    1.4000   -76.12041787   -75.90363105   -76.06558752
10124    3.6000   80.0000    1.5000   -76.16214341   -75.94728149   -76.10726434
10125    3.6000   80.0000    1.6000   -76.18722019   -75.97486965   -76.13232715
10126    3.6000   80.0000    1.7000   -76.20057297   -75.99126969   -76.14569473
10127    3.6000   80.0000    1.7500   -76.20398558   -75.99638331   -76.14912376
10128    3.6000   80.0000    1.8000   -76.20568868   -75.99989074   -76.15084831
10129    3.6000   80.0000    1.8500   -76.20596517   -76.00206316   -76.15115068
10130    3.6000   80.0000    1.9000   -76.20505478   -76.00312880   -76.15027009
10131    3.6000   80.0000    2.0000   -76.20045658   -76.00267864   -76.14574158
10132    3.6000   80.0000    2.1500   -76.18884537   -75.99763257   -76.13425530
10133    3.6000   80.0000    2.3000   -76.17408746   -75.98965935   -76.11963957
10134    3.6000   80.0000    2.4000   -76.16343711   -75.98358046   -76.10908472
10135    3.6000   80.0000    2.6000   -76.14176807   -75.97099316   -76.08766515
10136    3.6000   80.0000    2.8000   -76.12100985   -75.95905467   -76.06723600
10137    3.6000   80.0000    3.0000   -76.10214213   -75.94875362   -76.04877586
10138    3.6000   80.0000    3.3000   -76.07833444   -75.93756118   -76.02577057
10139    3.6000   80.0000    3.6000   -76.06020624   -75.93230067   -76.00714309
10140    3.6000   80.0000    4.0000   -76.04396327   -75.93184568   -76.01523123
10141    3.6000   80.0000    4.5000   -76.03296970   -75.93264097   -76.01985833
10142    3.6000   80.0000    5.0000   -76.02790891   -75.93286174   -76.02209890
10143    3.6000   80.0000    6.0000   -76.02466400   -75.93268046   -76.02354295
10144    3.6000   80.0000    7.0000   -76.02399063   -75.93246867   -76.02373746
10145    3.6000   80.0000    8.0000   -76.02382468   -75.93236302   -76.02372374
10146    3.6000   80.0000   10.0000   -76.02375052   -75.93229039   -76.02367506
10147    3.6000   80.0000   12.0000   -76.02373579   -75.93227371   -76.02365932
10148    3.6000   80.0000   14.0000   -76.02373153   -75.93226893   -76.02365439
10149    3.6000   80.0000   16.0000   -76.02373006   -75.93226721   -76.02365270
    0    0.0000    0.0000    0.0000     0.00000000     0.00000000     0.00000000
10150    3.6000   90.0000    1.2000   -75.95688872   -75.74748596   -75.90126174
10151    3.6000   90.0000    1.3000   -76.05603550   -75.84685680   -76.00038931
10152    3.6000   90.0000    1.4000   -76.12139298   -75.91275377   -76.06576906
10153    3.6000   90.0000    1.5000   -76.16308125   -75.95536961   -76.10751335
10154    3.6000   90.0000    1.6000   -76.18811942   -75.98176931   -76.13263465
10155    3.6000   90.0000    1.7000   -76.20143205   -75.99689437   -76.14605163
10156    3.6000   90.0000    1.7500   -76.20482404   -76.00135950   -76.14950207
10157    3.6000   90.0000    1.8000   -76.20650616   -76.00422185   -76.15124598
10158    3.6000   90.0000    1.8500   -76.20676141   -76.00575966   -76.15156580
10159    3.6000   90.0000    1.9000   -76.20582967   -76.00620686   -76.15070091
10160    3.6000   90.0000    2.0000   -76.20118874   -76.00458564   -76.14619933
10161    3.6000   90.0000    2.1500   -76.18951414   -75.99798353   -76.13474542
10162    3.6000   90.0000    2.3000   -76.17469686   -75.98871831   -76.12015815
10163    3.6000   90.0000    2.4000   -76.16400473   -75.98191412   -76.10961286
10164    3.6000   90.0000    2.6000   -76.14227233   -75.96822887   -76.08823043
10165    3.6000   90.0000    2.8000   -76.12147410   -75.95558374   -76.06787848
10166    3.6000   90.0000    3.0000   -76.10258885   -75.94495536   -76.04954799
10167    3.6000   90.0000    3.3000   -76.07878636   -75.93396849   -76.02698208
10168    3.6000   90.0000    3.6000   -76.06067276   -75.92947054   -76.00484827
10169    3.6000   90.0000    4.0000   -76.04438894   -75.92972858   -76.01593087
10170    3.6000   90.0000    4.5000   -76.03326255   -75.93127055   -76.02016504
10171    3.6000   90.0000    5.0000   -76.02807070   -75.93208810   -76.02225688
10172    3.6000   90.0000    6.0000   -76.02469209   -75.93246908   -76.02357603
10173    3.6000   90.0000    7.0000   -76.02398800   -75.93241257   -76.02373829
10174    3.6000   90.0000    8.0000   -76.02381927   -75.93234674   -76.02371973
10175    3.6000   90.0000   10.0000   -76.02374844   -75.93228814   -76.02367325
10176    3.6000   90.0000   12.0000   -76.02373513   -75.93227308   -76.02365874
10177    3.6000   90.0000   14.0000   -76.02373131   -75.93226851   -76.02365418
10178    3.6000   90.0000   16.0000   -76.02372996   -75.93226714   -76.02365261
    0    0.0000    0.0000    0.0000     0.00000000     0.00000000     0.00000000
10179    3.6000  100.0000    1.2000   -75.95563436   -75.75959942   -75.90119056
10180    3.6000  100.0000    1.3000   -76.05474443   -75.85880417   -76.00036623
10181    3.6000  100.0000    1.4000   -76.12006857   -75.92441214   -76.06579048
10182    3.6000  100.0000    1.5000   -76.16172687   -75.96660365   -76.10757512
10183    3.6000  100.0000    1.6000   -76.18673830   -75.99244133   -76.13273304
10184    3.6000  100.0000    1.7000   -76.20002720   -76.00687628   -76.14618203
10185    3.6000  100.0000    1.7500   -76.20340840   -76.01095454   -76.14964713
10186    3.6000  100.0000    1.8000   -76.20508042   -76.01340669   -76.15140492
10187    3.6000  100.0000    1.8500   -76.20532630   -76.01451497   -76.15173799
10188    3.6000  100.0000    1.9000   -76.20438599   -76.01451772   -76.15088588
10189    3.6000  100.0000    2.0000   -76.19973080   -76.01198053   -76.14640919
10190    3.6000  100.0000    2.1500   -76.18804348   -76.00399830   -76.13499394
10191    3.6000  100.0000    2.3000   -76.17322392   -75.99341630   -76.12045029
10192    3.6000  100.0000    2.4000   -76.16253252   -75.98578621   -76.10993004
10193    3.6000  100.0000    2.6000   -76.14083218   -75.97065616   -76.08865398
10194    3.6000  100.0000    2.8000   -76.12009448   -75.95681825   -76.06846710
10195    3.6000  100.0000    3.0000   -76.10129982   -75.94522725   -76.05040994
10196    3.6000  100.0000    3.3000   -76.07768471   -75.93323844   -76.02872983
10197    3.6000  100.0000    3.6000   -76.05980354   -75.92852695   -76.01654039
10198    3.6000  100.0000    4.0000   -76.04382050   -75.92923322   -76.01702435
10199    3.6000  100.0000    4.5000   -76.03297309   -75.93102249   -76.02051400
10200    3.6000  100.0000    5.0000   -76.02793360   -75.93193905   -76.02239663
10201    3.6000  100.0000    6.0000   -76.02465791   -75.93241640   -76.02359702
10202    3.6000  100.0000    7.0000   -76.02397642   -75.93239440   -76.02373765
10203    3.6000  100.0000    8.0000   -76.02381446   -75.93234030   -76.02371704
10204    3.6000  100.0000   10.0000   -76.02374723   -75.93228695   -76.02367219
10205    3.6000  100.0000   12.0000   -76.02373473   -75.93227286   -76.02365840
10206    3.6000  100.0000   14.0000   -76.02373117   -75.93226847   -76.02365405
10207    3.6000  100.0000   16.0000   -76.02372991   -75.93226714   -76.02365256
    0    0.0000    0.0000    0.0000     0.00000000     0.00000000     0.00000000
10208    3.6000  105.0000    1.2000   -75.95418672   -75.76591915   -75.90114841
10209    3.6000  105.0000    1.3000   -76.05328100   -75.86508563   -76.00033953
10210    3.6000  105.0000    1.4000   -76.11859191   -75.93061616   -76.06577870
10211    3.6000  105.0000    1.5000   -76.16023966   -75.97268576   -76.10757772
10212    3.6000  105.0000    1.6000   -76.18524327   -75.99835378   -76.13274903
10213    3.6000  105.0000    1.7000   -76.19852703   -76.01257049   -76.14621172
10214    3.6000  105.0000    1.7500   -76.20190664   -76.01652191   -76.14968367
10215    3.6000  105.0000    1.8000   -76.20357772   -76.01883604   -76.15144896
10216    3.6000  105.0000    1.8500   -76.20382333   -76.01979585   -76.15178913
10217    3.6000  105.0000    1.9000   -76.20288342   -76.01964052   -76.15094436
10218    3.6000  105.0000    2.0000   -76.19823124   -76.01676268   -76.14648346
10219    3.6000  105.0000    2.1500   -76.18655465   -76.00822703   -76.13509623
10220    3.6000  105.0000    2.3000   -76.17175277   -75.99706750   -76.12058666
10221    3.6000  105.0000    2.4000   -76.16107628   -75.98904830   -76.11009013
10222    3.6000  105.0000    2.6000   -76.13942576   -75.97317626   -76.08890445
10223    3.6000  105.0000    2.8000   -76.11875694   -75.95864717   -76.06884817
10224    3.6000  105.0000    3.0000   -76.10005231   -75.94640667   -76.05099796
10225    3.6000  105.0000    3.3000   -76.07661028   -75.93351209   -76.02990028
10226    3.6000  105.0000    3.6000   -76.05893768   -75.92833439   -76.01837602
10227    3.6000  105.0000    4.0000   -76.04323734   -75.92930607   -76.01780367
10228    3.6000  105.0000    4.5000   -76.03266997   -75.93112574   -76.02076764
10229    3.6000  105.0000    5.0000   -76.02778903   -75.93198926   -76.02249579
10230    3.6000  105.0000    6.0000   -76.02462710   -75.93241805   -76.02361199
10231    3.6000  105.0000    7.0000   -76.02396908   -75.93239150   -76.02373846
10232    3.6000  105.0000    8.0000   -76.02381228   -75.93233855   -76.02371616
10233    3.6000  105.0000   10.0000   -76.02374685   -75.93228652   -76.02367180
10234    3.6000  105.0000   12.0000   -76.02373461   -75.93227280   -76.02365828
10235    3.6000  105.0000   14.0000   -76.02373112   -75.93226848   -76.02365401
10236    3.6000  105.0000   16.0000   -76.02372989   -75.93226711   -76.02365254
    0    0.0000    0.0000    0.0000     0.00000000     0.00000000     0.00000000
10237    3.6000  110.0000    1.2000   -75.95222094   -75.77234730   -75.90111232
10238    3.6000  110.0000    1.3000   -76.05130197   -75.87148272   -76.00031501
10239    3.6000  110.0000    1.4000   -76.11660256   -75.93695109   -76.06576603
10240    3.6000  110.0000    1.5000   -76.15824313   -75.97892367   -76.10757731
10241    3.6000  110.0000    1.6000   -76.18324277   -76.00445678   -76.13276147
10242    3.6000  110.0000    1.7000   -76.19652583   -76.01849939   -76.14623792
10243    3.6000  110.0000    1.7500   -76.19990630   -76.02234908   -76.14971719
10244    3.6000  110.0000    1.8000   -76.20157906   -76.02455197   -76.15148961
10245    3.6000  110.0000    1.8500   -76.20182717   -76.02539131   -76.15183790
10246    3.6000  110.0000    1.9000   -76.20089061   -76.02510674   -76.15100238
10247    3.6000  110.0000    2.0000   -76.19624781   -76.02194660   -76.14656086
10248    3.6000  110.0000    2.1500   -76.18459255   -76.01293936   -76.13520933
10249    3.6000  110.0000    2.3000   -76.16981987   -76.00126772   -76.12074366
10250    3.6000  110.0000    2.4000   -76.15916855   -75.99289612   -76.11028243
10251    3.6000  110.0000    2.6000   -76.13758840   -75.97631605   -76.08921031
10252    3.6000  110.0000    2.8000   -76.11701365   -75.96109004   -76.06931659
10253    3.6000  110.0000    3.0000   -76.09842921   -75.94815240   -76.05171389
10254    3.6000  110.0000    3.3000   -76.07521534   -75.93415794   -76.03123560
10255    3.6000  110.0000    3.6000   -76.05781511   -75.92820927   -76.02022255
10256    3.6000  110.0000    4.0000   -76.04248524   -75.92953704   -76.01871817
10257    3.6000  110.0000    4.5000   -76.03227891   -75.93133493   -76.02108504
10258    3.6000  110.0000    5.0000   -76.02760553   -75.93208973   -76.02262093
10259    3.6000  110.0000    6.0000   -76.02458999   -75.93243052   -76.02363165
10260    3.6000  110.0000    7.0000   -76.02396049   -75.93239187   -76.02374026
10261    3.6000  110.0000    8.0000   -76.02381022   -75.93233726   -76.02371552
10262    3.6000  110.0000   10.0000   -76.02374657   -75.93228613   -76.02367146
10263    3.6000  110.0000   12.0000   -76.02373454   -75.93227271   -76.02365818
10264    3.6000  110.0000   14.0000   -76.02373109   -75.93226850   -76.02365398
10265    3.6000  110.0000   16.0000   -76.02372988   -75.93226707   -76.02365253
    0    0.0000    0.0000    0.0000     0.00000000     0.00000000     0.00000000
10266    3.6000  120.0000    1.2000   -75.94684177   -75.78542172   -75.90107591
10267    3.6000  120.0000    1.3000   -76.04590525   -75.88449558   -76.00029434
10268    3.6000  120.0000    1.4000   -76.11119490   -75.94985618   -76.06576392
10269    3.6000  120.0000    1.5000   -76.15283162   -75.99167022   -76.10759698
10270    3.6000  120.0000    1.6000   -76.17783488   -76.01698829   -76.13280678
10271    3.6000  120.0000    1.7000   -76.19112917   -76.03075784   -76.14631343
10272    3.6000  120.0000    1.7500   -76.19451818   -76.03444899   -76.14980976
10273    3.6000  120.0000    1.8000   -76.19620148   -76.03647879   -76.15160073
10274    3.6000  120.0000    1.8500   -76.19646219   -76.03713074   -76.15196922
10275    3.6000  120.0000    1.9000   -76.19554035   -76.03664482   -76.15115514
10276    3.6000  120.0000    2.0000   -76.19093358   -76.03304217   -76.14676465
10277    3.6000  120.0000    2.1500   -76.17934982   -76.02328292   -76.13550782
10278    3.6000  120.0000    2.3000   -76.16466676   -76.01076599   -76.12115727
10279    3.6000  120.0000    2.4000   -76.15409477   -76.00180787   -76.11080220
10280    3.6000  120.0000    2.6000   -76.13271341   -75.98399102   -76.09001340
10281    3.6000  120.0000    2.8000   -76.11239927   -75.96748582   -76.07051854
10282    3.6000  120.0000    3.0000   -76.09414401   -75.95320928   -76.05348311
10283    3.6000  120.0000    3.3000   -76.07155222   -75.93689893   -76.03419118
10284    3.6000  120.0000    3.6000   -76.05488801   -75.92799576   -76.02381847
10285    3.6000  120.0000    4.0000   -76.04055214   -75.93051223   -76.02079104
10286    3.6000  120.0000    4.5000   -76.03129152   -75.93199809   -76.02188312
10287    3.6000  120.0000    5.0000   -76.02714985   -75.93239943   -76.02294537
10288    3.6000  120.0000    6.0000   -76.02450264   -75.93247621   -76.02368538
10289    3.6000  120.0000    7.0000   -76.02394334   -75.93239472   -76.02374673
10290    3.6000  120.0000    8.0000   -76.02380635   -75.93233546   -76.02371483
10291    3.6000  120.0000   10.0000   -76.02374620   -75.93228539   -76.02367084
10292    3.6000  120.0000   12.0000   -76.02373449   -75.93227241   -76.02365799
10293    3.6000  120.0000   14.0000   -76.02373106   -75.93226850   -76.02365392
10294    3.6000  120.0000   16.0000   -76.02372988   -75.93226699   -76.02365252
    0    0.0000    0.0000    0.0000     0.00000000     0.00000000     0.00000000
10295    3.6000  130.0000    1.2000   -75.93975205   -75.79864710   -75.90109577
10296    3.6000  130.0000    1.3000   -76.03881136   -75.89765174   -76.00032533
10297    3.6000  130.0000    1.4000   -76.10410416   -75.96291017   -76.06581115
10298    3.6000  130.0000    1.5000   -76.14575171   -76.00458498   -76.10766595
10299    3.6000  130.0000    1.6000   -76.17077378   -76.02972658   -76.13290360
10300    3.6000  130.0000    1.7000   -76.18409516   -76.04327966   -76.14644496
10301    3.6000  130.0000    1.7500   -76.18750100   -76.04684755   -76.14996156
10302    3.6000  130.0000    1.8000   -76.18920344   -76.04874409   -76.15177494
10303    3.6000  130.0000    1.8500   -76.18948571   -76.04925293   -76.15216816
10304    3.6000  130.0000    1.9000   -76.18858795   -76.04861423   -76.15138137
10305    3.6000  130.0000    2.0000   -76.18403732   -76.04467787   -76.14705330
10306    3.6000  130.0000    2.1500   -76.17255870   -76.03435224   -76.13591558
10307    3.6000  130.0000    2.3000   -76.15800104   -76.02118908   -76.12170453
10308    3.6000  130.0000    2.4000   -76.14754245   -76.01179369   -76.11148863
10309    3.6000  130.0000    2.6000   -76.12642997   -75.99301073   -76.09102765
10310    3.6000  130.0000    2.8000   -76.10646569   -75.97549581   -76.07197464
10311    3.6000  130.0000    3.0000   -76.08865200   -75.96017586   -76.05551247
10312    3.6000  130.0000    3.3000   -76.06689783   -75.94227338   -76.03718511
10313    3.6000  130.0000    3.6000   -76.05132233   -75.93182283   -76.02710926
10314    3.6000  130.0000    4.0000   -76.03818865   -75.93240202   -76.02293071
10315    3.6000  130.0000    4.5000   -76.03011855   -75.93292742   -76.02281189
10316    3.6000  130.0000    5.0000   -76.02662108   -75.93280300   -76.02334041
10317    3.6000  130.0000    6.0000   -76.02440593   -75.93253771   -76.02375415
10318    3.6000  130.0000    7.0000   -76.02392576   -75.93240056   -76.02375621
10319    3.6000  130.0000    8.0000   -76.02380290   -75.93233416   -76.02371477
10320    3.6000  130.0000   10.0000   -76.02374599   -75.93228465   -76.02367024
10321    3.6000  130.0000   12.0000   -76.02373450   -75.93227213   -76.02365780
10322    3.6000  130.0000   14.0000   -76.02373109   -75.93226835   -76.02365388
10323    3.6000  130.0000   16.0000   -76.02372989   -75.93226693   -76.02365251
    0    0.0000    0.0000    0.0000     0.00000000     0.00000000     0.00000000
10324    3.6000  140.0000    1.2000   -75.93129679   -75.81181732   -75.90116187
10325    3.6000  140.0000    1.3000   -76.03036713   -75.91074537   -76.00040152
10326    3.6000  140.0000    1.4000   -76.09567916   -75.97590309   -76.06590387
10327    3.6000  140.0000    1.5000   -76.13735384   -76.01745077   -76.10778159
10328    3.6000  140.0000    1.6000   -76.16241071   -76.04243706   -76.13304875
10329    3.6000  140.0000    1.7000   -76.17577499   -76.05580678   -76.14662702
10330    3.6000  140.0000    1.7500   -76.17920561   -76.05927254   -76.15016523
10331    3.6000  140.0000    1.8000   -76.18093525   -76.06106016   -76.15200258
10332    3.6000  140.0000    1.8500   -76.18124731   -76.06145344   -76.15242237
10333    3.6000  140.0000    1.9000   -76.18038211   -76.06069272   -76.15166492
10334    3.6000  140.0000    2.0000   -76.17590537   -76.05649373   -76.14740468
10335    3.6000  140.0000    2.1500   -76.16456122   -76.04573006   -76.13639405
10336    3.6000  140.0000    2.3000   -76.15015962   -76.03207949   -76.12232879
10337    3.6000  140.0000    2.4000   -76.13984072   -76.02235612   -76.11226034
10338    3.6000  140.0000    2.6000   -76.11905621   -76.00284754   -76.09212644
10339    3.6000  140.0000    2.8000   -76.09952031   -75.98459564   -76.07349238
10340    3.6000  140.0000    3.0000   -76.08225028   -75.96855589   -76.05752965
10341    3.6000  140.0000    3.3000   -76.06153570   -75.94978785   -76.03990626
10342    3.6000  140.0000    3.6000   -76.04717246   -75.93894472   -76.02994150
10343    3.6000  140.0000    4.0000   -76.03560288   -75.93525874   -76.02490076
10344    3.6000  140.0000    4.5000   -76.02887936   -75.93404059   -76.02375055
10345    3.6000  140.0000    5.0000   -76.02607497   -75.93324886   -76.02375734
10346    3.6000  140.0000    6.0000   -76.02430915   -75.93260517   -76.02382953
10347    3.6000  140.0000    7.0000   -76.02390914   -75.93240784   -76.02376735
10348    3.6000  140.0000    8.0000   -76.02379998   -75.93233321   -76.02371516
10349    3.6000  140.0000   10.0000   -76.02374583   -75.93228393   -76.02366963
10350    3.6000  140.0000   12.0000   -76.02373453   -75.93227187   -76.02365760
10351    3.6000  140.0000   14.0000   -76.02373111   -75.93226823   -76.02365383
10352    3.6000  140.0000   16.0000   -76.02372990   -75.93226687   -76.02365250
    0    0.0000    0.0000    0.0000     0.00000000     0.00000000     0.00000000
10353    3.6000  150.0000    1.2000   -75.92197936   -75.82459137   -75.90125282
10354    3.6000  150.0000    1.3000   -76.02107872   -75.92343458   -76.00050201
10355    3.6000  150.0000    1.4000   -76.08642976   -75.98848994   -76.06602107
10356    3.6000  150.0000    1.5000   -76.12815149   -76.02991567   -76.10792150
10357    3.6000  150.0000    1.6000   -76.15326239   -76.05475911   -76.13321694
10358    3.6000  150.0000    1.7000   -76.16668788   -76.06796543   -76.14682980
10359    3.6000  150.0000    1.7500   -76.17015215   -76.07134219   -76.15038815
10360    3.6000  150.0000    1.8000   -76.17191777   -76.07303623   -76.15224783
10361    3.6000  150.0000    1.8500   -76.17226832   -76.07333151   -76.15269233
10362    3.6000  150.0000    1.9000   -76.17144430   -76.07246862   -76.15196218
10363    3.6000  150.0000    2.0000   -76.16705889   -76.06805361   -76.14776505
10364    3.6000  150.0000    2.1500   -76.15587677   -76.05694001   -76.13687214
10365    3.6000  150.0000    2.3000   -76.14165957   -76.04292019   -76.12294492
10366    3.6000  150.0000    2.4000   -76.13149813   -76.03293584   -76.11300562
10367    3.6000  150.0000    2.6000   -76.11109010   -76.01287141   -76.09315733
10368    3.6000  150.0000    2.8000   -76.09204521   -75.99406041   -76.07487312
10369    3.6000  150.0000    3.0000   -76.07540407   -75.97747432   -76.05929968
10370    3.6000  150.0000    3.3000   -76.05589792   -75.95792006   -76.04215600
10371    3.6000  150.0000    3.6000   -76.04292198   -75.94580416   -76.03221454
10372    3.6000  150.0000    4.0000   -76.03306104   -75.93854460   -76.02654740
10373    3.6000  150.0000    4.5000   -76.02770693   -75.93520013   -76.02458976
10374    3.6000  150.0000    5.0000   -76.02556929   -75.93368723   -76.02414379
10375    3.6000  150.0000    6.0000   -76.02422169   -75.93266995   -76.02390166
10376    3.6000  150.0000    7.0000   -76.02389483   -75.93241540   -76.02377857
10377    3.6000  150.0000    8.0000   -76.02379771   -75.93233252   -76.02371581
10378    3.6000  150.0000   10.0000   -76.02374571   -75.93228319   -76.02366901
10379    3.6000  150.0000   12.0000   -76.02373456   -75.93227166   -76.02365741
10380    3.6000  150.0000   14.0000   -76.02373114   -75.93226815   -76.02365379
10381    3.6000  150.0000   16.0000   -76.02372991   -75.93226681   -76.02365249
    0    0.0000    0.0000    0.0000     0.00000000     0.00000000     0.00000000
10382    3.6000  160.0000    1.2000   -75.91263834   -75.83628567   -75.90134237
10383    3.6000  160.0000    1.3000   -76.01178752   -75.93503143   -76.00059811
10384    3.6000  160.0000    1.4000   -76.07720216   -75.99997518   -76.06613197
10385    3.6000  160.0000    1.5000   -76.11899862   -76.04127792   -76.10805483
10386    3.6000  160.0000    1.6000   -76.14418903   -76.06598369   -76.13337519
10387    3.6000  160.0000    1.7000   -76.15769783   -76.07903661   -76.14701534
10388    3.6000  160.0000    1.7500   -76.16120593   -76.08233159   -76.15058922
10389    3.6000  160.0000    1.8000   -76.16301725   -76.08394079   -76.15246612
10390    3.6000  160.0000    1.8500   -76.16341570   -76.08414846   -76.15292984
10391    3.6000  160.0000    1.9000   -76.16264204   -76.08319536   -76.15222111
10392    3.6000  160.0000    2.0000   -76.15836554   -76.07859290   -76.14807392
10393    3.6000  160.0000    2.1500   -76.14737079   -76.06718368   -76.13727567
10394    3.6000  160.0000    2.3000   -76.13336008   -76.05287174   -76.12346071
10395    3.6000  160.0000    2.4000   -76.12336774   -76.04266755   -76.11361875
10396    3.6000  160.0000    2.6000   -76.10336517   -76.02214503   -76.09398663
10397    3.6000  160.0000    2.8000   -76.08484571   -76.00285707   -76.07595976
10398    3.6000  160.0000    3.0000   -76.06887737   -75.98576296   -76.06065829
10399    3.6000  160.0000    3.3000   -76.05065372   -75.96527343   -76.04381981
10400    3.6000  160.0000    3.6000   -76.03910017   -75.95163170   -76.03386852
10401    3.6000  160.0000    4.0000   -76.03088036   -75.94152459   -76.02777622
10402    3.6000  160.0000    4.5000   -76.02673882   -75.93622740   -76.02524517
10403    3.6000  160.0000    5.0000   -76.02515969   -75.93405837   -76.02445490
10404    3.6000  160.0000    6.0000   -76.02415157   -75.93272494   -76.02396124
10405    3.6000  160.0000    7.0000   -76.02388391   -75.93242202   -76.02378820
10406    3.6000  160.0000    8.0000   -76.02379613   -75.93233205   -76.02371651
10407    3.6000  160.0000   10.0000   -76.02374560   -75.93228255   -76.02366846
10408    3.6000  160.0000   12.0000   -76.02373458   -75.93227147   -76.02365725
10409    3.6000  160.0000   14.0000   -76.02373116   -75.93226805   -76.02365375
10410    3.6000  160.0000   16.0000   -76.02372992   -75.93226678   -76.02365248
    0    0.0000    0.0000    0.0000     0.00000000     0.00000000     0.00000000
10411    3.6000  170.0000    1.2000   -75.90490092   -75.84539864   -75.90140796
10412    3.6000  170.0000    1.3000   -76.00411808   -75.94404368   -76.00066655
10413    3.6000  170.0000    1.4000   -76.06961338   -76.00887138   -76.06620728
10414    3.6000  170.0000    1.5000   -76.11150049   -76.05004550   -76.10814136
10415    3.6000  170.0000    1.6000   -76.13679447   -76.07461789   -76.13348337
10416    3.6000  170.0000    1.7000   -76.15041216   -76.08753671   -76.14715476
10417    3.6000  170.0000    1.7500   -76.15396372   -76.09075909   -76.15073201
10418    3.6000  170.0000    1.8000   -76.15581964   -76.09229389   -76.15261335
10419    3.6000  170.0000    1.8500   -76.15626830   -76.09242585   -76.15308697
10420    3.6000  170.0000    1.9000   -76.15554864   -76.09139585   -76.15239162
10421    3.6000  170.0000    2.0000   -76.15138746   -76.08663622   -76.14827739
10422    3.6000  170.0000    2.1500   -76.14058281   -76.07498351   -76.13754092
10423    3.6000  170.0000    2.3000   -76.12677269   -76.06044624   -76.12380063
10424    3.6000  170.0000    2.4000   -76.11693853   -76.05006011   -76.11401923
10425    3.6000  170.0000    2.6000   -76.09730802   -76.02916687   -76.09452009
10426    3.6000  170.0000    2.8000   -76.07926087   -76.00947398   -76.07664836
10427    3.6000  170.0000    3.0000   -76.06388821   -75.99191518   -76.06150639
10428    3.6000  170.0000    3.3000   -76.04676746   -75.97052718   -76.04483697
10429    3.6000  170.0000    3.6000   -76.03637130   -75.95561791   -76.03487106
10430    3.6000  170.0000    4.0000   -76.02939197   -75.94358443   -76.02853225
10431    3.6000  170.0000    4.5000   -76.02609834   -75.93693617   -76.02566052
10432    3.6000  170.0000    5.0000   -76.02489238   -75.93430883   -76.02465587
10433    3.6000  170.0000    6.0000   -76.02410695   -75.93276093   -76.02400048
10434    3.6000  170.0000    7.0000   -76.02387712   -75.93242657   -76.02379472
10435    3.6000  170.0000    8.0000   -76.02379522   -75.93233177   -76.02371703
10436    3.6000  170.0000   10.0000   -76.02374552   -75.93228210   -76.02366808
10437    3.6000  170.0000   12.0000   -76.02373460   -75.93227134   -76.02365714
10438    3.6000  170.0000   14.0000   -76.02373117   -75.93226801   -76.02365373
10439    3.6000  170.0000   16.0000   -76.02372993   -75.93226682   -76.02365248
    0    0.0000    0.0000    0.0000     0.00000000     0.00000000     0.00000000
10440    3.6000  179.9900    1.2000   -75.90167978   -75.84911022   -75.90145898
10441    3.6000  179.9900    1.3000   -76.00093454   -75.94770148   -76.00071461
10442    3.6000  179.9900    1.4000   -76.06647388   -76.01246842   -76.06625352
10443    3.6000  179.9900    1.5000   -76.10840857   -76.05357663   -76.10818663
10444    3.6000  179.9900    1.6000   -76.13375218   -76.07807892   -76.13352829
10445    3.6000  179.9900    1.7000   -76.14742817   -76.09092278   -76.14720131
10446    3.6000  179.9900    1.7500   -76.15102347   -76.09411349   -76.15079596
10447    3.6000  179.9900    1.8000   -76.15292316   -76.09561890   -76.15269744
10448    3.6000  179.9900    1.8500   -76.15340626   -76.09572032   -76.15318918
10449    3.6000  179.9900    1.9000   -76.15271792   -76.09465412   -76.15250295
10450    3.6000  179.9900    2.0000   -76.14855345   -76.08981552   -76.14834550
10451    3.6000  179.9900    2.1500   -76.13784442   -76.07805277   -76.13763191
10452    3.6000  179.9900    2.3000   -76.12413040   -76.06341909   -76.12391899
10453    3.6000  179.9900    2.4000   -76.11437014   -76.05295026   -76.11415811
10454    3.6000  179.9900    2.6000   -76.09490945   -76.03189471   -76.09470343
10455    3.6000  179.9900    2.8000   -76.07707296   -76.01202074   -76.07688377
10456    3.6000  179.9900    3.0000   -76.06195872   -75.99425383   -76.06179439
10457    3.6000  179.9900    3.3000   -76.04530192   -75.97246442   -76.04517940
10458    3.6000  179.9900    3.6000   -76.03536889   -75.95704395   -76.03520801
10459    3.6000  179.9900    4.0000   -76.02891074   -75.94451222   -76.02878761
10460    3.6000  179.9900    4.5000   -76.02587444   -75.93718830   -76.02580264
10461    3.6000  179.9900    5.0000   -76.02479986   -75.93439662   -76.02472529
10462    3.6000  179.9900    6.0000   -76.02409160   -75.93277359   -76.02401420
10463    3.6000  179.9900    7.0000   -76.02387484   -75.93242821   -76.02379703
10464    3.6000  179.9900    8.0000   -76.02379493   -75.93233164   -76.02371723
10465    3.6000  179.9900   10.0000   -76.02374548   -75.93228195   -76.02366796
10466    3.6000  179.9900   12.0000   -76.02373459   -75.93227130   -76.02365711
10467    3.6000  179.9900   14.0000   -76.02373118   -75.93226811   -76.02365372
10468    3.6000  179.9900   16.0000   -76.02372993   -75.93226678   -76.02365247
    0    0.0000    0.0000    0.0000     0.00000000     0.00000000     0.00000000
