a
   RHCl/A    RHpO/A   RHO/A      MRCI+Q/rotated     DW-CAS
   0.85000   0.65000  50.00000   -535.49286818   -535.08318975
   0.90000   0.65000  50.00000   -535.57670980   -535.15505780
   0.95000   0.65000  50.00000   -535.63937868   -535.22597676
   1.00000   0.65000  50.00000   -535.68281958   -535.26137851
   1.05000   0.65000  50.00000   -535.71500464   -535.29479875
   1.10000   0.65000  50.00000   -535.73683383   -535.31711914
   1.15000   0.65000  50.00000   -535.75100139   -535.33176448
   1.20000   0.65000  50.00000   -535.75926917   -535.34051830
   1.25000   0.65000  50.00000   -535.76296967   -535.34475459
   1.27413   0.65000  50.00000   -535.76343561   -535.34550759
   1.30000   0.65000  50.00000   -535.76314593   -535.34553749
   1.35000   0.65000  50.00000   -535.76067780   -535.34369453
   1.40000   0.65000  50.00000   -535.75626809   -535.33986176
   1.45000   0.65000  50.00000   -535.75044341   -535.33451583
   1.50000   0.65000  50.00000   -535.74361442   -535.33168770
   1.60000   0.65000  50.00000   -535.72624998   -535.31182494
   1.70000   0.65000  50.00000   -535.70969746   -535.29606331
   1.80000   0.65000  50.00000   -535.69330138   -535.28085599
   0.85000   0.70000  50.00000   -535.57784571   -535.15546251
   0.90000   0.70000  50.00000   -535.66214663   -535.24722532
   0.95000   0.70000  50.00000   -535.72307246   -535.30171100
   1.00000   0.70000  50.00000   -535.76786926   -535.34700702
   1.05000   0.70000  50.00000   -535.79967886   -535.37931678
   1.10000   0.70000  50.00000   -535.82150656   -535.40163692
   1.15000   0.70000  50.00000   -535.83567751   -535.41628304
   1.20000   0.70000  50.00000   -535.84394567   -535.42503685
   1.25000   0.70000  50.00000   -535.84764659   -535.42927312
   1.27413   0.70000  50.00000   -535.84811275   -535.43002612
   1.30000   0.70000  50.00000   -535.84782324   -535.43005600
   1.35000   0.70000  50.00000   -535.84535531   -535.42821305
   1.40000   0.70000  50.00000   -535.84094569   -535.42438046
   1.45000   0.70000  50.00000   -535.83512120   -535.41903508
   1.50000   0.70000  50.00000   -535.82850512   -535.41242629
   1.60000   0.70000  50.00000   -535.81134001   -535.39634256
   1.70000   0.70000  50.00000   -535.79478293   -535.38058016
   1.80000   0.70000  50.00000   -535.77838035   -535.36537205
   0.85000   0.75000  50.00000   -535.63471622   -535.21217793
   0.90000   0.75000  50.00000   -535.71825575   -535.29629183
   0.95000   0.75000  50.00000   -535.77999911   -535.37104972
   1.00000   0.75000  50.00000   -535.82474097   -535.40372286
   1.05000   0.75000  50.00000   -535.85759532   -535.44112100
   1.10000   0.75000  50.00000   -535.87838108   -535.45835314
   1.15000   0.75000  50.00000   -535.89254909   -535.47299847
   1.20000   0.75000  50.00000   -535.90081758   -535.48175227
   1.25000   0.75000  50.00000   -535.90451893   -535.48598853
   1.27413   0.75000  50.00000   -535.90498533   -535.48674151
   1.30000   0.75000  50.00000   -535.90469599   -535.48677138
   1.35000   0.75000  50.00000   -535.90222827   -535.48492845
   1.40000   0.75000  50.00000   -535.89781876   -535.48109605
   1.45000   0.75000  50.00000   -535.89199449   -535.47575121
   1.50000   0.75000  50.00000   -535.88516865   -535.46927089
   1.60000   0.75000  50.00000   -535.86851306   -535.45305744
   1.70000   0.75000  50.00000   -535.85195370   -535.43729410
   1.80000   0.75000  50.00000   -535.83554776   -535.42208509
   0.85000   0.80000  50.00000   -535.67162219   -535.24926942
   0.90000   0.80000  50.00000   -535.75527451   -535.33311714
   0.95000   0.80000  50.00000   -535.81757446   -535.39951535
   1.00000   0.80000  50.00000   -535.86173357   -535.44057955
   1.05000   0.80000  50.00000   -535.89354404   -535.47288943
   1.10000   0.80000  50.00000   -535.91537400   -535.49520981
   1.15000   0.80000  50.00000   -535.92954258   -535.50985513
   1.20000   0.80000  50.00000   -535.93781114   -535.51860894
   1.25000   0.80000  50.00000   -535.94151293   -535.52284518
   1.27413   0.80000  50.00000   -535.94197956   -535.52359815
   1.30000   0.80000  50.00000   -535.94169040   -535.52362802
   1.35000   0.80000  50.00000   -535.93922291   -535.52178511
   1.40000   0.80000  50.00000   -535.93481352   -535.51795290
   1.45000   0.80000  50.00000   -535.92898947   -535.51260864
   1.50000   0.80000  50.00000   -535.92237383   -535.50600694
   1.60000   0.80000  50.00000   -535.90573575   -535.48991437
   1.70000   0.80000  50.00000   -535.88917533   -535.47415005
   1.80000   0.80000  50.00000   -535.87276916   -535.45894012
   0.85000   0.85000  50.00000   -535.69443684   -535.27166478
   0.90000   0.85000  50.00000   -535.77800402   -535.35574734
   0.95000   0.85000  50.00000   -535.83966595   -535.41791327
   1.00000   0.85000  50.00000   -535.88510933   -535.46526779
   1.05000   0.85000  50.00000   -535.91627430   -535.49551965
   1.10000   0.85000  50.00000   -535.93810367   -535.51784003
   1.15000   0.85000  50.00000   -535.95227320   -535.53248534
   1.20000   0.85000  50.00000   -535.96054264   -535.54123913
   1.25000   0.85000  50.00000   -535.96424428   -535.54547537
   1.27413   0.85000  50.00000   -535.96471116   -535.54622834
   1.30000   0.85000  50.00000   -535.96442218   -535.54625819
   1.35000   0.85000  50.00000   -535.96195493   -535.54441531
   1.40000   0.85000  50.00000   -535.95754667   -535.54058331
   1.45000   0.85000  50.00000   -535.95172183   -535.53523967
   1.50000   0.85000  50.00000   -535.94490891   -535.52876100
   1.60000   0.85000  50.00000   -535.92956589   -535.51353152
   1.70000   0.85000  50.00000   -535.91208872   -535.49678047
   1.80000   0.85000  50.00000   -535.89568023   -535.48156963
   0.85000   0.90000  50.00000   -535.70692546   -535.28410858
   0.90000   0.90000  50.00000   -535.79049257   -535.36819108
   0.95000   0.90000  50.00000   -535.85215419   -535.43035706
   1.00000   0.90000  50.00000   -535.89695181   -535.47565359
   1.05000   0.90000  50.00000   -535.92876270   -535.50796347
   1.10000   0.90000  50.00000   -535.95059310   -535.53028385
   1.15000   0.90000  50.00000   -535.96532358   -535.55676392
   1.20000   0.90000  50.00000   -535.97303214   -535.55368293
   1.25000   0.90000  50.00000   -535.97673324   -535.55791916
   1.27413   0.90000  50.00000   -535.97720147   -535.55867211
   1.30000   0.90000  50.00000   -535.97691224   -535.55870197
   1.35000   0.90000  50.00000   -535.97444565   -535.55685912
   1.40000   0.90000  50.00000   -535.97003739   -535.55302738
   1.45000   0.90000  50.00000   -535.96421284   -535.54768442
   1.50000   0.90000  50.00000   -535.95741140   -535.54120668
   1.60000   0.90000  50.00000   -535.94205819   -535.52598335
   1.70000   0.90000  50.00000   -535.92472734   -535.50922542
   1.80000   0.90000  50.00000   -535.90831861   -535.49401366
   0.85000   0.95000  50.00000   -535.71198673   -535.28952393
   0.90000   0.95000  50.00000   -535.79561295   -535.37340304
   0.95000   0.95000  50.00000   -535.85730242   -535.43553748
   1.00000   0.95000  50.00000   -535.90248679   -535.49494647
   1.05000   0.95000  50.00000   -535.93391152   -535.51314392
   1.10000   0.95000  50.00000   -535.95633682   -535.54845005
   1.15000   0.95000  50.00000   -535.96991147   -535.55010959
   1.20000   0.95000  50.00000   -535.97818168   -535.55886336
   1.25000   0.95000  50.00000   -535.98188320   -535.56309958
   1.27413   0.95000  50.00000   -535.98235083   -535.56385254
   1.30000   0.95000  50.00000   -535.98206271   -535.56388239
   1.35000   0.95000  50.00000   -535.97973376   -535.56202668
   1.40000   0.95000  50.00000   -535.97518828   -535.55820811
   1.45000   0.95000  50.00000   -535.96936389   -535.55286588
   1.50000   0.95000  50.00000   -535.96257747   -535.54638919
   1.60000   0.95000  50.00000   -535.94704425   -535.53145934
   1.70000   0.95000  50.00000   -535.93000172   -535.51440787
   1.80000   0.95000  50.00000   -535.91359319   -535.49919523
   0.85000   0.97131  50.00000   -535.71254840   -535.30496042
   0.90000   0.97131  50.00000   -535.79625009   -535.38907237
   0.95000   0.97131  50.00000   -535.85780542   -535.43608292
   1.00000   0.97131  50.00000   -535.90260268   -535.48137934
   1.05000   0.97131  50.00000   -535.93441505   -535.51368936
   1.10000   0.97131  50.00000   -535.95624519   -535.53600973
   1.15000   0.97131  50.00000   -535.97041367   -535.55065505
   1.20000   0.97131  50.00000   -535.97868523   -535.55940881
   1.25000   0.97131  50.00000   -535.98238694   -535.56364503
   1.27413   0.97131  50.00000   -535.98285559   -535.56439797
   1.30000   0.97131  50.00000   -535.98256664   -535.56442783
   1.35000   0.97131  50.00000   -535.98010027   -535.56258508
   1.40000   0.97131  50.00000   -535.97569240   -535.55875371
   1.45000   0.97131  50.00000   -535.96986810   -535.55341182
   1.50000   0.97131  50.00000   -535.96308920   -535.54693562
   1.60000   0.97131  50.00000   -535.94755658   -535.53200589
   1.70000   0.97131  50.00000   -535.93055261   -535.51495441
   1.80000   0.97131  50.00000   -535.91414426   -535.49974140
   0.85000   1.05000  50.00000   -535.70811432   -535.28603303
   0.90000   1.05000  50.00000   -535.79174159   -535.36991221
   0.95000   1.05000  50.00000   -535.85343064   -535.43204676
   1.00000   1.05000  50.00000   -535.89822735   -535.47734262
   1.05000   1.05000  50.00000   -535.93003966   -535.50965275
   1.10000   1.05000  50.00000   -535.95187033   -535.53197216
   1.15000   1.05000  50.00000   -535.96604347   -535.54661813
   1.20000   1.05000  50.00000   -535.97431450   -535.55537189
   1.25000   1.05000  50.00000   -535.97801704   -535.55960810
   1.27413   1.05000  50.00000   -535.97851627   -535.56035683
   1.30000   1.05000  50.00000   -535.97819755   -535.56039093
   1.35000   1.05000  50.00000   -535.97573172   -535.55854829
   1.40000   1.05000  50.00000   -535.97132344   -535.55471747
   1.45000   1.05000  50.00000   -535.96549992   -535.54937700
   1.50000   1.05000  50.00000   -535.95866036   -535.54290287
   1.60000   1.05000  50.00000   -535.94096326   -535.51556402
   1.70000   1.05000  50.00000   -535.92633179   -535.51092245
   1.80000   1.05000  50.00000   -535.90992441   -535.49570819
   0.85000   1.10000  50.00000   -535.70176363   -535.28006231
   0.90000   1.10000  50.00000   -535.78539095   -535.36394150
   0.95000   1.10000  50.00000   -535.84708093   -535.42607610
   1.00000   1.10000  50.00000   -535.89187702   -535.47137214
   1.05000   1.10000  50.00000   -535.92368909   -535.50368209
   1.10000   1.10000  50.00000   -535.94552260   -535.52600238
   1.15000   1.10000  50.00000   -535.95970268   -535.54064769
   1.20000   1.10000  50.00000   -535.96798734   -535.54940195
   1.25000   1.10000  50.00000   -535.97167049   -535.55363660
   1.27413   1.10000  50.00000   -535.97213744   -535.55438958
   1.30000   1.10000  50.00000   -535.97191345   -535.55441366
   1.35000   1.10000  50.00000   -535.96938486   -535.55257693
   1.40000   1.10000  50.00000   -535.96497689   -535.54874653
   1.45000   1.10000  50.00000   -535.95915351   -535.54340714
   1.50000   1.10000  50.00000   -535.95231426   -535.53693460
   1.60000   1.10000  50.00000   -535.93690057   -535.52200700
   1.70000   1.10000  50.00000   -535.92044735   -535.50584402
   1.80000   1.10000  50.00000   -535.90365374   -535.48973957
   0.85000   1.15000  50.00000   -535.69368536   -535.27250240
   0.90000   1.15000  50.00000   -535.77731304   -535.35638153
   0.95000   1.15000  50.00000   -535.83900382   -535.41851615
   1.00000   1.15000  50.00000   -535.88380018   -535.46381228
   1.05000   1.15000  50.00000   -535.91561246   -535.49612214
   1.10000   1.15000  50.00000   -535.93744619   -535.51844250
   1.15000   1.15000  50.00000   -535.95162647   -535.53308790
   1.20000   1.15000  50.00000   -535.95993136   -535.54184212
   1.25000   1.15000  50.00000   -535.96371221   -535.54607982
   1.27413   1.15000  50.00000   -535.96415480   -535.54683493
   1.30000   1.15000  50.00000   -535.96390159   -535.54686773
   1.35000   1.15000  50.00000   -535.96144690   -535.54500546
   1.40000   1.15000  50.00000   -535.95690408   -535.54118733
   1.45000   1.15000  50.00000   -535.95108050   -535.53584914
   1.50000   1.15000  50.00000   -535.94424167   -535.52937848
   1.60000   1.15000  50.00000   -535.92885014   -535.51445284
   1.70000   1.15000  50.00000   -535.91230477   -535.49876638
   1.80000   1.15000  50.00000   -535.89564234   -535.48218260
   0.85000   1.20000  50.00000   -535.68450475   -535.26397726
   0.90000   1.20000  50.00000   -535.76813292   -535.34785639
   0.95000   1.20000  50.00000   -535.82982473   -535.40999099
   1.00000   1.20000  50.00000   -535.87462135   -535.45528711
   1.05000   1.20000  50.00000   -535.90643385   -535.48759698
   1.10000   1.20000  50.00000   -535.92826775   -535.50991733
   1.15000   1.20000  50.00000   -535.94185954   -535.50726169
   1.20000   1.20000  50.00000   -535.95007151   -535.51545956
   1.25000   1.20000  50.00000   -535.95453426   -535.53755467
   1.27413   1.20000  50.00000   -535.95505969   -535.53830948
   1.30000   1.20000  50.00000   -535.95483884   -535.53834276
   1.35000   1.20000  50.00000   -535.95232472   -535.53651998
   1.40000   1.20000  50.00000   -535.94792085   -535.53264548
   1.45000   1.20000  50.00000   -535.94190828   -535.52733367
   1.50000   1.20000  50.00000   -535.93506982   -535.52086518
   1.60000   1.20000  50.00000   -535.91969750   -535.50594204
   1.70000   1.20000  50.00000   -535.90315324   -535.49025491
   1.80000   1.20000  50.00000   -535.88651736   -535.47366751
   0.85000   1.25000  50.00000   -535.67468734   -535.25492974
   0.90000   1.25000  50.00000   -535.75831613   -535.33880887
   0.95000   1.25000  50.00000   -535.81878755   -535.38190060
   1.00000   1.25000  50.00000   -535.86480621   -535.44623959
   1.05000   1.25000  50.00000   -535.89661892   -535.47854945
   1.10000   1.25000  50.00000   -535.91845296   -535.50086981
   1.15000   1.25000  50.00000   -535.93263344   -535.51551508
   1.20000   1.25000  50.00000   -535.94093855   -535.52426923
   1.25000   1.25000  50.00000   -535.94471980   -535.52850714
   1.27413   1.25000  50.00000   -535.94524532   -535.52926195
   1.30000   1.25000  50.00000   -535.94502458   -535.52929512
   1.35000   1.25000  50.00000   -535.94268335   -535.52746957
   1.40000   1.25000  50.00000   -535.93814785   -535.52370998
   1.45000   1.25000  50.00000   -535.93232385   -535.51827895
   1.50000   1.25000  50.00000   -535.92526913   -535.51186487
   1.60000   1.25000  50.00000   -535.90990903   -535.49694498
   1.70000   1.25000  50.00000   -535.89336578   -535.48125746
   1.80000   1.25000  50.00000   -535.87675110   -535.46466420
   0.85000   1.30000  50.00000   -535.66457682   -535.24563556
   0.90000   1.30000  50.00000   -535.74820642   -535.32951469
   0.95000   1.30000  50.00000   -535.80990155   -535.39164927
   1.00000   1.30000  50.00000   -535.85469870   -535.43694540
   1.05000   1.30000  50.00000   -535.88651159   -535.46925526
   1.10000   1.30000  50.00000   -535.90715746   -535.46763930
   1.15000   1.30000  50.00000   -535.92132688   -535.48176595
   1.20000   1.30000  50.00000   -535.93083132   -535.51497524
   1.25000   1.30000  50.00000   -535.93319074   -535.49363523
   1.27413   1.30000  50.00000   -535.93513824   -535.51996782
   1.30000   1.30000  50.00000   -535.93491762   -535.52000099
   1.35000   1.30000  50.00000   -535.93058428   -535.49152567
   1.40000   1.30000  50.00000   -535.92825196   -535.51439474
   1.45000   1.30000  50.00000   -535.92224566   -535.50926690
   1.50000   1.30000  50.00000   -535.91541535   -535.50299472
   1.60000   1.30000  50.00000   -535.89983793   -535.48781120
   1.70000   1.30000  50.00000   -535.88309850   -535.47073825
   1.80000   1.30000  50.00000   -535.86669565   -535.45552191
   0.85000   1.35000  50.00000   -535.65442972   -535.23626168
   0.90000   1.35000  50.00000   -535.73809321   -535.32010945
   0.95000   1.35000  50.00000   -535.79975797   -535.38227539
   1.00000   1.35000  50.00000   -535.84455538   -535.42757151
   1.05000   1.35000  50.00000   -535.87636843   -535.45988138
   1.10000   1.35000  50.00000   -535.89820255   -535.48220174
   1.15000   1.35000  50.00000   -535.91238293   -535.49684713
   1.20000   1.35000  50.00000   -535.91906366   -535.47683171
   1.25000   1.35000  50.00000   -535.92446928   -535.50983907
   1.27413   1.35000  50.00000   -535.92314875   -535.48098900
   1.30000   1.35000  50.00000   -535.92477559   -535.51062711
   1.35000   1.35000  50.00000   -535.92011032   -535.47839421
   1.40000   1.35000  50.00000   -535.91811055   -535.50502108
   1.45000   1.35000  50.00000   -535.91232968   -535.49980836
   1.50000   1.35000  50.00000   -535.90529313   -535.49379431
   1.60000   1.35000  50.00000   -535.88974831   -535.47879807
   1.70000   1.35000  50.00000   -535.87302032   -535.46171437
   1.80000   1.35000  50.00000   -535.85661836   -535.44649800
   0.85000   1.40000  50.00000   -535.64445137   -535.22704339
   0.90000   1.40000  50.00000   -535.72808228   -535.31092252
   0.95000   1.40000  50.00000   -535.78754392   -535.34268495
   1.00000   1.40000  50.00000   -535.83458036   -535.41835323
   1.05000   1.40000  50.00000   -535.86639358   -535.45066309
   1.10000   1.40000  50.00000   -535.88633720   -535.44138253
   1.15000   1.40000  50.00000   -535.90240793   -535.48762885
   1.20000   1.40000  50.00000   -535.91071282   -535.49638307
   1.25000   1.40000  50.00000   -535.91449532   -535.50062079
   1.27413   1.40000  50.00000   -535.91280678   -535.46786474
   1.30000   1.40000  50.00000   -535.91480063   -535.50140882
   1.35000   1.40000  50.00000   -535.91246022   -535.49958301
   1.40000   1.40000  50.00000   -535.90813629   -535.49580257
   1.45000   1.40000  50.00000   -535.90235581   -535.49058920
   1.50000   1.40000  50.00000   -535.89553652   -535.48435668
   1.60000   1.40000  50.00000   -535.87982825   -535.47034648
   1.70000   1.40000  50.00000   -535.86329706   -535.45440619
   1.80000   1.40000  50.00000   -535.84671832   -535.43777917
   0.85000   1.45000  50.00000   -535.63480136   -535.21828120
   0.90000   1.45000  50.00000   -535.71847117   -535.30212898
   0.95000   1.45000  50.00000   -535.78013665   -535.36429492
   1.00000   1.45000  50.00000   -535.82493464   -535.40959104
   1.05000   1.45000  50.00000   -535.85674801   -535.44190091
   1.10000   1.45000  50.00000   -535.87858212   -535.46422126
   1.15000   1.45000  50.00000   -535.89276222   -535.47886666
   1.20000   1.45000  50.00000   -535.90106823   -535.48762089
   1.25000   1.45000  50.00000   -535.90484952   -535.49185860
   1.27413   1.45000  50.00000   -535.90273221   -535.45487881
   1.30000   1.45000  50.00000   -535.90515502   -535.49264663
   1.35000   1.45000  50.00000   -535.90281494   -535.49082082
   1.40000   1.45000  50.00000   -535.89849144   -535.48704038
   1.45000   1.45000  50.00000   -535.89271143   -535.48182701
   1.50000   1.45000  50.00000   -535.88589260   -535.47559401
   1.60000   1.45000  50.00000   -535.87019905   -535.46173519
   1.70000   1.45000  50.00000   -535.85371232   -535.44614058
   1.80000   1.45000  50.00000   -535.83714272   -535.42949755
   0.85000   1.50000  50.00000   -535.62559698   -535.21016768
   0.90000   1.50000  50.00000   -535.70927160   -535.29401546
   0.95000   1.50000  50.00000   -535.77093737   -535.35618140
   1.00000   1.50000  50.00000   -535.81270763   -535.36188323
   1.05000   1.50000  50.00000   -535.84754909   -535.43378739
   1.10000   1.50000  50.00000   -535.86938315   -535.45610775
   1.15000   1.50000  50.00000   -535.88356311   -535.47075314
   1.20000   1.50000  50.00000   -535.89186774   -535.47950737
   1.25000   1.50000  50.00000   -535.89564910   -535.48374508
   1.27413   1.50000  50.00000   -535.89652917   -535.48917114
   1.30000   1.50000  50.00000   -535.89595480   -535.48453312
   1.35000   1.50000  50.00000   -535.89361506   -535.48270730
   1.40000   1.50000  50.00000   -535.88929198   -535.47892686
   1.45000   1.50000  50.00000   -535.88351243   -535.47371349
   1.50000   1.50000  50.00000   -535.87669407   -535.46748049
   1.60000   1.50000  50.00000   -535.86119084   -535.45319699
   1.70000   1.50000  50.00000   -535.84456004   -535.43840363
   1.80000   1.50000  50.00000   -535.82799974   -535.42174300
HCL-CI-dipole
      RHCL       UX    UY      UZ             ENERGY  
    0.85000     0.0   0.0   -0.29998559  -460.0727587 
    0.90000     0.0   0.0   -0.31240799  -460.1563678 
    0.95000     0.0   0.0   -0.32592469  -460.2180660 
    1.00000     0.0   0.0   -0.34049667  -460.2628886 
    1.05000     0.0   0.0   -0.35601186  -460.2947166 
    1.10000     0.0   0.0   -0.37230131  -460.3165558 
    1.15000     0.0   0.0   -0.38920632  -460.3307379 
    1.20000     0.0   0.0   -0.40645081  -460.3390441 
    1.25000     0.0   0.0   -0.42373476  -460.3428460 
    1.27413     0.0   0.0   -0.43203844  -460.3433846 
    1.30000     0.0   0.0   -0.44087383  -460.3431795 
    1.35000     0.0   0.0   -0.45769729  -460.3408497 
    1.40000     0.0   0.0   -0.47378445  -460.3365786 
    1.45000     0.0   0.0   -0.48908038  -460.3308277 
    1.50000     0.0   0.0   -0.50326909  -460.3240345 
    1.60000     0.0   0.0   -0.52731193  -460.3085664 
    1.70000     0.0   0.0   -0.54378078  -460.2920532 
    1.80000     0.0   0.0   -0.55069854  -460.2756424 
HO-CI-dipole
      RHO        UX    UY      UZ             ENERGY   
    0.65000     0.0   0.0   -0.56795497   -75.35954655 
    0.70000     0.0   0.0   -0.58170575   -75.51040554 
    0.75000     0.0   0.0   -0.59508262   -75.56732147 
    0.80000     0.0   0.0   -0.60793273   -75.60436196 
    0.85000     0.0   0.0   -0.62001012   -75.62714437 
    0.90000     0.0   0.0   -0.63108237   -75.63968563 
    0.93000     0.0   0.0   -0.63710861   -75.64353857 
    0.96000     0.0   0.0   -0.64258788   -75.64524540 
    0.97131     0.0   0.0   -0.64449723   -75.64541583 
    1.00000     0.0   0.0   -0.64892295   -75.64485927 
    1.05000     0.0   0.0   -0.65503496   -75.64113405 
    1.10000     0.0   0.0   -0.65878681   -75.63484493 
    1.15000     0.0   0.0   -0.65980958   -75.62683145 
    1.20000     0.0   0.0   -0.65759048   -75.61772242 
    1.25000     0.0   0.0   -0.65152781   -75.60798992 
    1.30000     0.0   0.0   -0.64098716   -75.59799179 
    1.35000     0.0   0.0   -0.62572365   -75.58798975 
    1.40000     0.0   0.0   -0.60629609   -75.57817891 
    1.45000     0.0   0.0   -0.58339655   -75.56869447 
    1.50000     0.0   0.0   -0.55745569   -75.55963122 
weights7
17	2	1
50	80	
1	5061
  0.1067562850000000	  0.3584514100000000	  0.2995175250000000	  0.2568390200000000	  0.0795311450000000	  0.1104549900000000	  0.0412553110000000	  0.1001943800000000	  0.0447088400000000	  0.0963427050000000	  0.0380176695000000	  0.1950274550000000	  0.1168573000000000	  0.0227938090000000	  0.1960274905000000	  0.0900038150000000	  0.1319325650000000	  2.5885233649999999
  0.1067562850000000	  0.5815815700000000	  0.2995175250000000	  0.2568390200000000	  0.0795311450000000	  0.1104549900000000	  0.0412553110000000	  0.1001943800000000	  0.0447088400000000	  0.0963427050000000	  0.0380176695000000	  0.1950274550000000	  0.1168573000000000	  0.0227938090000000	  0.2458145595000000	  0.0900038150000000	  0.1319325650000000	  2.4110914349999999
                 -0.54839787516564564296
                  0.12328853873602953206
                  0.54887635268439805003
                  0.55137627195191318830
                 -0.21116236498751403405
                  0.15055642743456232324
                 -0.14252589531403991874
                  0.27608439126777095662
                  1.37777229983682714121
                 -0.04172786899024796131
                  0.18829358832431999926
                 -0.52943461763761079375
                 -0.75425776044635894912
                 -0.46527490006243610310
                 -0.03634693429172042994
                  0.11763055257912292950
                  0.58331322131904461692
                  0.43255969514833803036
                 -0.31148361513244066101
                  0.59809772388497661755
                 -0.11608581120167457690
                  0.86763107683485696242
                  0.09283216747049932716
                 -0.51596893565408152860
                  0.70699609268788488059
                  0.02691631985980206046
                 -0.22534163864055870019
                 -0.50555894802628797979
                  0.65240829074244721664
                 -0.18232244324978705285
                  0.40843793907818543021
                 -0.59130038316506339235
                  0.49163412120825117357
                 -0.52626174048152718488
                  0.22809712102627785479
                 -0.47642898833466823527
                 -0.21114954305957975289
                  0.39147440306612035776
                  0.49583690603117380746
                  0.45109998436422871215
                  0.11050612940297814546
                 -0.06880657340421308943
                  0.26981717619951745002
                  0.58080730956204218440
                  0.37121455915399942382
                 -0.67370321062452021010
                 -0.65358599737424083465
                 -0.01491941621297336595
                 -0.24776298441849739507
                  0.36107588653432098891
                  0.64860944069210191287
                  0.38749481608085828421
                 -0.44888182568000961625
                  0.39078416173195096306
                 -0.47418419912010667527
                 -0.08816416606700135106
                  0.47949278466737393911
                  0.47844522888674767547
                  0.03954269798976001171
                  0.21314058284981796110
                 -0.64473662524998975876
                  0.68206487223361933481
                  0.64562686218608644761
                 -0.29749288797321943312
                 -0.07852317372658440542
                  0.14950769996878859880
                  0.29068143446435090738
                 -0.15992797343930245657
                  0.51721568007012519441
                 -0.91756368179993608170
                  0.02365211355335733803
                 -0.30767489155543881196
                 -0.77179619698495105506
                 -1.23159728975573012910
                 -0.39402251517651232238
                  0.20757398753626496446
                  0.91915900799574001834
                 -0.53795700718151728825
                 -0.57135557783275214838
                 -0.09354036598412071579
                  0.36613161852986819689
                  0.16366194080204948813
                  0.68416411469844096160
                  0.76754695134916661736
                 -0.20701197717469457804
                  1.21824776920714050732
                  0.13706291803027476073
                 -0.50511213699616896999
                 -0.52608081876444212632
                  0.13449483544190130035
                  0.94526985903310656312
                  0.70977618787579244142
                  0.86747063324898965320
                 -1.48734571753758881840
                 -1.32665356937980782881
                 -0.39696140752847369759
                  0.29544754157606023526
                 -0.33296293554759009981
                 -0.07352239837120483346
                 -0.77129107596821522286
                  0.43312333050489221220
                  0.59415238427252003994
                  0.35788453168199474419
                 -0.46834797526999538686
                  0.02476586195434059973
                 -0.36093024642638060762
                 -0.17915776538088856729
                 -0.73874028111653378126
                 -0.62899029498291769702
                  0.72761313534784355372
                  0.89573288561768038551
                 -0.98082213863069245274
                  0.00862496118080255739
                 -0.71815553273190491090
                 -0.51241542088709879366
                  0.96068696299614275702
                  0.23706547571446007217
                 -0.78385870913075406108
                 -0.44450931586659625516
                 -0.56859090546052482029
                  0.10512146565482904936
                  0.61360154601531591290
                 -0.14327312824733126617
                 -0.51454241746114737222
                 -0.26320006321598149457
                  0.28848161461768750957
                  0.65201738312537815823
                  2.63230539283930919936
                  1.41301196099181836097
                  0.29270245421272744757
                 -0.12860523954346592124
                 -0.09408211717839334853
                  0.55111994320664547953
                 -0.86807295413528440253
                 -1.95175460416504131800
                 -0.09137689714775555638
                  0.43065115968933315171
                  0.67112945353623387756
                  0.30192324445446533376
                  0.07901886592139574506
                  0.42812064193384719024
                 -0.43787372135526436701
                  0.62663272401745484519
                 -0.22072637441473302866
                  0.63393313298170461678
                 -0.33413379438554230427
                 -0.38017005668507519722
                  0.56413333343673310871
                 -0.51807758985070662128
                  0.48271709838546911220
                  0.26690068624861773561
                  0.54591895218383590382
                  0.17583859649195140995
                 -0.06279994841915216564
                 -0.76359545785199711698
                  0.01882776780315346954
                 -0.07539324579053299780
                 -0.26925752141384579064
                 -0.21990210495033302163
                  0.68263570934816886204
                  0.48338765661832644449
                  1.29341407967222332687
                 -0.39749079546159338250
                 -0.09842531629304819563
                 -0.41639204949415603574
                 -0.65998017780814755007
                  0.09657340872580714997
                  0.83331665596516879546
                 -0.24233857829665150785
                  0.30162830819038466412
                  0.47309829745070608453
                  0.27761031507155847775
                 -0.60605805442197502320
                  0.30463966194337072091
                 -0.11887344021411130890
                  1.19942650228462621698
                  0.42050033867001579413
                  0.99914506966425253864
                 -0.50432558272491745388
                 -0.51306608999923886127
                 -0.47651035994348034386
                 -0.04830483884558779695
                 -0.10940163402252707503
                 -0.00513459915850198508
                 -0.06138904524860291229
                  0.27075598272058726268
                 -0.53054625542267475069
                 -0.58084616516580578338
                 -0.00228675676835877941
                  0.46366480194633585832
                 -0.54169677814959804607
                 -0.43996997205662652375
                 -0.40184117683677406108
                  0.07058529809063465721
                  0.17339873395501428921
                  0.92476748727352098278
                 -0.73460266100681859136
                  0.35406463849098523955
                  0.30163799261718599043
                  0.49015584115381172214
                  0.24752741270603714763
                  0.74232274946287279960
                 -0.05096344059313883540
                  0.75123277183561643078
                 -0.57940287032538395628
                 -0.54338195689782775588
                 -0.40170800585485189060
                  0.22605254561377721712
                  0.61084012685598776393
                  0.06004838400833815981
                 -0.29934966350939418156
                 -0.15554860012456397933
                  0.81354227938712420087
                 -0.33208039171053521654
                 -0.41875251161777865549
                  0.46368453083182187280
                  0.09908627773720744825
                  0.29601355442195737000
                 -0.83757609539181832048
                 -0.05984014607017428683
                 -0.35976496717362949074
                 -0.76914223878623888542
                  0.69908481308526571052
                  0.04984421546762620586
                 -0.52441869511314187502
                 -0.32651254061036255605
                  0.05700948273262649441
                 -0.42785785055238734209
                 -0.09663559197553843461
                  0.30173971038326802274
                  0.41636666757826279461
                  0.23535537208972892587
                 -0.37652720005326778541
                 -0.40143701540790216464
                  0.08510041766470596847
                  0.39502739075018289405
                 -0.41410837128490290970
                  0.41436954160160477389
                  0.00568977053783369449
                  0.32585536897855826854
                 -0.15835333764753672936
                  0.29674786112779055758
                  0.18004067994459374558
                 -0.48124168598372657479
                  0.54877676614465153992
                 -0.15747985426340324611
                  0.48611552595209606142
                  0.22698457680922043411
                  0.30205822561701500817
                 -0.63172211362828711856
                  0.31949298724360664092
                 -0.16218182105732664722
                  0.15201557290668582523
                 -1.19523557435156679851
                 -0.44325110423500246881
                 -0.45022002998491095216
                  0.49227636659408652298
                 -0.11685158802163021774
                  1.07644983473316369071
                 -0.25982478976210920951
                 -0.64331881365080656465
                  0.10647130712527461127
                  0.65529638729771899630
                 -0.11709415559869411350
                  0.44863348942824032850
                  0.26898344338611046567
                  1.60375024262172471978
                  0.09604781745651772007
                 -0.46035607914235915361
                 -0.48400151795549944955
                 -0.57954645756722833472
                 -0.70706622268527452579
                 -0.40558308379208157790
                  0.03247745356144210449
                 -0.06699647690013611767
                 -0.46324879125239265543
                  0.23474807187036658696
                  0.08463678559411197400
                  0.42983021821285527508
                  0.52983008940036324663
                 -0.64724510238456511857
                  0.38607475241228167429
                 -0.45300483418223586041
                 -0.63512412406951590516
                 -0.46266727570371241063
                 -0.47512062819348988008
                  0.40511958723232194268
                  0.46988166721696134065
                  0.54622631644460040157
                  0.86561761859107932970
                  0.64715963713874036234
                  0.02615906478217742623
                 -0.24500001991975278726
                 -0.52090477144177549373
                  0.51477195397507335972
                 -0.02595880154420728697
                 -0.16523625907810263191
                  0.73987452960689736869
                  0.68086993257643357857
                 -0.40927366237717016650
                  0.87185365762222222230
                 -0.78405479310554515582
                 -0.57848062381064857540
                 -0.28182478289218865219
                 -1.12258584245394787970
                  0.44614284353839556152
                 -0.25410504700959396507
                  0.65969193409241722037
                 -0.24560377335151831191
                 -0.52548579628915548234
                 -0.97900296355923654978
                  0.62869159247833017456
                  0.54202288391051711702
                  0.22683828960182367274
                 -0.60935740907936086774
                  1.07994785593699793580
                 -0.14028863829840557131
                 -0.72276118280243917269
                 -0.12825355748088523855
                  0.53913255960796957478
                 -0.18611052106464481826
                  0.08868187464928803387
                 -0.24262200316167276126
                 -0.71323523206461092450
                 -0.48140205042219297304
                  0.18119825081308377213
                 -0.11641912735537227053
                 -0.67874165661991281429
                 -0.68125640226470574046
                 -0.10406660325956412771
                 -0.02210313954815085538
                  0.46052662227358437397
                 -0.75512357232533078299
                  0.07607585974540818918
                  0.24113053877124127067
                 -0.09707659622935847776
                  0.16729678290060195911
                  1.10786766735907860060
                 -0.10341873955675155716
                  0.13866448747093496063
                  0.27223882515454178588
                  0.13120982168089664888
                 -0.82729573765823782860
                 -0.68839921413055304988
                 -0.27379980074795889911
                  0.54722085048974788979
                 -0.39007526150575644319
                 -0.56083666410787202938
                 -0.83212226423240354123
                 -0.30076106962198889683
                  0.63270183594453976994
                  0.18660364437995860531
                  0.51874012600008667651
                  0.41199868325632271748
                 -0.60731144916053481086
                 -0.23254744330677329378
                  0.65462300535524575729
                 -0.64435869482053842461
                 -0.09834302164070249375
                  0.76049785731805441547
                 -0.95516318145232359527
                  0.11514344925817084075
                  0.94506664754802649497
                 -0.07063744093082156839
                  0.22294819617154251756
                  0.96197838306166427724
                 -0.22021481187979849437
                  0.07310539425461184959
                 -0.58985434918753354427
                  0.09468879406407079702
                 -0.17885101586879426083
                 -0.32879442863983393552
                  0.62426094634198647793
                 -0.70985910771153215570
                 -0.09153448687166210185
                 -0.82158504655814412754
                 -0.17274440465021428937
                  0.20728403211919246840
                  0.70103570020661998274
                 -0.71845883630475659842
                 -0.57536394511243749150
                 -0.25953665675932352519
                  0.52068076745794533711
                  0.68391575983998709187
                  0.51237170505972473578
                  0.33252192302593180928
                 -0.57519089562625602685
                  0.21385804872067512572
                  0.39308637868641138624
                  0.52427140225177004673
                 -0.22029295510546201275
                  0.23369896864678996184
                  0.66108044798810750020
                 -0.84892258758165872745
                  1.02349113515434120281
                 -0.42295921663890712061
                  0.58104522213396359032
                  0.23115128061814343985
                 -1.67917037470335084315
                  0.68158107079948926366
                 -0.07288271864201550931
                  0.29547516487542974106
                  0.44448910571801875102
                 -0.06060425950757242913
                  0.55468592980017816796
                  0.19695279658728562233
                 -0.89107702667279653497
                  0.33678079050120524052
                 -0.45159179080878253387
                 -0.12381813518707748822
                 -0.02577530537181416462
                 -0.45166376118948375895
                 -0.17695854122341134196
                  0.84495150062349022591
                  0.34335311193903222948
                 -0.06440347649964271726
                  0.73091257629256456418
                 -0.32458919243918543662
                 -0.54432890923649146497
                 -0.57495954646666491694
                 -0.18846524079035203991
                 -0.31982039649404120363
                 -0.07602226622352133145
                 -0.84354488612644540346
                  0.50817719713347109245
                 -0.03511975408539589477
                  0.12768291541267123845
                 -0.53586749252968868262
                 -0.45736516826247824996
                  0.66719799375226040983
                  0.94438138094628909514
                 -0.02490437907331354006
                  0.56644907939358402071
                 -0.42784378632958164346
                 -0.33952669362090598382
                 -0.24192189559339608018
                  0.36640013818861166817
                  0.61131771407241430882
                 -0.23016233246847003779
                  0.18599794350624360151
                  0.31903336064147430617
                  0.12919897119970910615
                 -0.35226507180335364655
                  0.75949115876358763710
                 -0.55940986086985966530
                 -0.24353246206693404674
                  0.07399596690019173695
                 -0.75319298513883070623
                  0.09292469716932375001
                 -0.74781494065153419903
                 -0.39771232961824504182
                  0.52433037433039109132
                  0.31070397363771806720
                  0.90389602629247878252
                  0.15684579178507940256
                 -0.93138362420016085341
                  0.35875566338146586132
                  1.03943163036631536222
                  0.15335927636386487150
                 -0.90882127485089447827
                 -0.47243990658665835358
                 -0.33441009712573899204
                 -0.15863163976343819250
                 -0.12513704839796910284
                 -1.36262241913941761773
                 -0.45719960840772877475
                  1.19395167206341223931
                  0.07178829711577089379
                 -1.48502615327296316750
                 -0.50051465819728746531
                 -0.37721191984738000613
                 -0.14043028975438270889
                  1.33644766645339374556
                  0.60117954542257800998
                  0.35218772437745443638
                  0.65201266357010456698
                 -0.14181151798463365044
                  0.48730210176825022872
                  0.81295417124365498829
                 -0.60008426709139939259
                 -0.35886929121584765223
                 -0.10892190697999964977
                  0.57864037518924438253
                  0.73618581368017976807
                 -0.14229189894075378042
                 -0.59618151704827071491
                  0.51168926752703425276
                 -0.22351285745012078321
                 -0.79846220906873022205
                 -0.31766516679899037268
                 -0.50240309865726340277
                  0.42171518786666328804
                  0.51033553190333647009
                  0.50205157633815766793
                  0.53510506964965331989
                  0.13160380442031568982
                 -0.44428262428704595743
                  0.00543966485315864300
                  0.81684829609683407003
                  0.12097139430684630823
                 -0.14747382827107821668
                 -0.51167965422937833342
                 -0.67959582616183178416
                 -0.54640170130245513391
                 -0.90083398895016519869
                 -0.88206650221199800477
                  0.14956646834370443400
                 -0.08997893185717875664
                 -0.30240199366122605396
                  0.03715011209093528610
                  0.11365487336213227210
                 -0.29742328413048074731
                  0.46923607915307657956
                  0.21204407133236952143
                 -0.24247776138981672056
                  0.21611381565418258388
                  0.21293054104859412967
                 -0.44191787250170516677
                  0.19224483127188399245
                 -0.31223001702223690534
                  0.55548074996778917800
                 -0.48018405751798132197
                  0.57951400376732298270
                 -0.49448683157155226553
                 -0.31694011964288282268
                 -0.47788280994264825674
                  0.62540402284441154457
                  0.22183659673955913316
                 -0.42432269147012091626
                 -0.21524215991991782482
                  0.13595305379643185528
                 -0.28458380612849099034
                  0.58795984258055145055
                 -0.03625926556569610687
                 -0.18253262982846887863
                 -0.37094195209467462071
                  0.46068404109479299535
                 -0.32851585347647621616
                  0.11957665756322136130
                  0.27133144945476928012
                  0.33306998949597854676
                 -1.49599841146914513956
                  0.17591531270775581652
                 -0.43296614528109728104
                  0.31579497731675176819
                 -0.01305259989739135026
                 -0.18635642242921809930
                 -1.20029381121417477729
                 -0.45061442559851644374
                  0.13830552945049598423
                  0.71686960763551488274
                  0.58139675355415376679
                  0.86254750190953133338
                  0.45939181979509874365
                 -0.58766006214617716452
                 -0.52945203986518041273
                 -0.13877611661357991402
                  0.66832497888925335161
                 -0.27906489699453762565
                 -0.20944603149135346265
                 -0.52527356340034569993
                  0.05238373433328602502
                 -0.28924705680269940933
                  0.47282246266914401689
                  0.62516675517098752035
                 -0.72170027540326031623
                 -0.60211662624632245056
                  0.49007360457524284936
                  1.18220671334878413283
                 -0.97268235822193560569
                  1.44418309408430345364
                 -0.33987870873645759096
                  0.50982383314630386195
                  0.16115901727116763165
                  0.10394552469980852805
                 -0.51714270214940705195
                  0.59178538027386806686
                 -0.82185359584199635385
                  0.55831546601675263730
                 -0.35365243696116932526
                 -0.57231265844613632421
                  0.68595039411751090874
                  0.60943160513986038840
                  0.49196929414252482671
                  0.63283781107706094105
                  0.07840077949092975895
                  0.83101638256697596407
                 -0.77410896451409749730
                 -0.47453306270873196748
                 -0.12567762295317047583
                 -0.13960890590045765824
                 -0.26572992467758876911
                  0.56808564748207268646
                 -0.83709197920486977385
                 -0.32014973649786493404
                 -0.30041860241260959219
                 -0.49905890408151437621
                  0.41193808609661403120
                  0.46670865916242881832
                  0.79892285266508356045
                 -0.61767630807110229796
                 -0.51268517034771099450
                 -0.42235169088036894625
                 -0.70018579203942465927
                 -0.95718963047915384124
                  0.33737246329156028724
                  0.49633633903824803113
                 -0.30996990010436831220
                 -0.70121853970360636943
                  0.67344328306864176259
                  1.32979064625753262696
                 -0.68007382914253500239
                  0.37305235276349940632
                 -0.18032950435153144442
                  0.72834055369272321379
                  0.51588312924650536750
                 -0.04639915821705192095
                 -0.31922212679798478430
                 -0.44393472068364941974
                  1.00259013153613518732
                  0.27451274325553870481
                  0.43776389462029102750
                  0.03014127270235768957
                  0.46390100575182902087
                  0.97159930588658061090
                 -0.04366006948912894148
                 -0.22736493331470639112
                 -0.27832516364713233425
                 -0.52792834427072421466
                 -0.10555624221696914555
                  0.53877252205740155944
                  0.55876473148358296594
                 -0.00818817879693450879
                  0.86043679426146757461
                  0.12985862733165734473
                  0.44923576200333026343
                 -0.04327022042717861700
                 -1.15087719409387201353
                 -0.79579480489392517839
                  0.60635677925987740977
                 -0.08688570849839187538
                 -0.26991630611411115970
                 -0.68120572750659147410
                 -0.10525183776753715970
                 -0.56296009965751026005
                  0.28846576437284565664
                  0.43558492557602934703
                 -0.55883356108430426445
                  0.78333129387009370337
                  0.53792670867224134934
                 -0.14395077346832640952
                 -1.25868783423847374614
                  0.35502979842485665740
                  0.65286382995629821391
                 -0.24797567400613423905
                 -0.64757275384493806492
                  0.64878721506062320135
                  0.05846149063413783736
                  0.58007320434583076185
                 -0.23794567494082008441
                  0.66709232770536042167
                  0.61695177544392310054
                 -0.74455618162545900152
                 -0.55398974255981781045
                  0.53568764916790634345
                 -0.32961033597006378359
                 -1.13439281367689726032
                  0.47459588804250546490
                  0.59980497549457290063
                  0.73898923172048613939
                  0.50334105843104015587
                  0.35335211269725957939
                 -0.28159160663186622031
                  0.40758288683503107741
                 -0.41265138345522112129
                 -0.48073292237857734310
                  0.09678540808494716374
                  0.20478647021221654811
                 -0.17045134918961832304
                 -0.73025190625733327199
                  0.31593133674608697703
                  0.27652367377287317973
                 -0.50656480836288075853
                  0.23288763581933763502
                 -0.56835969676255027050
                 -1.03557083446319064812
                 -0.25757396252224240563
                  0.80511849082289621560
                 -0.52690831391549075580
                 -0.73171354365985474821
                  0.19530556196018059034
                 -0.31182556480082551653
                  0.30433877554025284828
                 -0.22791739665644047963
                  0.97370590591111960688
                  0.88152086618008473895
                 -0.07002791388343053425
                 -0.59941759260633287187
                 -0.39456612165330040565
                  0.17472478500954669034
                 -0.08403875634055650579
                 -0.34234255168565064231
                  0.78359931650715286544
                 -0.56138672536077260933
                 -0.41401677807211362259
                 -0.95928723150553507626
                  0.05561108810863665125
                  0.24129317507851505420
                  0.98752504220877335150
                  0.08367299206595088523
                 -0.18158141450432596642
                 -0.10398102953554984318
                  0.59758662128983153217
                 -0.89254869347997167761
                 -0.61228730578235424087
                 -0.11749139317496305746
                  1.10061799087819478515
                 -0.03123678984976012429
                 -0.30009942083488405640
                  1.13129634854383476217
                 -0.46342001089669460079
                  0.88706722827281103694
                  0.69504922181723705066
                 -0.58736859804726904155
                  0.08636859716093882311
                  0.44329126604655721966
                 -0.57934470709941454647
                 -0.52534754304411379611
                 -0.09812516511817345743
                 -0.77179929634240573844
                 -0.13897600766494264124
                  0.37325927269747410930
                  0.01222773895378881891
                 -0.26886297692571009543
                  0.06350653035321521256
                  0.72180519027243394969
                  0.86291982548325485425
                  1.26149132592817658782
                  0.34083004412394662941
                  0.00962890165374729115
                  0.19337380179990368290
                  0.48521078473102874362
                  0.28388275902817616814
                 -0.99649725221505081052
                  0.16450162299655612941
                 -0.21501108906954080613
                 -0.01962081725982703362
                  0.12108204031238682663
                 -0.99423622854461146670
                 -0.37324526179946942994
                  0.22918511379562855890
                 -1.07250980929884365267
                 -0.99193719772509736377
                  0.58635540238693462101
                  0.06238852840771194619
                  0.88795229531158026415
                 -0.16191864955998719333
                 -0.04295390983812648333
                 -0.93757755166230416499
                  0.20046486477347522093
                 -0.05981373912531560977
                  0.13582269012002171071
                  0.01866014988971887931
                  0.59571191959657032733
                  0.48269954585693736204
                 -0.32601535915239615582
                  0.26588845220176071660
                  0.23651123524112491192
                 -1.12849561218433525056
                  0.25013434659920452674
                 -0.04315377203357007724
                  0.25657105624990456105
                 -0.68218982670878702823
                  0.35895795614096920323
                 -0.71878187062786869088
                  0.56427834862427805884
                  0.08692515441929443698
                 -0.56759214782484956885
                 -0.27890549395531027965
                 -0.16899791907717698347
                 -0.57582815713953949821
                 -0.13879567198690784258
                 -0.27903303653770222814
                  0.94006073887825458701
                 -0.88402282460787495744
                  0.55398793201567853028
                  0.76132053323937698419
                  1.31878183321560338292
                  0.29451640838887638285
                 -0.22617963212156941277
                  0.58881031258902805092
                 -0.29566614118282008583
                 -0.05006312295533320300
                  0.27619831479175976918
                  0.58111893553899163223
                 -0.43565565902446456992
                 -0.81646523433097106803
                 -0.76575356217218459864
                 -0.37169924381696156646
                 -0.34601941277958120358
                 -0.96384365056639265124
                  1.08526814968030782538
                 -0.63164169014750159992
                 -0.38799291972348076696
                 -1.02334545878432869870
                 -0.53193858112232983437
                  1.17767485447623099226
                  0.52531786546186443054
                  0.16985509356609440612
                  0.98007051309880233170
                  0.08917116909159329696
                 -0.63528958076616148798
                 -0.82410509949981469724
                  0.10492629425562849388
                 -0.41335106556042511272
                 -0.33269710247491440791
                 -0.27183583680375927871
                 -0.12077587628768911288
                  0.01362767374869530181
                  0.87380326559257937014
                 -0.35736701799598491469
                 -0.74046644869632571861
                  0.35181504176944417006
                  0.00707106925364140403
                  0.07585860685115147772
                 -0.40562992050157409274
                  0.61053883984096146698
                 -0.18173387239631033641
                 -0.61790294993636485366
                 -0.25470340260598189897
                 -0.00192861902151938080
                 -0.73121426553680668459
                  0.58339713620604027877
                 -0.78570303378056638444
                  0.35560633293532967203
                  0.88220307393630881254
                 -0.62289949165048386082
                 -0.26812865573962446630
                  0.54210817666375776813
                  0.00746679981455582176
                 -0.42875658546251987913
                 -0.54813644181895604390
                  0.74225043648433375321
                 -0.18424575857054883987
                 -0.60039856701303206954
                 -0.93124112195480746035
                 -0.15794552567674077781
                  0.35270601068513918186
                  0.66561383593265099901
                  0.75931455674353498519
                 -0.15082789085284997732
                  0.00683890911272883300
                 -0.28727422274742642205
                 -0.34202366099049924530
                  0.05765992597436936373
                 -0.28970343914130070040
                 -0.12848435743482006233
                  0.28875850447498174756
                 -0.35710675685870019169
                  0.37998382176112410757
                 -0.28236031693030438916
                  0.27296179906284945282
                  0.31294507743297811375
                  0.19511210330363884524
                 -0.16247810811181351287
                  0.01008012725725973384
                  0.39556576296875317622
                 -0.24637039876152586060
                  0.09654624214910959012
                 -0.27108760435020878843
                 -0.14596792778760619980
                 -0.39827063103361615148
                  0.15646869027625112669
                 -0.03028228113328729557
                 -0.25421004384514989116
                 -0.13734722852201883270
                  0.08689379491577892134
                  0.15554793467908248350
                  0.29789765656646555181
                  0.24229781824331084183
                 -0.31025421851830398134
                  0.17229280657215442774
                 -0.17311247441257229807
                  0.06674996170549551966
                 -0.21078469889386380887
                  0.04044037419879918660
                 -0.15265842180018299179
                 -0.14795595475581266309
                 -0.28618601401995713562
                 -0.03020878849484136264
                  0.17536800606366484412
                  0.03059125936750637861
                 -0.02725447613182353096
                 -0.06821356742425206676
                 -0.00113388602883687318
                 -0.06733647973613139659
                  0.32837284861819115989
                  0.11797083503238206537
                 -0.25581530180278361231
                 -0.27298868776789159130
                  0.53373079915130483553
                  0.21507761751267828743
                  0.31790178376787608938
                 -0.33285680584064208931
                 -0.11436711747390794491
                 -0.34554453831570047795
                  0.06022975271126924934
                 -0.23868325295067135960
                 -0.12916548724581297658
                  0.13158198586581107414
                 -0.12181317078922937469
                  0.49852002269291278980
                 -0.32654335349850099890
                 -0.06056105520086470934
                  0.16917428263823000578
                 -0.23405734104623687752
                  0.01340454423273915001
                 -0.12394531637444923533
                  0.04050656056749799006
                  0.25039763052997232595
                 -0.05148847386665635073
                  0.20965315310047225039
                  0.17189939813192484097
                 -0.01963560699338526630
                 -0.05371799367276530041
                  0.24851412457381116816
                 -0.00624140300497339363
                  0.66594387389229292573
                  0.68931898252830703377
                 -0.16647023722443587967
                  0.23614385640137444677
                 -0.18783749149750400553
                  0.05210320517879744873
                  0.28420272855951544955
                  0.18821494247508208097
                  0.49566776078339985778
                 -0.09717639971064254145
                  0.64926893876153235485
                  0.46050836388039129154
                  0.36837475261975449747
                  0.08843018902898772127
                  0.27913951825362443016
                 -0.49756945229135157716
                  0.21380688866816924265
                 -0.34137911712770957484
                 -0.45418710556606506357
                  0.26036514631494406258
                  0.42959656278365998539
                 -0.06380986351334631823
                 -0.09357671355736163488
                 -0.25483306044918130340
                 -0.03049742155342200292
                 -0.10852327304666647967
                  0.05729383010390105835
                  0.19058807897593074698
                 -0.39245861634933132400
                  0.32830367940026411455
                  0.23373543473501803835
                 -0.23828482478731860539
                 -0.25637557111653980213
                  0.14882009328318618335
                  0.21004502009263278928
                  0.14729871916922127051
                  0.19008769246255544094
                 -0.05282861586094578232
                  0.28064403997527331835
                 -0.19430269888170442760
                  0.21846712700325995882
                 -0.14272757603202648746
                 -0.18609754234076680834
                  0.18930132821255676867
                 -0.12051068628122706128
                  0.15593206305583265370
                 -0.20024429720939307398
                  0.17465041315115056864
                 -0.05550677241252426758
                  0.40842668432656298316
                  0.21638533097595979982
                  0.30818046289397998949
                  0.17121285915225897822
                 -0.15779271204911840543
                 -0.01678425886993788196
                 -0.03447649634216871928
                  0.51829220416423937845
                  0.15074470345884410927
                 -0.10616902102687512943
                  0.44127658623935517301
                 -0.30199589691322031859
                  0.24161178600810284678
                 -0.19482042870443219695
                 -0.17748188662444777663
                 -0.39606399724938445850
                  0.08634379046795750967
                  0.35935637226609873363
                  0.16865647405496658751
                 -0.20319679282259892061
                 -0.23297651520665149660
                  0.12668754226722447886
                  0.17880328805648684765
                  0.25710899086402216884
                 -0.43284080774705807615
                  0.09370431306726381693
                 -0.19613022745206454278
                  0.37600013447903007924
                  0.40026243810595146799
                  0.33316690208835020304
                  0.25717643923164412723
                 -0.57521047304202144179
                 -0.12628780660172428396
                 -0.01410324502029451643
                 -0.03097679958722486179
                  0.03179318224538814353
                  0.42737339421607395407
                 -0.00970365929869832985
                 -0.38660494775110970656
                  0.52977231371026656248
                  0.19270777323752061316
                  0.13494667557555753423
                 -0.52865135528168527568
                 -0.30062395074862757749
                 -0.60336753276904198096
                 -0.38887327608423200020
                  0.30187925847586860595
                  0.42783084078023886354
                  0.00920914733432089475
                 -0.21908502790136763494
                  0.45021243237277053240
                  0.39707053654420776390
                  0.01139261988521164670
                 -0.13979633116323894604
                 -0.06895842028951017222
                  0.17713777174175299178
                  0.12533587423919320680
                  0.41695708994597741048
                 -0.08227323766342521660
                  0.66726635252825206024
                  0.19803580026448056040
                  0.05704374191305752739
                  0.87601541064837717965
                 -0.21625828675271810408
                  0.10804768443292844804
                  0.23970801135889108213
                 -0.08167564844137954749
                 -0.05901854104123393369
                 -0.07983103083139846123
                 -0.52952944680369218311
                 -0.61961247073782432793
                  0.08925048978672708855
                  0.07901443611414181445
                 -0.38556143835276779352
                 -0.22688188848573298539
                  0.12137720486854272628
                 -0.33914570109652780738
                  0.25417856702276886427
                  0.19021336746489858616
                  0.17741889125226037449
                 -0.06555358935697522260
                  0.31657700678117145499
                  0.07475680855741421993
                  0.25030584435085595496
                 -0.12339873692576062980
                  0.37381861506259816963
                 -0.00883189054523291113
                 -0.06714403860963999437
                 -0.32832678386462377240
                 -0.06832594782059699112
                  0.24844662501842490476
                  0.18780679969306623978
                 -0.00223972532345268014
                 -0.00373821178745042167
                 -0.39410151360144757282
                 -0.24089692944838153599
                 -0.20920340462838840634
                  0.29676850155657158448
                  0.08042663268613799155
                 -0.16371515822698010090
                  0.27010447958061639673
                 -0.32979046980312332060
                  0.04909556027127635891
                 -0.36882434464897689841
                 -0.34925219634160109550
                  0.15460769376072824866
                  0.06304983338950297111
                  0.05337427985159449995
                  0.04896501787223567909
                  0.03691479082937734746
                 -0.30022776207970552909
                 -0.29780436529938697499
                  0.42541235368747992718
                 -0.12470564469574471622
                  0.25209813375401401991
                 -0.34960952472801487545
                 -0.05414342030689798385
                  0.17293766124883991342
                  0.30331553331547039809
                  0.07553312792225461147
                 -0.04837328284781001325
                 -0.11526659201466719906
                 -0.17353352850242687033
                  0.18809730181245915004
                  0.34364321878719361614
                 -0.06303951370818113020
                 -0.26765141709277384674
                 -0.62453756603103105505
                  0.79952586012178272767
                 -1.30226012832839477262
                 -0.67846924240277428630
                  1.81900059943596659195
                 -0.34020943048426860456
                  1.13394196550979575733
                 -0.66110726739980696376
                  0.34900805827041642138
                  0.16741150227288936758
                 -0.43726889250365896800
                 -0.48874411626223651650
                  0.15805650464980161574
                  0.34651656336977698647
                  0.94948408640907744349
                 -0.86215917091948024442
                 -0.19544634334788218988
                 -1.00640718566871600892
                 -0.05589180215776186345
                  0.53910004511106757175
                  1.52778338640231048373
                  0.30429800732785056150
                 -0.14393589337903683889
                 -0.69946752982954152333
                 -0.15057913155764135471
                  0.06275495818236517809
                  0.13880832468766624022
                  0.22027301327393314367
                  0.11783476665624868784
                  0.69094700482342008563
                 -1.25211189714556025976
                  0.36900020044373094130
                 -0.58116377789364970230
                  0.03572020035860024034
                 -0.89673459742997740918
                 -0.30395909249525532303
                 -0.05333309136821819119
                 -0.00097571284162329503
                 -0.95053974562957987970
                  1.11638317180088986191
                 -0.50182602902028017322
                  0.61397961705428316659
                 -0.36393548860788227373
                  0.66849012762629023143
                  1.20879843336071490789
                 -0.09006906265940299583
                  0.61474080252422647064
                 -0.01655928299638427525
                 -0.30521645396263857863
                  0.20001659555689715875
                 -0.00691339407859805494
                  0.14415717630883290168
                  0.04350925979579484820
                 -0.07075990749594221474
                 -0.17271778282606017885
                 -0.06968428412293638241
                  0.25165419570605784827
                  0.15957434419277846671
                 -0.27162165005793492689
                  0.29187483059346625014
                  0.19082856733348399492
                 -0.27388340472050193286
                  0.05843416633514351977
                 -0.27182317409913236972
                 -0.79987995598533889741
                 -0.45513240411416905351
                  0.03271843343679570887
                  0.43327156454792553619
                  0.61961086697956635483
                 -0.14309324195028105819
                  0.24560965539122817103
                 -0.42148664349214748359
                 -0.26668019220459748819
                  0.17475953499240068356
                  0.12295241640390530691
                 -0.36168869298940081736
                  0.01640889404556174214
                 -0.15718613014019239271
                  0.04596766087294345410
                  0.49485521571125112850
                 -0.05513868264339590736
                  0.20013145984788530130
                 -0.18627521925251713797
                 -0.24473329766169918398
                 -0.01591949505414370220
                 -0.30687786534137800887
                 -0.41484022974875373047
                 -0.13752732370175055343
                  0.12595935126886728672
                  0.32180040759639894077
                 -0.08692962649603028225
                  0.13232826477277406796
                  0.12831389412446816967
                 -0.00830406778714913585
                  0.17424840829070378789
                  0.39200405306554642060
                  0.01442694053887496816
                 -0.09214838737616160014
                  0.01603326497081131174
                  0.05647626275209094437
                 -0.45374778458729775332
                  0.07370198523389483169
                  0.28933929730340690600
                 -0.18071382285986775651
                 -0.38014448149165808166
                  0.41124228157987041676
                 -0.09316220148569510917
                 -0.05570541132773177556
                  0.25112743570305845475
                 -0.29760629637364521827
                  0.15789302183056860840
                  0.37720987872245670403
                  0.12747599636496823039
                 -0.01787371518420828587
                 -0.37252718338471318971
                 -0.53604486051781863321
                 -0.25086612223697263291
                  0.22036907165316829693
                  0.07489687570470207612
                  0.22779436013016549079
                 -0.19573492507701253929
                  0.12779255215613408159
                  0.28960547839288397487
                 -0.09404620631596738445
                  0.13687662352616666861
                  0.44243781043261498631
                 -0.09804954569723764446
                 -0.09718018647918376385
                  0.30555160253371232981
                 -0.21039665937136653451
                 -0.17490607077027914285
                  0.28284831482268535385
                  0.62648963670393453818
                 -0.01302528697930256663
                  0.83228314718282470075
                  0.00545974610805115279
                  0.10151316288783612807
                 -0.02054134155658928623
                 -0.28542666299192637203
                 -0.20309981280815928018
                 -0.00867312163713569381
                 -0.48436052741138524436
                 -0.05416643626866497752
                 -0.05311488477786036749
                  0.10466002914015493097
                  0.01318295961246810158
                  0.22892339754916524175
                 -0.11440207587235728948
                  0.24003883978470058613
                  0.13031328385277912707
                  0.02398411333068628179
                  0.23645955780790955947
                 -0.19649161638453041534
                  0.17171560778359964972
                 -0.17935503575791689190
                 -0.24282459860147206920
                 -0.10517984159249947618
                 -0.39405884635508275915
                  0.48588608526339172045
                 -0.31429070450461527031
                  0.16514469226343270192
                  0.37925843429367994686
                 -0.30210232630795652575
                 -0.02251742495796929186
                 -0.14226911870707686925
                 -0.19984788752430099334
                  0.19594834986929213216
                 -0.20948754490413709628
                 -0.40585922596646567539
                 -0.09118503023830797083
                  0.09830361651402405587
                 -0.14964507358913586854
                  0.07222773299899844235
                  0.04108213589412394035
                  0.33984706183311685912
                 -0.06947501082092069624
                  0.28191079017451037281
                  0.40702754376096783595
                  0.28858147124429339714
                 -0.21256730120278125029
                  0.24973172987094430231
                 -0.24133435261503816127
                  0.06657280380645866358
                  0.43896990821266684835
                 -0.48454173714938447715
                  0.02968154627481901092
                 -0.62332781814868054582
                  0.25507586975623003367
                  0.09985080766889944948
                 -0.33712364211826850724
                  0.18351462608247393060
                 -0.17449377530455650875
                 -0.18824658355204165749
                 -0.03979411789009863060
                  0.16192661210175099407
                 -0.38392851635523783660
                  0.31124619256129931744
                 -0.46493255238207081836
                  0.18912801261952202903
                  0.43756655634447827463
                  0.28556893976162139870
                 -0.63143982656343533577
                  0.40259697295516444493
                  0.49875753511584891564
                  0.43016052302220303405
                 -0.06197564177238799876
                 -0.28122539606102586740
                  0.35834655226444817044
                  0.00795876798978826377
                  0.06458941776863272310
                  0.00277833389464365648
                  0.11960657319042623803
                 -0.10349585804710868808
                  0.14528071623560656622
                 -0.35098864891373077191
                  0.35390176081473939673
                  0.14402839724078958517
                  0.19452423849409142265
                  0.18389030411692677824
                 -0.00247159143267839179
                 -0.12807246280402406757
                 -0.10271071920746648043
                  0.26098045137946607186
                 -0.08377450274991747603
                 -0.46097074021942102684
                 -0.05323239150834038758
                 -0.34123343240461684323
                  0.05327258722348099385
                  0.26452904768654122991
                 -0.08793257525114918371
                 -0.08772976005443736125
                 -0.36256602777182372899
                 -0.54052017567821453170
                  0.29505731939418988752
                 -0.08400307728542023844
                 -0.29173515889320439376
                  0.08699722931903923484
                 -0.15442196208653696798
                  0.15953112261530749683
                 -0.40748711028029754866
                  0.16844514032873456055
                 -0.00338837601223814216
                  0.06776628656178285137
                 -0.32988656144773303991
                 -0.45053509085741755280
                  0.42216268077838442485
                  0.31723880624311706633
                 -0.11820084128958119329
                 -0.01114433025408142520
                 -0.27347671294337760894
                 -0.27885982079743387718
                  0.39043111933641666544
                 -0.22162795637606022559
                  0.25615276860874441889
                  0.03770797160794275155
                 -0.25971757742264034441
                  0.22424805496789421144
                 -0.29942897308790167310
                  0.07785632355173352503
                  0.16978799915256093112
                 -0.09640083704210600235
                  0.13149290241191283202
                 -0.08170903197289466902
                 -0.53617627042060977960
                 -0.28656792485282767124
                  0.15658149456062842031
                 -0.42827858415895653232
                 -0.26495372606279893324
                 -0.04138471254378201653
                  0.04988092656308461964
                  0.13955403285153261672
                 -0.22391691735899130200
                  0.01714216069188484459
                 -0.01749837123222014457
                  0.07805696639148346216
                 -0.23617748537601765402
                  0.13019366287491315748
                  0.43571810826219375956
                 -0.27231333966454740469
                  0.31281283011973348707
                 -0.27525982620278693913
                  0.18289359459203188840
                  0.42815815009856800222
                  0.40525991261440064140
                 -0.21841592567392104085
                 -0.21752545827881428209
                 -0.09489577830476000897
                 -0.37316041481561251780
                 -0.40339387229611367580
                  0.01193771026159252437
                 -0.28290913700208797366
                 -0.15310653022085524144
                 -0.16070405402536169781
                  0.11759807659237529742
                  0.44414960661654290242
                 -0.01420177067045118313
                 -0.29491270918504636223
                 -0.26179706900380644852
                  0.11909641096807842275
                  0.14835322382764012938
                  0.24625841632526684899
                  0.43335114499477234151
                 -0.29548645530192318986
                 -0.33417439632659606819
                  0.31919808288688233944
                  0.25076463240564378365
                  0.20795303732508613193
                 -0.09670199750323814347
                 -0.30516849242710214485
                  0.37363947554897430914
                 -0.31266047539506142128
                  0.07745580294063299231
                 -0.48013301904513794316
                 -0.04789324812222097577
                  0.00980525327356484948
                  0.09371958490644503870
                  0.58057262641223716937
                  0.05146144697191751965
                  0.18955558606091504892
                  0.12148896350974439096
                  0.23627498557187393002
                 -0.10210883509546078707
                 -0.29586444555438640158
                  0.33977954022059642103
                 -0.02868780650486929193
                  0.63000001867850641268
                  0.12585814768324601887
                 -0.10280285660910098988
                  0.39643818959268856128
                 -0.28426521684714833871
                 -0.20877844399939818332
                 -0.05731139179181916898
                  0.31963039836681361727
                 -0.46154257337205745193
                 -0.44457041198116964420
                 -0.10357251079767827717
                  0.40544828182687353557
                  0.25817590208332907853
                 -0.07530400923854217721
                  0.26697010766226969558
                  0.08862643278000327529
                 -0.05334296834374868679
                 -0.13641659950244006128
                  0.29539879555409631617
                 -0.26077064329788501862
                 -0.12172834914580177301
                  0.09227820992479215945
                 -0.06917020755668151777
                 -0.03042340964566507197
                 -0.19375002402310134708
                 -0.34391109907621641995
                 -0.23901401173975878045
                 -0.04228100676183089990
                 -0.07787921149284929290
                  0.05758739024392733191
                  0.26006247337897936411
                  0.01844596334170893817
                 -0.67261632081482725098
                 -0.11709158945736114488
                 -0.37541288442426218319
                 -0.00706273065393345657
                  0.37669330349005714087
                  0.33347990522717413375
                  0.19333674634240041734
                 -0.37666793104635137857
                 -0.09312293414684094661
                  0.33313741162412302543
                 -0.28830237530637892185
                 -0.24534122896485466292
                  0.14251871205182001234
                  0.11156133889810267157
                 -0.27290909186705419875
                 -0.62019675271988883303
                  0.10414909232199980049
                  0.07471598259806272457
                 -0.35262867433586109200
                 -0.33947513539357798695
                  0.20017255914993767330
                 -0.20462693285249089481
                  0.26344887674932598864
                  0.05543530518188510836
                 -0.12248666726386997494
                  0.33144543805898390998
                  0.06571598914101550726
                  0.06828447655135964911
                 -0.26216237520745350187
                 -0.22176367920953202195
                  0.45146693398750936677
                 -0.34060438021851774382
                 -0.15606308084642295242
                 -0.26413144859846171553
                 -0.14915423245509304429
                  0.61116229885626394136
                 -0.92983027699693410195
                  0.14919060014051807594
                 -0.15547542541292005969
                 -0.02459819687658649709
                  0.32576181963839861977
                  0.00159930484143136617
                 -0.26559183244999495788
                  0.01856828667362699775
                 -0.03066053809714388428
                  0.15022116096679166697
                 -0.47172507652761735963
                  0.05421518162176924838
                 -0.04919205514561109105
                  0.03376274911897682307
                  0.36700133338900392532
                 -0.26664745037264836469
                  0.23629022022763188082
                  0.27433955760076023100
                  0.31501324269088903929
                 -0.18923802575095716172
                 -0.22648064283493277160
                  0.09973369150821223550
                  0.12236298532478270817
                  0.08954648604029666337
                 -0.05488470043642350304
                 -0.17804275655470452877
                  0.01278665464026602222
                  0.49243420541542076707
                  0.22078345874769653157
                  0.22320217522897697893
                  0.05214269756928278932
                 -0.16749203612006638431
                 -0.22292269365274880455
                 -0.11660711038181552357
                  0.27331365425143505643
                 -0.15720082051273476242
                 -0.04506008631274115855
                  0.08851894504115148665
                  0.00042585953224289689
                 -0.10245066969711648375
                  0.04541263842871852419
                  0.13419197331345261714
                  0.17731839870907198375
                 -0.22024323360682923623
                 -0.19751063303623705991
                  0.12616987157766579308
                 -0.27928427968439584195
                  0.46183326158283749541
                  0.50467919658271387373
                  0.04469729724043328828
                 -0.20295237806853061446
                  0.15703109567328560336
                  0.17229761150892811128
                  0.14188568190314246320
                  0.63884206979592250697
                  0.33605172823388856918
                 -0.13389397397817662250
                 -0.37327663711638381372
                 -0.09359640953402860453
                 -0.24818607271781331636
                  0.00743644189634901608
                  0.78983249963083235201
                 -0.00507911122048873911
                  0.32826070578646276976
                  0.00830306200377748868
                 -0.38064759398200015417
                 -0.22516744189129511700
                 -0.45869840530499583764
                 -0.35898209282025322908
                 -0.66219856347891714599
                  0.32366485874788825106
                  0.29773315334523509090
                 -0.10587458417553508028
                  0.31188792435483514431
                  0.10959723842459888343
                 -0.36789467643608703140
                 -0.35940829047098188376
                 -0.06242364041976506545
                  0.05933386539065082371
                  0.05257174331556854763
                 -0.14439780398805812656
                 -0.37023596270300040967
                  0.45257069489627310688
                  0.11864108130101233551
                  0.15917960548321458125
                 -0.18922472852557312151
                 -0.10695782274136346468
                 -0.57311030288485342865
                 -0.14085263797939201469
                 -0.67783237186510891803
                 -0.29375045378930808582
                 -0.23506473233660882260
                 -0.72494035347503327227
                  0.29426661948639337707
                 -0.20276330922445881533
                 -0.09224693686004549475
                  0.22827902821283657664
                  0.06393453878055566086
                  0.67432295463662206281
                 -0.09146086785547527520
                 -0.19833813917134912597
                 -0.11013216155691157860
                 -0.24062728522613044402
                  0.20792077311967815945
                  0.48420790747962905165
                  0.03753158491127712992
                  0.22457580505627608436
                 -0.15697362363303474231
                 -0.05241261873158212237
                  0.38866642055860500804
                  0.13644256626222753259
                  0.05393614462144259714
                 -0.12768297903291292439
                  0.11953844831990965980
                 -0.18821174219883499146
                 -0.02265582385265435539
                 -0.08471118035687584535
                  0.10133998857214002176
                  0.01374474737798391313
                 -0.64678198364077299498
                  0.52393194268195819596
                  0.10589137094679232365
                 -0.09806842967044283876
                 -0.23423145566890396507
                  0.02056823789770478514
                  0.12531842239399695882
                  0.01073998604806854565
                  0.29355646872478641241
                 -0.15550932945687362396
                 -0.19092498183537406908
                  0.30754129169196769977
                  0.50107259312511476246
                  0.18852827436262123428
                  0.18758538034554136931
                  0.32841112437219366349
                 -0.42927494587470388376
                  0.49723531239231050227
                  0.46531781251961429335
                 -0.15147817386657366767
                 -0.07881353216206810064
                 -0.24990869190552539303
                  0.47820519227745800217
                  0.40356952750938746011
                  0.36293826308788446067
                  0.34476872504802225095
                  0.14884001112019826230
                  0.01738643210583679100
                  0.07057000418696607325
                 -0.10862864770885671817
                 -0.09506086091585548570
                 -0.41847647375036606254
                 -0.42325479707777313720
                  0.01271481871930920694
                  0.08453251176025949887
                  0.54615600098816075025
                  0.39143743907282191330
                 -0.21028517834695187316
                 -0.32552085872425023938
                 -0.43499173372011140648
                  0.24409673200551884609
                 -0.47204788748461962156
                 -0.24561649598501117397
                  0.28428911777840426556
                 -0.07790964070979516931
                  0.16319351652202940262
                  0.04256816005797574298
                 -0.16564606187848471275
                  0.34653669417990584645
                  0.08134805920160970150
                  0.43083828688888581304
                 -0.10760920748191499241
                  0.38638412540097616388
                  0.29288287424456460606
                 -0.04946120877000278332
                  0.28124973904698419291
                  0.55056960815986322189
                 -0.37745052235525505813
                  0.08592762744596636748
                  0.44649266866770681572
                  0.23429161640966747471
                 -0.32697557599048321375
                  0.08456030077122834998
                 -0.04511324935300553562
                 -0.09687385273794626994
                  0.07506253206500503039
                  0.18137843483387014465
                  0.09812764200454296426
                 -0.19161132614998122037
                  0.25512429873909070466
                 -0.11121370720107144614
                 -0.04529634494129949202
                  0.10765060934711287444
                 -0.24823402585331239001
                 -0.29491979535857054673
                 -0.27737120789759106554
                 -0.02439185424250533626
                 -0.03376618555603112110
                 -0.20390275694362267056
                  0.13099182860303518194
                  0.44076679414084762865
                  0.23166052396062419838
                  0.05726613589923711806
                 -0.17234149197775222584
                 -0.35917485858117781383
                 -0.39074315101338380485
                  0.40168271419534012923
                  0.44319972382401140454
                  0.30698133532143495605
                 -0.18722354624067846784
                 -0.03565309343464524022
                  0.51091818247434817035
                  0.52037629140473717904
                 -0.30907611283471264629
                  0.53457588393061972187
                  0.25276201186662405895
                 -0.23568893192557738292
                 -0.35498078381537895298
                 -0.46205196905584144940
                  0.20559646344525014938
                 -0.03895879241847547553
                 -0.01531780062958818314
                  0.26245125602715019264
                  0.21723463558836017540
                  0.05739370685562115298
                  0.18287280300263589194
                 -0.08052540582299815008
                 -0.50905782664774734680
                 -0.06849060453721589337
                  0.12151063693286363876
                 -0.18228768998085037589
                 -0.05361167985802586106
                 -0.23533137251561536685
                  0.61956922319314933212
                 -0.26776970685151457729
                  0.07428886021607106205
                  0.36338291194556410213
                 -0.22807558733879135238
                 -0.43141880912289959360
                 -0.12654472800989935433
                 -0.23895374475099356859
                  0.37200876998988730016
                 -0.16584912028937690009
                 -0.03524059786292548652
                  0.30660212491370536503
                 -0.42186196195348585336
                 -0.45738865267545814053
                  0.13735376560036208216
                 -0.00843390290035558009
                 -0.31937446344512132601
                  0.47758908624695461942
                 -0.54107962675640453032
                 -0.32065553933731660852
                  0.35850264500379996901
                 -0.09856023258663121345
                  0.28598423257935623454
                  0.53684052087125611052
                 -0.14547601797300183102
                 -0.37139971626936302274
                 -0.30771046293098441859
                  0.41213857552736032908
                  0.18074504651339373673
                  0.07478091766731509438
                 -0.13134714638378941487
                 -0.14100828724014352611
                 -0.07956096725002059777
                 -0.25260400943420835418
                 -0.02367151663484659552
                 -0.40553280258810597836
                 -0.37317046161313727204
                 -0.10578894280571117525
                 -0.14563455933202379411
                  0.12250645015381102232
                  0.13199936425464178780
                 -0.67511020455699133347
                  0.03865862774335880603
                  0.05272082770515727768
                 -0.06217755509174767437
                 -0.26212907518355271774
                 -0.08773534199632060382
                 -0.26264118541261133322
                 -0.21733090646021188674
                  0.37845356722038653308
                  0.22088363016365955560
                 -0.07396067678075202156
                  0.51060096372107655061
                  0.10560394263231601131
                 -0.19224756856225355683
                  0.01058214473840645570
                 -0.25175969097470352054
                 -0.45572629092601940615
                  0.09267169581180095816
                  0.15587323480181519697
                  0.12274039238689561648
                 -0.10575539606060944953
                 -0.45049953234261902457
                 -0.27480657985351458761
                 -0.12063274818388952658
                 -0.33323172418236135517
                  0.17492019523734061992
                  0.08675964366829649888
                  0.10803739425847995459
                  0.21499202095827213421
                 -0.17339974196568674891
                 -0.14956545532098233786
                  0.29867505634823504623
                  0.12011234546156165925
                 -0.27211789423424848078
                 -0.36549155835021734928
                  0.05285145141980777256
                 -0.12222047485890449869
                 -0.26982765475685377421
                 -0.37019349338818935413
                  0.35683234427406784750
                 -0.09778374793720497060
                  0.14944058945795055116
                 -0.19193341519108964022
                  0.29913037448753704295
                  0.23115970610300562438
                  0.08162793275804954007
                  0.21055294084748865657
                 -0.11593600512676284497
                  0.01074279778237547008
                 -0.16727677071166016654
                  0.10676029261797477521
                 -0.51318959200438230006
                  0.34875134336946650437
                  0.26650284557600939506
                  0.09641188443593476376
                  0.14465436569093065300
                  0.05951507382994442041
                 -0.52215150865552650838
                  0.45845308823303548840
                  0.40995111583745813544
                 -0.13362041254917211841
                 -0.23517870462722520464
                  0.07209871860467603755
                 -0.12638298460318847516
                  0.03905195187463857825
                 -0.35515885004263642033
                 -0.22773077116385156971
                  0.28225290401255909156
                 -0.20858114625048074231
                 -0.24502114012319109460
                  0.54973107240301943843
                  0.10337244356502456322
                  0.12801045025523569154
                  0.18956994152591524760
                 -0.33507853345100474529
                 -0.00468850794785404413
                  0.17001699387203722535
                 -0.23775791427088463492
                  0.06230582238403185869
                  0.41023251543290384369
                 -0.38225678215388914083
                 -0.04735189661084736323
                 -0.33893151311621133592
                  0.24784440153513573324
                 -0.30930224365077702009
                 -0.00240029118365639102
                  0.11587036378510928714
                  0.02799331650262407503
                 -0.03394722796742283971
                 -0.17461630734389507746
                  0.05775733139186411264
                 -0.16687095881660096719
                  0.00849072442300105937
                 -0.33309007926369377239
                  0.12719971239169913790
                  0.29714816226262102949
                  0.21534791263308411535
                  0.11125551646554490692
                 -0.41780926373354443371
                  0.21634542640012444092
                  0.33517889915310011828
                 -0.17065616986183299031
                  0.33535804993900025783
                 -0.24828211893630591778
                 -0.35614663160770199113
                  0.31491289528603694237
                 -0.15357884411777039668
                  0.25069744872294141835
                 -0.09660469443825371594
                 -0.06289997730476232229
                  0.32290999684207616349
                 -0.06359277153483117173
                 -0.20548110249085504986
                 -0.24411332345016345524
                 -0.18560315181589190359
                 -0.43422091155762515546
                 -0.02364299963208370270
                  0.08215239597596586674
                  0.05258710137370384979
                 -0.18199370894400890286
                  0.00804348046383960777
                  0.09452778483076020033
                  0.15218838479053931056
                  0.31056355988488804076
                 -0.15083304501370273232
                  0.33510750019768004160
                  0.06454323400828380908
                 -0.26746411155116939229
                 -0.15908676866628804203
                  0.28220656543720085141
                  0.29417560495499939233
                  0.24459204531145051220
                  0.12458800812960903193
                 -0.04912738076966985390
                 -0.36900932756866661189
                  0.18480893402636816569
                 -0.69220718646988066425
                  0.35337615830113672244
                  0.09955096110213737526
                 -0.04009970674605781854
                  0.06681012503442444739
                  0.06983905827353636964
                  0.22973195026488701931
                  0.28002635735974779063
                 -0.14781368544216380578
                 -0.08632054551164156098
                 -0.43213440824654147931
                 -0.05290814501061080755
                 -0.12624115830952492567
                  0.42369367575334704323
                  0.23428343629051665009
                 -0.31435424605713807589
                  0.27663152003681473756
                  0.08005294677031164763
                 -0.12135467586192294487
                  0.36421190815818982323
                  0.16198818763977096413
                 -0.08567038569626300726
                 -0.51191551547425628854
                 -0.02740297315771499445
                 -0.16016447973926167814
                 -0.10663915602943657701
                 -0.10113096290467778193
                 -0.01438405020832414331
                  0.06188534772086558278
                 -0.07204193659367530422
                 -0.37083622499043827903
                  0.00179425774499805853
                 -0.01575077697777304067
                  0.15413121125971973591
                  0.20500919563673550283
                 -0.49237769122875657546
                  0.00178049518267289959
                 -0.08436852954858364839
                  0.08055807681530675890
                  0.37188075967049760706
                  0.44185257165050867423
                 -0.44035072852846313118
                 -0.01464053653120226187
                  0.28385963146616199904
                 -0.32006817503827234006
                  0.21812536976323848581
                  0.24408239926419755816
                 -0.45462373185037735501
                 -0.36701881786434414900
                 -0.36984702433449750947
                 -0.43251099864907199821
                 -0.41557363327863255931
                 -0.17397681456064814642
                  0.23256458519366340898
                 -0.21038262573345370421
                 -0.01815690583617662543
                  0.02741942055755971011
                 -0.09631041918951506464
                  0.19669738125674224305
                 -0.05368594200625562141
                  0.34281880820886212469
                  0.30133255106933076739
                  0.15867691531633465463
                 -0.34826738848476113120
                  0.25382194538431224196
                  0.21255393614387380063
                  0.06972540370051964753
                 -0.30879448593147312829
                  0.18100962219555011279
                  0.16045725125649620835
                  0.12976571705320083527
                  0.03194740457114332577
                 -0.48155921042535504428
                 -0.42160227921631243664
                 -0.02150443699883089824
                 -0.16087893704268679818
                  0.44011091504633836902
                  0.13410061858796848422
                 -0.03021746040019305038
                 -0.21860265063341627334
                 -0.15933425731594008656
                  0.18663681151541258729
                  0.20424039095242796371
                 -0.10078215718559323244
                  0.00275905570689803994
                  0.25728031292991776491
                  0.06625650135658202322
                 -0.22019946414167379523
                  0.07989026728326537041
                  0.23949974032966170334
                  0.19521858994073928995
                 -0.09780871982992002389
                 -0.53655142899973318205
                  0.28959932294560764010
                  0.27733244778331483937
                 -0.12944359544218322911
                  0.20294184015536939625
                 -0.39349092169905663940
                 -0.42774020965428705132
                  0.43227549083349858794
                  0.10650512314328113017
                  0.05138771469067109077
                  0.33513115334289650393
                  0.08057689415854692172
                  0.06411219949766060189
                  0.17621627230430572664
                 -0.13373039559352556394
                  0.30381641837088213531
                 -0.02785296676198617538
                 -0.04579998810383224817
                  0.17546668210827925938
                  0.02196894342517329360
                  0.29914421605328017639
                  0.27322475811440505300
                  0.03676978444428321419
                  0.14023487743576967812
                 -0.21977481216412025899
                 -0.17996848898284933949
                  0.30693597500745289919
                 -0.28436031767247083035
                 -0.07492064456289640462
                  0.11177126814264440324
                 -0.64255419285736525836
                  0.03543199024298020194
                  0.25674017070883781155
                 -0.13974748766613784290
                  0.06370556737637310396
                 -0.19104648507913379873
                  0.19425491960088761556
                  0.34735054380460750334
                 -0.17204341271742701336
                 -0.46332433248130783232
                 -0.42615266664420026199
                 -0.00332686862841555199
                  0.22136968439293683297
                 -0.45791832258792236621
                  0.45676226715680146029
                  0.06776880846248203860
                  0.13123632190928857799
                 -0.31653826157865044832
                  0.40575216940252428754
                  0.04146348824721628190
                 -0.03354985726995859258
                  0.36007998078868469483
                 -0.13471298310940946208
                 -0.14499560629156987845
                 -0.26219901535686890304
                  0.03779717249136342605
                  0.38976254582173164298
                 -0.18327912099670931600
                  0.37270191019145831879
                 -0.09889751934327087324
                  0.44506324284480813791
                  0.51516375139399117611
                 -0.04790859464700457371
                 -0.22929147229564736388
                 -0.10663713462989922454
                  0.39760411054829769562
                  0.02040226100760710731
                 -0.17973372387036870568
                  0.03504992437095583169
                 -0.13713194616027671313
                 -0.20143955243092867557
                  0.08919984601778600808
                 -0.22146525865956609436
                  0.13253907154273678048
                  0.56669185223255058581
                  0.27710328234267050940
                  0.23141081292354626076
                  0.10470835645114377754
                  0.50367918154289859078
                  0.19067397702658608893
                 -0.01091804354319899674
                 -0.10895228963306420600
                 -0.09666440819666989592
                  0.23464062225062445877
                 -0.20496232603400965644
                  0.40088186603645165063
                 -0.45492650190016148404
                 -0.19505735022319078964
                 -0.20241740558285784002
                  0.23025373347227093279
                  0.44670099377169664168
                 -0.16071273753301401621
                  0.24635945201407938310
                  0.41689646213722031387
                 -0.05590117758785265872
                 -0.10504682777215831879
                  0.08277092839449098904
                 -0.26567782248423310598
                  0.10826332210406192091
                 -0.14013192004219826581
                  0.26340326863230040244
                 -0.26253964464501416964
                  0.20593241064545905750
                 -0.05197476678124653832
                 -0.02103211779252925698
                 -0.13961947617645206754
                 -0.33428465748669161650
                 -0.32716369082730190065
                  0.07820972634288685110
                 -0.16433662772046880862
                 -0.29940379123986832210
                  0.02014794815793051475
                  0.30702661019943627840
                 -0.20139894717260350965
                 -0.16464155919881046097
                  0.03494999864465433287
                  0.10589941258644640365
                 -0.10793057624562031604
                 -0.28255746408907578271
                 -0.10627481669021277000
                  0.09012785077366217146
                  0.23534057080333870005
                  0.17912515805420159420
                  0.18934703834409746803
                  0.32195597309330781233
                  0.25985914185868974613
                 -0.03364264378166208214
                 -0.29275758558822212452
                  0.18704127092592218173
                  0.35199285862386542334
                  0.00586708790438633318
                  0.17089698983257686771
                  0.27671859555262373620
                  0.03068347301614291617
                  0.35085182166247946833
                  0.11621196398742675293
                  0.28439351235196425050
                  0.02940107104778073160
                 -0.32854382609473958832
                  0.07906595767536840624
                  0.10358290617950695334
                 -0.14590827690943328210
                 -0.31771278927684620808
                  0.35591971700147834179
                 -0.14154477993497024957
                  0.17087005128381035912
                  0.29676618112031416530
                  0.11952201120908501064
                 -0.25192958745461946357
                 -0.34331475990081300464
                 -0.16369365220148276996
                 -0.07923603700719648868
                  0.26956610711401085556
                  0.31181854775227058063
                 -0.01793980295846763287
                 -0.07818337474412292987
                  0.03974557629505085649
                  0.00452212688300719558
                 -0.19878684782037170375
                 -0.61939460712333793690
                 -0.61684495527244842528
                 -0.24993952906937705327
                 -0.06036230097273968115
                  0.31081174500865466070
                 -0.27749914156931992926
                  0.12949211605299967842
                  0.14268783373630861133
                 -0.32148084548341437916
                  0.12963598493334796413
                  0.10943224442906163141
                  0.24895326148494467677
                 -0.12690880441820706626
                 -0.03411373850023253357
                  0.00373905498060205128
                  0.21399290969291531739
                  0.03235945258956188925
                  0.45145950925566097345
                  0.30594485026206591494
                  0.19695585198331808097
                  0.31084815212446820221
                 -0.18546301826458091999
                  0.28453094052463040464
                  0.43662598413771858130
                  0.01552576926346319053
                  0.21689382858459094194
                 -0.25666663064916223069
                 -0.57234641815999376391
                 -0.28113446247402357203
                  0.28828329075432784778
                 -0.22629916568536861954
                  0.13336652741939272748
                 -0.20982545653386153184
                 -0.25871186032589432724
                 -0.06574025165508706747
                 -0.06397588769015404020
                 -0.22808660369306651972
                  0.31476677965497912304
                 -0.02522127201677003272
                 -0.12115586820190686612
                  0.20451052531581720428
                 -0.46247451338071021709
                  0.40551330740559204946
                 -0.27189989837683781193
                 -0.41337076593614813236
                 -0.08153198925228764826
                  0.03900265541298665595
                 -0.55796895419886438638
                  0.26716953061591663943
                 -0.67129802347962597153
                  0.08547745162908261529
                  0.12740846055777674262
                 -0.01774455856338408646
                  0.20286361785780224198
                  0.27700442351029092025
                  0.33947899151866567369
                 -0.42660323396772581450
                  0.36512042998664218096
                 -0.15761931014204061396
                  0.12732291989132338283
                  0.48151626844506678626
                  0.25846079338693905836
                  0.49567875005236033958
                 -0.05443666967772564647
                 -0.19618326133915764409
                 -0.07583051664381763868
                 -0.12916633068674485130
                  0.38506330596167986924
                 -0.15263027927441685794
                  0.78377277711013770833
                  0.26116753881542487115
                 -0.26374950118213008610
                  0.24515353579650492333
                 -0.11974258991900327276
                 -0.39506251261931052410
                 -0.10611413031414254626
                 -0.04594215283459890387
                  0.26383074807413314788
                 -0.29791478681463373634
                  0.04702450323392212000
                  0.04075444973715731944
                  0.53908838989188390123
                  0.07407654813419221884
                  0.11191122862958993722
                  0.43926494312932323760
                  0.11249424732617453737
                  0.01796953469156303482
                 -0.09053444274178849838
                 -0.56392668506925414107
                 -0.08365179611690508332
                 -0.04339561694303498141
                 -0.20728115590749976449
                  0.02548118878529546938
                 -0.28285784795781843126
                 -0.38324194999101468539
                 -0.27049262523455935847
                  0.13413900419062910196
                  0.09387094232206640021
                  0.38665610691466506532
                 -0.90915427570553464243
                  0.07171260675357640779
                  0.08970165259983679806
                 -0.04224438004331185909
                 -0.39378104451512824236
                 -0.30162869380637957750
                  0.23124459943884034807
                 -0.32851395665109384137
                 -0.38406386029533323700
                  0.16755524393663659422
                  0.16785327278016359820
                 -0.20662622488727050429
                 -0.20909125230499628345
                  0.05062697009754630467
                  0.10993095402859685839
                 -0.24752000081378536245
                  0.07160707472971040988
                  0.16625448425122543727
                  0.35065752726656179705
                 -0.14781689867678726724
                 -0.29220752891951362606
                 -0.23010842737392844803
                  0.29162585077006880629
                 -0.12157168355483358169
                 -0.15756973652873459968
                 -0.05120402507755150712
                  0.08178449000901616417
                 -0.19099897991613973280
                  0.34366108666714018094
                 -0.20993530325580073148
                  0.10861279234290693863
                  0.37579154216745469519
                 -0.27984610754003730326
                  0.30275607473657750734
                 -0.01705808508460021980
                 -0.30357466225381057878
                 -0.41212900686841252851
                 -0.17688127096028855023
                  0.07910792974901520447
                 -0.21279539204038641631
                 -0.37919825770138171350
                  0.01004312493292431815
                  0.34002665750354527097
                  0.08631309559557927280
                 -0.31953321023089853448
                 -0.04369216762116875236
                  0.27629130760048897786
                  0.15447976316167738586
                 -0.27084296710226962723
                 -0.44996064136083818719
                 -0.14396391701758443071
                  0.16290534403803880181
                  0.36631633251821049679
                  0.26510877647101832588
                 -0.28045387302724406053
                  0.09108382615949368877
                 -0.05328365745282788446
                 -0.02857560711540083065
                 -0.23750730856825974513
                 -0.06003985955276289893
                 -0.08856111855913165187
                  0.27149254912369341630
                  0.23498664485458367612
                 -0.11709524876367258250
                 -0.19693120686887005677
                 -0.35827944482239632018
                 -0.18744189019912749217
                  0.22193485369732443568
                 -0.01761822081904615422
                 -0.10064648345949887831
                 -0.01371457642550678001
                  0.32789304201433544517
                 -0.05838087669503982252
                  0.13031581342085343800
                 -0.00539496072051889441
                 -0.08671309857784044450
                  0.02168392437142588336
                 -0.23525637093053874960
                  0.47879538961260315055
                 -0.14520899088693239865
                  0.13318367145435422438
                 -0.02729307815784210237
                 -0.06676491742954983322
                  0.31854595288047254931
                  0.23942938429015428459
                 -0.59237037463926833780
                 -0.56606851911307332070
                  0.23802417042332854602
                 -0.28578136111461155400
                 -0.02149845241761913148
                 -0.24977419103979972559
                  0.41423183731092239057
                 -0.10639392322070681529
                  0.12146840428998177674
                  0.31886888200530039139
                  0.07641540220069435729
                 -0.06093018805299070528
                  0.03307444318553349333
                  0.01739637761961330617
                 -0.17563769606701673531
                 -0.36736919906077092346
                  0.06189752932623766857
                  0.47912038066797746350
                 -0.32046776437145463312
                  0.64260494937273338056
                  0.21697019831465935713
                  0.25648808760065422430
                  0.28739273817239641140
                 -0.33085485427243765955
                 -0.34702036451535034356
                 -0.39063106217698573275
                  0.07792129203025603690
                 -0.35881190284025182846
                  0.29858478702191937337
                 -0.10705790068005623106
                  0.13724269310462003379
                 -0.41606613330542741025
                 -0.16156409744399008455
                 -0.02778502569326146004
                 -0.07278057154121414518
                  0.16640468750186021563
                 -0.60036505823713171015
                 -0.55607363606582260740
                 -0.04992714939149454217
                 -0.14569236099602353440
                  0.51003563408545804503
                 -0.20167713637158396489
                  0.13775101242899648324
                 -0.63107010196566037941
                  0.21472534006544671814
                 -0.16279675722228850732
                 -0.22653843649157429097
                  0.21887323123849913853
                  0.02319659836649437881
                 -0.07781195433521106986
                  0.20345877251029481636
                 -0.31014334182983932520
                  0.26506143319384112278
                  0.30751879753505834136
                  0.02653308093699457970
                  0.26008110184291283185
                  0.30874820126084379091
                 -0.54292390990923811156
                  0.24322040145837048319
                 -0.38861512208848242311
                  0.03904091774129934966
                 -0.29613004093827799412
                 -0.29705652066689280932
                  0.12655114719747531660
                  0.04018977695765144076
                  0.18534208171139066046
                  0.14460981597206645777
                  0.26548179531994919866
                 -0.18902284945563987972
                  0.32202021741139019717
                 -0.17372844849743557250
                  0.13493705159414282058
                  0.31863936936677145217
                  0.39741209637253316345
                 -0.06327594234921660177
                 -0.30182289873414264170
                 -0.18711593003740351060
                 -0.12621228309821336255
                  0.10479466894582514791
                  0.33221315955198427172
                 -0.27860868453755410767
                  0.09985450811461893394
                  0.22953425281453956885
                 -0.33952964864893075969
                  0.07388284324704773309
                  0.50160251822819856837
                 -0.37266068333045243577
                  0.29481728941259355281
                  0.56390291381151158578
                 -0.09115084065144099523
                 -0.19217152326101680226
                  0.37221476503887157561
                 -0.62886297935677093474
                  0.38053026806014500494
                 -0.28160016058686743179
                  0.19470962003407496499
                  0.19293123321490276978
                  0.37294402013698518816
                  0.13404814678956633589
                  0.12735649504042792501
                 -0.16607648459215432202
                 -0.32452128486405884544
                  0.62517072976553533792
                 -0.24414342087792967328
                  0.46592942710540846685
                  0.01677086761727054898
                 -0.08026440588846954494
                  0.72711801880816806509
                 -0.17646005969758676857
                 -0.24628625507400958572
                  0.08689759973646662972
                 -0.00585577523722426684
                 -0.01093050299290019775
                 -0.05746338574355703416
                 -0.45337998055012362908
                 -0.31677005388448492562
                 -0.01481862347603580057
                  0.13851062510547115791
                  0.01410366022004229218
                  0.30039447364010402053
                 -0.22096436228328275586
                  0.17985307146201690021
                 -0.26114194696180809130
                 -0.34568230056104176651
                  0.13704485039695896154
                 -0.08397232893513734142
                 -0.00766794717019631932
                  0.02480370790389017921
                 -0.38501983674619527642
                 -0.37678275898544938416
                  0.21800482959474354328
                 -0.17601710620170316068
                 -0.14455543105607138177
                 -0.15071510643591962131
                  0.21627650577985987890
                 -0.63805837063836357004
                  0.22161568991655508643
                 -0.08123665108955374636
                 -0.22142759484561760908
                 -0.32462767072590209549
                 -0.31410788461451832898
                 -0.70602454704257111562
                 -0.00227154925196156173
                  0.20033330853970943153
                 -0.40605781154941816835
                  0.19158999460823714078
                  0.34822980048426904753
                  0.25484015232914897231
                 -0.26411045903922003575
                  0.07091211582170736660
                  0.19505835434382404192
                  0.50448007225352375915
                  0.35264432250352911735
                  0.18852459178046523935
                 -0.33736497881226068518
                  0.29450377717987852311
                 -0.34872111749555384508
                  0.42310705261633729801
                 -0.05216374910456654523
                 -0.40346417390473243714
                 -0.21696802198208858803
                 -0.12309567256026551774
                  0.13307936118181107332
                  0.08513253920397206853
                 -0.05391420353009106908
                 -0.06448589678224830868
                  0.19299872708900839280
                  0.07810829674390491750
                 -0.14848931917082655585
                  0.29101172488503157521
                  0.13071756822700891787
                 -0.20052374564683905778
                 -0.44650977101502636879
                  0.21900735955973479885
                 -0.23382102436742158158
                 -0.59776738462877299085
                 -0.23737194966287458731
                 -0.45966249441592549330
                 -0.13309782759046492884
                  0.13006244274934572469
                 -0.27400199111930639839
                  0.25485440106500190094
                  0.11343796636619028761
                 -0.04362459187468908928
                  0.55123441028366837457
                 -0.18064499389411131647
                 -0.27980928549216221857
                  0.09542123952229461525
                 -0.12244342500383165184
                 -0.06529598806621644824
                  0.28533391678847541684
                 -0.13887431586578402598
                  0.08400631803596503300
                  0.10188744860438178619
                 -0.41439324404245136968
                  0.17823658483056062374
                 -0.09723132403748920016
                 -0.11659893650685988764
                  0.07380063838420466982
                  0.31333041183360510473
                 -0.04860887585504326813
                 -0.63313040159905986659
                 -0.07074491525146220372
                  0.30865591800748876095
                 -0.00109317403485702865
                 -0.42124693354737413609
                  0.15921267004696862402
                  0.20896620956676312253
                  0.21443899449840267413
                  0.07488271002261702447
                 -0.58173318542704155476
                 -0.27195509316857774396
                  0.33021347193917455209
                  0.20919040528832555381
                  0.27706812520039769687
                  0.06636328822879962452
                 -0.30265448218452073448
                  0.17055639237210598602
                  0.08412210775892313419
                 -0.35906405742766811517
                  0.10162465124809015593
                 -0.11527817743832508013
                 -0.18133553613010275352
                 -0.22019383923336868780
                 -0.09758204329714238734
                  0.04549859278686757547
                  0.05663953538928984816
                 -0.36270792683888386509
                  0.15774321564931942374
                 -0.07964177753090208312
                 -0.36933983882890769612
                  0.28919018897624443332
                  0.04329302500326323577
                 -0.07988841348750191917
                  0.13971720664845119209
                 -0.27559087883263821972
                 -0.42309230452854679205
                 -0.00367581173313793336
                 -0.27121742805210763416
                 -0.32487373778796430068
                  0.31050516150421869632
                  0.30004087577720095492
                  0.38466696704949687735
                 -0.00418546444845605686
                  0.35212205754342457142
                 -0.02704717354661287376
                  0.31773117158969349516
                  0.09191344862345947331
                 -0.03599657229931835234
                 -0.23078195588563923946
                  0.31367223038719654893
                 -0.13269603835620202847
                  0.02333284231962453117
                 -0.01951490843109336334
                  0.05927041899436276406
                 -0.26989058992636144607
                 -0.04051471131428918682
                 -0.27808065693799349782
                  0.19546367322411853373
                  0.07707034994339485856
                  0.08033292185475168767
                 -0.11371726085200611900
                  0.21399998918271376236
                 -0.31986220827058670091
                 -0.16395123427744676126
                 -0.38463559880619718756
                 -0.05718789848301834150
                  0.27036705732664362278
                  0.26564542987103884064
                  0.03921109572102886992
                  0.55001101871396951282
                  0.05580373162811660959
                  0.28744496828453719450
                 -0.21914454561134136257
                 -0.03670247418646321869
                 -0.05775169739742525010
                 -0.09196287033684279189
                 -0.15784478771012802611
                 -0.26778313549508536706
                 -0.12391108521072652371
                 -0.17753156123041055614
                  0.18044833102394117197
                 -0.05572512641087001839
                 -0.10024882751151983906
                  0.03232023403606289202
                 -0.38521000865791199530
                  0.13516795594079877851
                 -0.11567190404496439926
                  0.62361162651451362837
                 -0.02889040387843713753
                  0.39048806161442400908
                  0.65004431036780740971
                 -0.24005696112346527893
                  0.15374744952038593704
                  0.28216587913347468408
                 -0.39140495614813114456
                 -0.44391531344430201766
                  0.13612460209528279287
                 -0.67395245984501483960
                 -0.16013597814020663623
                 -0.09906088365714459110
                 -0.26976818170308192180
                  0.56253811477487003501
                  0.70536487411970616446
                 -0.21016731844653468997
                 -0.06045633612216009395
                  0.45741745997174482197
                 -0.27303948484582490908
                  0.07098427698285525445
                  0.27322946730270014637
                 -0.38589033515144310904
                 -0.07711475912038086300
                 -0.08632038781462279819
                 -0.37531197786944747730
                 -0.15000208079561455632
                 -0.13557056551295898483
                 -0.42817763604214725826
                 -0.42039085803287368215
                  0.16919852815169553195
                  0.07252217248889945844
                  0.32626579211299533423
                  0.04018905627857167345
                  0.01469561528892321736
                  0.24969809357743433242
                  0.31398751485895265434
                  0.29487692955383060234
                  0.11549611480751234560
                  0.23008197613883996091
                 -0.19832472367399353597
                 -0.40078996404818478805
                 -0.06339343517708065368
                 -0.67780164586591984399
                  0.19321761926701477852
                  0.24346972223224713772
                 -0.03429297540834682495
                  0.44610859107248912458
                 -0.05775303873078724975
                  0.10952904657412471101
                  0.32608531506601784455
                 -0.16390062348458045438
                 -0.00864565757767284809
                 -0.15206809716599434257
                  0.15982206056317688203
                  0.04913953815027404665
                 -0.00708300148008718725
                 -0.10542752360371650255
                 -0.05160468219872800522
                 -0.00086426951279617074
                  0.00758626287189912481
                 -0.10469521286811020455
                 -0.35465851681681620500
                 -0.08612850047825623689
                  0.37942397116017562153
                  0.38732350114904778859
                 -0.19494821910800347320
                  0.06066891107830737345
                  0.52689538100537081089
                  0.27135405183743194213
                 -0.16022914188259432255
                  0.07592736297635484244
                  0.27408041145541378603
                  0.42265878805620105130
                  0.31104207708918901742
                  0.25746664374912298090
                 -0.09127062233730684482
                 -0.44441079164637270482
                  0.59468480197716877544
                  0.33602765603304091124
                 -0.07859837168593833412
                 -0.13083430837933504587
                  0.28154797750214627383
                 -0.00713390828746465408
                 -0.17553814874108603084
                 -0.21406259160017046539
                  0.02343518354072603171
                  0.14826094891917915297
                 -0.42641211599493322737
                  0.43786963882219209765
                  0.13131367367683322023
                 -0.06230037490284934948
                  0.12045936099489297499
                  0.24274148421473690229
                 -0.37534622543870305167
                 -0.37145565566953425707
                  0.40571768276726327684
                 -0.10288622303779892952
                  0.52472986376013919241
                 -0.72825756121480778038
                 -0.22617270330298458458
                 -0.24810668036645031065
                  0.05103489426123726524
                  0.21298522415504864136
                  0.09527108109540557979
                  0.10201855930447353837
                 -0.41980023312796033164
                 -0.47910785391722188198
                  0.09514241388879410288
                 -0.43268128196087612958
                 -0.00055090827337831707
                  0.28369496225530377309
                  0.52678921562392921896
                  0.19248098985215286727
                 -0.44261819646363786962
                  0.41317523114821641528
                 -0.47245068248647009712
                  0.55594172345019454706
                 -0.06061358716817080022
                 -0.58096119703948179147
                  0.39323877120990113898
                  0.49090709866693937879
                  0.20492057610361591458
                  0.12596671817155882800
                 -0.26178367817380510107
                  0.17714912223712331318
                 -0.04937448032003667608
                  0.12589304786737029462
                 -0.08124386256772206383
                  0.01123052301139486689
                 -0.10045642329843454399
                  0.66257602179728680714
                 -0.45174857142583851877
                 -0.43923353716250784773
                 -0.31934489841167901236
                  0.02813922446514539183
                 -0.25141002529193101633
                 -0.04086075406953937339
                 -0.07653367140332861807
                 -0.27656534840410895715
                 -0.27287879670798320664
                  0.01040731965102395691
                 -0.30989608568694959612
                 -0.08267197400218383174
                  0.00367823465383376475
                 -0.14288743976387163759
                  0.36900023958501804167
                  0.01712200818123125329
                 -0.13775873402525148914
                  0.25311095155166934978
                  0.30598967913622499015
                  0.38793175335356827604
                 -0.22625589453836450482
                  0.27135084342063159335
                  0.32069637416046103962
                 -0.34518068359256598443
                 -0.46368124026700030527
                  0.19364305728771435966
                  0.05461287887545338698
                  0.37846823738963936146
                 -0.16226078629686579990
                  0.02477542613186176079
                 -0.05725705443440359116
                 -0.47273195855722061065
                  0.11468263203073034151
                 -0.06111085739252304638
                 -0.05230917708145661760
                  0.09960959786232256863
                  0.11852069546326750304
                 -0.35198502590230207332
                  0.26501221137721076015
                  0.04234589878245884065
                 -0.32420548660829662246
                  0.05618920455543020831
                  0.02279982890154163069
                  0.15731778618919003976
                 -0.15932875258671783114
                  0.47812045848300399609
                  0.50337454342227372361
                  0.45384489054996351998
                  0.22066619989372662780
                 -0.22324111551579650659
                 -0.31028155300677184858
                 -0.31730118656716072012
                  0.21233769738780214342
                  0.24263199137304145014
                  0.22615574442712516046
                  0.17866603417029863765
                  0.14379275490214760147
                  0.31634373322564413034
                  0.03733390938135563997
                  0.24003743960220849663
                  0.17458068387503225538
                 -0.27684928843008826949
                  0.19820554643509455395
                  0.05181845123118188762
                 -0.15657765736197962192
                 -0.02700666139554603815
                 -0.45846205286682861768
                 -0.48989492301922021866
                 -0.40303719324835568516
                 -0.29798872592944780635
                  0.09319637640279897217
                  0.35840795993007545928
                  0.18360024492737894719
                 -0.02578239173075729668
                 -0.15865447086750553152
                 -0.76270700541750158230
                  0.28866436013355512014
                 -0.77867062859722635526
                 -0.21822155036821377916
                 -0.28784907354164074311
                 -0.58622614581406351508
                  0.66082243802988882564
                  0.11752911618872984023
                 -0.23533145925827617106
                  0.16743288859758648224
                  0.10401773510638753772
                 -0.17794158347271479825
                 -0.60937854896441856489
                  0.13277367645309245958
                  0.41962963496766919613
                  0.50222130722907687428
                  0.02610745965849936914
                 -0.38330319044397265227
                 -0.40266703061010533649
                 -0.20611059443652801626
                 -0.10053364635737299659
                 -0.10661060812492968719
                 -0.45861477743277911934
                 -0.44808241818583588456
                  0.25374156307747675054
                  0.04844963696386697660
                  0.19854093231769906480
                 -0.35374480130157115454
                 -0.10241635971384921433
                 -0.07302361044036605187
                 -0.25090143890285615536
                 -0.29522866908312289658
                  0.07122719927818917107
                 -0.20216240385392378331
                 -0.19155292406043705755
                  0.13569734905729913255
                  0.03552324127743050619
                 -0.09033140375525268440
                  0.06393365951329921248
                 -0.08980507065893782170
                  0.17716470370846132409
                  0.25180296541253005538
                 -0.35711062786039599048
                 -0.39535449498930702594
                 -0.25656664778806681504
                 -0.30201822519807036693
                 -0.07921727316415846931
                  0.32628964866827675495
                 -0.20494531756089712227
                 -0.08816736673772705701
                  0.57710600779800125260
                 -0.36092547953551196160
                  0.34503661967366056063
                  0.35019747910379156464
                 -0.20827988358294957649
                 -0.21338774219901462947
                 -0.11611296930372934366
                 -0.34282936203991798418
                 -0.00830461686221844152
                  0.21012487320160014304
                  0.22826409306630324192
                  0.29898856894037439957
                 -0.32097749022498206495
                  0.23833931477854694569
                  0.17552445129953928027
                  0.18335673474809746630
                 -0.09123030746403874847
                  0.07659196994262523761
                 -0.17746833696274252890
                 -0.37459669753058760788
                 -0.01687463019015736365
                 -0.19219147627300312009
                 -0.06039887368028060144
                 -0.29567050316024268142
                 -0.14528399394168015069
                  0.11234320681344600601
                 -0.09036366033294800093
                 -0.44656979772185079192
                 -0.04171040758314902008
                  0.22995908775232032362
                 -0.05747049187557384808
                 -0.14876754743576733886
                 -0.01788971028605421815
                  0.47159060350174308862
                  0.14537296825308093640
                  0.05691347397099123101
                 -0.20296862710009877517
                 -0.34727059168101015452
                  0.50052070750350929895
                  0.04608415935835983440
                 -0.44329903642921936191
                  0.04785506103102591530
                 -0.04141710368243245455
                  0.03296043603140652589
                  0.00805685704882717207
                 -0.40156263691920623948
                 -0.40544524266564324622
                  0.34258817616734926759
                  0.01343268163273629925
                 -0.24186766433524259368
                  0.18948594154903053433
                  0.04754409337465313051
                 -0.04527491119731214680
                 -0.13642604799529703397
                  0.19320321116999000788
                 -0.17702264028183783973
                  0.16650222700945127574
                 -0.21895160353423873123
                 -0.38638487289432799088
                  0.18637174471133735598
                 -0.05097157806063497970
                 -0.10612133050394532974
                  0.21334332892615046062
                  0.19922396961342186961
                  0.07531437773853004447
                  0.03281124564688137069
                 -0.24121523463942096122
                 -0.18836576171637836596
                 -0.37548359662873498355
                 -0.11520554716846992394
                 -0.14389234472799450337
                 -0.15569117363036560908
                  0.18336163448901884876
                 -0.34982650900279893547
                 -0.03015734634092476218
                 -0.47882457392802058038
                 -0.05746246956294329827
                  0.36173877756721556365
                  0.07667209858471378536
                  0.01627898378933322412
                  0.56558297449394034917
                 -0.38579133173442309301
                  0.18722353453397089229
                 -0.24619937291183635608
                 -0.02446653563536747497
                 -0.17010012315535311123
                 -0.10303544763253584537
                  0.23404876375278912959
                 -0.18814459036259162383
                 -0.50270232776093393134
                 -0.43488902751571506533
                 -0.21411766253330449805
                 -0.26744755083443577659
                 -0.04582791324501507557
                  0.14330623655710100772
                  0.29437551624000879436
                  0.10690760329521153960
                 -0.00307393733550477902
                 -0.22361604866244688683
                  0.11685046849913571787
                 -0.05724514953126528388
                  0.47950015366006204509
                  0.30435204767363677192
                 -0.14225703924670701772
                  0.25733248797635166483
                 -0.26808659166130915930
                  0.18890295072158946876
                 -0.20787103323135902588
                  0.10173225437870313248
                 -0.14553347281255910040
                 -0.23167266701356023506
                  0.34360929074703333574
                  0.05584171456450012783
                  0.02727141168590780859
                  0.03164617437325260851
                  0.20425098424749185688
                 -0.10239954837786414965
                 -0.26330364961064017804
                  0.01533360205474814351
                  0.10514373368775040141
                  0.06885174477069622156
                  0.05269451245932649242
                 -0.14868659126091343659
                 -0.16795836086046589397
                  0.30353586250219327658
                 -0.19099696359644130483
                  0.39229640221803163680
                 -0.23720356127911079724
                 -0.27051126445491435746
                 -0.24229417130134711655
                 -0.17732894293711620737
                  0.29369211846319587256
                  0.08304148443936353041
                 -0.13340429481915019871
                 -0.24733796173546013231
                 -0.08876165944544274489
                 -0.25226327481089960703
                  0.19265096285415170274
                 -0.03658814881590516377
                 -0.14849888372223973843
                 -0.37927636729009367444
                  0.03066297318109511075
                  0.16988677514738512175
                  0.14179052410109832527
                  0.24119194904713664451
                  0.18595101699397548201
                  0.21933066312564325484
                 -0.23176781417175451594
                  0.03620178681225964118
                 -0.32959397084965891267
                 -0.18427030265076124738
                 -0.37119939593082906804
                  0.38616399296191927792
                 -0.03096202482999418915
                 -0.06711953305264668768
                 -0.26002696728572061158
                  0.06120718058914297044
                  0.13435342161689159401
                 -0.06817800621116723581
                 -0.06532483278476741706
                 -0.17181951142536849853
                 -0.03361650921306755246
                 -0.40927440415414995112
                  0.26818523862926724188
                 -0.15098433897151788963
                 -0.01403213654301439448
                  0.28565309532025218164
                  0.06447156867399585212
                 -0.30610068684969909958
                  0.20759892125664150542
                  0.13367804642653319247
                 -0.03989999135810424341
                 -0.39107729715701633477
                  0.20660484580493979068
                 -0.12864985644513585172
                  0.04727584328070157105
                 -0.11358763123708072451
                 -0.03869065908966526357
                  0.21895284233675721408
                  0.31479204959758355642
                  0.04284671255325671335
                  0.35644641826957135233
                 -0.37259964387998445456
                 -0.00011942944889940300
                  0.46134225449082216786
                  0.24242587711260260575
                  0.26109118904297751174
                  0.03378785734863384155
                  0.47899245631526043976
                 -0.51136089251655958421
                 -0.25872877790207565729
                  0.12185966360090641492
                 -0.39450991819687980522
                 -0.18291549336780205115
                 -0.46834485653636409586
                  0.11721944059148409201
                 -0.80588577648840842294
                 -0.30832335721574588572
                 -0.42681572181013482936
                 -0.09330252029858167317
                  0.08637691944610056960
                 -0.14108095904917392072
                 -0.24102057099176257826
                  0.11291433622611181387
                 -0.16721553695085969449
                 -0.28529006582027194305
                 -0.20737976565100543769
                 -0.12165602354246733696
                  0.47373143835367909071
                 -0.32924267692657865902
                 -0.31507474586867056932
                 -0.26251554036979352080
                  0.07936343568792909864
                 -0.25398706518692837353
                  0.39591297127115276933
                 -0.30233792558055616606
                  0.06506469282164961676
                  0.29774083992619782002
                  0.00016227208550794402
                 -0.35569575187368046576
                 -0.38703888373508360532
                 -0.24813582799908523446
                  0.30131469353895118379
                  0.02398413862591231016
                  0.26504066528469355513
                 -0.34749641619671894910
                  0.05323729556370478122
                 -0.11043337610105333213
                  0.31295006129520624993
                 -0.11334462299860605106
                  0.11049076059254241133
                  0.02732628042094739640
                  0.02327172389033329777
                 -0.02838686234491194851
                 -0.18442006909413152793
                  0.40286629823108943693
                 -0.05384148263236936127
                 -0.28651145598974436801
                 -0.09838618098809981394
                  0.03928217159526448815
                 -0.34817546371007701556
                  0.14004020782785783772
                  0.05723595589542019441
                 -0.13890665266542492895
                  0.34665479300827473086
                 -0.16367783831348178825
                 -0.15576208889795437051
                  0.32290803473143059321
                 -0.17732626156540629014
                 -0.05828078697134970315
                  0.06688667494177216732
                 -0.08800447355612332767
                  0.08944374477910925492
                  0.15093804741934188640
                 -0.04867412805450584828
                  0.41141063383439041568
                 -0.00969963499666517959
                  0.07279246841471977147
                 -0.19410958311611370419
                 -0.57799854572831910193
                 -0.42287707444077810015
                  0.27256409410925691583
                 -0.00867281328451732260
                 -0.41546912185096718240
                 -0.29339193480556507998
                  0.09112252149132375745
                  0.25826210984985964458
                  0.03413501389264146646
                 -0.05710047478781915542
                  0.12388745884456825452
                 -0.13746556370481946563
                 -0.29104631317219109565
                  0.04060447605756253159
                 -0.03631426823286131728
                  0.01830442561635716586
                 -0.09065649184492109713
                 -0.00223873520570928505
                 -0.26697047397780071520
                 -0.34934152578366745034
                  0.21246888143907011193
                 -0.46176065054987225356
                  0.39523079046799980407
                  0.19824091640934252134
                  0.23857235753075964335
                 -0.40073716779058227155
                 -0.04737541130503531567
                 -0.12969919601230722739
                  0.05573534434081833105
                 -0.10060623829100329152
                 -0.28413776303641596899
                 -0.15933091769928059422
                  0.39399457199518878037
                 -0.26824972195350943460
                 -0.01530942054021564372
                  0.27537401015062146215
                  0.21209644017012319051
                 -0.18787841621927883762
                 -0.09766019463949875135
                 -0.41993940281386027413
                 -0.16145141767693629853
                  0.38878565537895815041
                 -0.35269053837070196700
                  0.09744358144923521980
                 -0.42796631450944011554
                 -0.24378202287968714357
                 -0.27300660275032012647
                 -0.16788502670101809744
                 -0.25727940378707647717
                  0.20306896105009045184
                 -0.00591990659704896404
                  0.40829311851926430865
                  0.18539544146512459966
                 -0.27608778175552872725
                  0.13080575457346432788
                 -0.16723946625198093940
                 -0.08713202874286242461
                 -0.01771674580411849650
                  0.24956499855999536575
                 -0.09327770726028961068
                  0.04034485124232379399
                  0.07002108569537941751
                 -0.32949720820615463479
                 -0.34816875117073148305
                 -0.06261520848094134784
                  0.07835313739722639392
                 -0.28560852969717259731
                 -0.08671690756670991096
                 -0.23502796360793273833
                  0.47361284167581979565
                  0.51260904312596788923
                  0.60027088378578274952
                 -0.19573122697053843555
                  0.15451034935304294726
                 -0.21718642565672824363
                 -0.16075854622665192162
                 -0.16651394869956120948
                 -0.98428040535090721708
                  0.32201637214359241090
                 -0.14567194225454416223
                 -0.18525592248913269611
                  0.51597934839124903750
                  0.41989885425117257078
                  0.52412979895402800334
                  0.38787338278201582975
                  0.03153167121301734405
                  0.04499111356650841581
                  0.68453707010840991742
                 -0.14029295827109655725
                  0.31550903549352193878
                  0.42883630162665398178
                  0.06012682033522363800
                 -0.12569120150012455528
                  0.00374389208445641318
                  0.51551775273732258764
                 -0.54981402040386240238
                  0.09858718273094928264
                  0.12737683639328706287
                 -0.33273060473405996484
                 -0.14518357007523910451
                 -0.19791815096460652068
                 -0.48163608261544715861
                 -0.46911552907816417290
                  0.39977471932398084276
                  0.31892321711890275759
                 -0.32510046744823611897
                 -0.26662633674057795163
                  0.28579321041554006655
                 -0.07640147854385791193
                  0.21181266555017758124
                 -0.03849457771695929953
                 -0.48901792677252048369
                 -0.21636040178692728109
                 -0.04265967775998780881
                  0.09120844842320191548
                  0.14923854321918264554
                  0.25107017638410145111
                  0.32833858185757169856
                  0.26663264221307075852
                 -0.37318089692879419239
                  0.02179946864843821525
                  0.06104425962572563452
                 -0.10780797171191319750
                 -0.20709636058533106850
                 -0.23587181735135379079
                 -0.26401963446851250961
                  0.22655096183526218789
                  0.48901188782644550157
                  0.33223130855173971243
                 -0.37532787118351834676
                 -0.37840910485077233760
                  0.27023078607400358164
                 -0.00854316686815641962
                  0.50534065616033829738
                 -0.20996656090700338559
                 -0.12081852584152021068
                 -0.35629748205541644790
                 -0.50935103952095606150
                 -0.41791905157277492444
                 -0.24008993699054198556
                  0.13844048487694582406
                  0.45935470687443258342
                 -0.14160061078899338627
                  0.45109896506514524095
                  0.08695693632035014775
                  0.20509975103266814278
                  0.21369734591213712660
                  0.28896624048705926713
                 -0.47258632093956498554
                  0.29459458475264688193
                  0.19203187796181092617
                 -0.00371796111044168150
                 -0.09446339896977974659
                 -0.14415940387964532032
                 -0.39200452551509357146
                 -0.23791452738974627756
                 -0.42557897757062346233
                  0.06516240042776755281
                 -0.15273023238311722594
                  0.04476565996379847784
                 -0.04187908540670573498
                 -0.53420629842160660683
                 -0.02383142460344092606
                  0.22824958869547590234
                 -0.42117659210414143400
                 -0.10342747351196671102
                 -0.06833188385333520409
                  0.15245125231964079537
                 -0.48964839932960568802
                  0.12420134069968470636
                  0.51661853449416061945
                 -0.05178193407652956215
                 -0.08982535912804930078
                 -0.72101796743303869786
                 -0.14346917411311055357
                  0.30176141496179731405
                 -0.24474023343696330035
                 -0.37849444802465553872
                  0.25006548684439006136
                  0.01120064691893785797
                 -0.17287601585052631004
                 -0.06827603765595684215
                  0.17800335547686318982
                  0.22307404115194842675
                 -0.53273084801505188324
                 -0.28082223447137538708
                  0.53784457626845860734
                 -0.20776230163838954601
                  0.21095033278818944855
                  0.13988024787339106703
                  0.09493279410673853558
                  0.06311520522113084342
                  0.21313806071893115490
                 -0.00593440316086056401
                  0.53807602839854784538
                 -0.18006540041780885741
                  0.17378216973337967666
                  0.32303906842945384614
                 -0.30068790658318417242
                 -0.11636128937176644371
                 -0.16518872304378728888
                 -0.19615981176938804276
                 -0.38155361517993680032
                 -0.27275813153363592800
                 -0.14411220560482998487
                  0.38917693177748297062
                 -0.12160083992382665630
                  0.22173178900638110256
                  0.21192823525712164989
                 -0.05029480573345532918
                  0.61924399693461684713
                  0.02915393178246624903
                  0.06360215584974451830
                 -0.03168244319009291127
                  0.13691121654443116906
                 -0.03681501326691287435
                  0.39655869716724206908
                 -0.64993123193697110995
                 -0.28360653002354324626
                 -0.11859137859401042148
                  0.08509335142106738692
                 -0.12277089603798695128
                 -0.20300511847647323416
                 -0.25610854629039941921
                 -0.01887631188932527293
                 -0.41732144942251325759
                 -0.30318271728541845711
                  0.35701647206664965939
                 -0.02197212948940024946
                 -0.42381549907459370452
                 -0.02035152359950821721
                 -0.26994757248696460428
                  0.32696144469285087775
                 -0.28306378518263064503
                  0.40689968949595600733
                  0.26814334581250170997
                  0.13242797250819446364
                  0.23475743173470642322
                 -0.01704992548264180549
                  0.03400051071852153856
                 -0.35000319694279297122
                 -0.07343181754408369122
                  0.12508394729370891918
                 -0.39130566164926361417
                 -0.54309971624015129787
                 -0.22465935163287970022
                 -0.36678339499686446468
                 -0.12475850135272278929
                  0.10179494120813879776
                 -0.06775373871379407331
                 -0.06104901547173256088
                 -0.09569413888661205958
                 -0.34965659538303250908
                  0.34036021435080854314
                  0.11262522652240997134
                  0.04186598181634541838
                 -0.31751179359110187628
                  0.24569062200542929331
                 -0.05259467393444321875
                 -0.00301579508591564563
                  0.72476009241513938974
                  0.80996661914245382530
                 -0.30182194552337171523
                 -0.41580070800423235555
                 -0.06575469219896359907
                 -0.21571988260819377481
                  0.30432702970455072222
                 -0.03017456155750676897
                  0.42832269563588010186
                  0.42323474735526245283
                  0.13726060142479179493
                  0.14624909930534710223
                  0.12505594164436079074
                 -0.39524559110070084378
                 -0.58835669213914110198
                  0.30669961964495856543
                 -0.34718142881274416389
                  0.01719341783334053797
                 -0.36094724894115742808
                 -0.17959505578123421965
                  0.06512872284171365711
                  0.37495893792552498214
                  0.03838046611153952958
                 -0.05747365182271717277
                 -0.18775768071630088984
                  0.08843748375896376412
                 -0.01086424758376203920
                 -0.14598318257198314440
                  0.17167639596256120682
                 -0.22916700937904341262
                  0.66010369646118149944
                  0.34118491305914838696
                  0.29357084276836536985
                  0.21840622031815756787
                  0.13407980488498993932
                  0.09524533538768215069
                  0.32816512749897197576
                 -0.07441694443232162171
                 -0.11419702314299856605
                 -0.38168875386946266026
                  0.00575832292337622766
                  0.21934490809611151274
                  0.17301200099587776826
                 -0.22891317356493695589
                 -0.00988477660951023705
                 -0.63769666022285298457
                  0.22940805803472769098
                 -0.16851183438764841260
                 -0.12459088128773740389
                  0.34825145813449859267
                  0.22657196757966460710
                  0.37857709773639780515
                  0.29181890888386513572
                 -0.23378716666080678888
                  0.29075266897405110944
                  0.38861835427744817473
                 -0.21558295910321673139
                  0.12203393144987950691
                 -0.05329111170792829449
                 -0.07988718266626006204
                 -0.00761667110285091549
                  0.15604497520663077048
                  0.18438172692793888818
                  0.09753755598963632922
                 -0.06849525240814766103
                  0.43381329038578714252
                  0.21961544785867159746
                 -0.03202695787794238025
                 -0.16819722891560404121
                  0.19662273211031811027
                 -0.20221188416672539190
                 -0.41253790060662037797
                 -0.37447744825689832648
                  0.38073387643801986924
                 -0.15129557043534841432
                 -0.21481635930081069419
                 -0.19651971131281095739
                  0.13291856731764484234
                 -0.09193718867127323446
                  0.28112899343849634404
                  0.15531006075876088723
                  0.17289618451491220452
                 -0.05919448688169638012
                 -0.15643197702168054608
                 -0.09410646735994647460
                  0.38179805187987775339
                  0.33113556408791045005
                  0.29269250523779977158
                  0.50175694161097406099
                 -0.17881587853569078095
                  0.05094938902611843845
                 -0.30900236943843117920
                  0.28211970502128164151
                  0.54422800371918100826
                 -0.10608129376652203346
                  0.01653968454086582676
                  0.10604604109389864641
                 -0.38410216047263379124
                  0.19627229305423804506
                  0.24106933999704618921
                  0.27789159602009011474
                 -0.47682703508941998161
                 -0.14970177056443581542
                 -0.43584403745632538385
                 -0.18484287063030818699
                  0.14593202028022814187
                  0.26384728702149912172
                 -0.17424394183016220228
                 -0.25960677339204157876
                 -0.26969034146063353141
                 -0.04917445066703663575
                  0.26084163123281994823
                 -0.26262752177804532527
                  0.25496426137957461933
                 -0.02991811772248948939
                 -0.45964806389132817355
                  0.40343265614752316095
                 -0.37751546567919724851
                 -0.27308037305358118241
                 -0.09215210709371589315
                 -0.02858818150776050795
                  0.53703897297690805779
                  0.23776523684715292206
                  0.09976444379748494740
                  0.15387924380454487405
                  0.22656032157106992253
                  0.21463755369791437388
                  0.01944124694399112022
                  0.45035430166507589567
                  0.00147254219674691007
                 -0.10213676896199372357
                  0.14357521898543776362
                 -0.28885514165303782796
                  0.38742702819289059901
                  0.25979314685668070117
                  0.14672635179188914245
                  0.07345941230922681253
                 -0.02739517256323716413
                 -0.11195117980106014666
                 -0.29174616807246761541
                  0.07775608563366781523
                 -0.33438226150455341301
                  0.21048725512028737539
                  0.17046971138942310087
                  0.29813714350411263387
                 -0.47674378659989657958
                 -0.61911305481048539701
                  0.26945625495749969680
                  0.39853758994734039822
                  0.05176503642184724502
                 -0.43856798554246684274
                  0.24040656172734048424
                  0.12498553505915663275
                 -0.01893092498562742518
                  0.47168908680025517510
                 -0.20474777192301019113
                  0.02423177233541147849
                 -0.28729543244671928992
                  0.29518242217066675837
                 -0.17598436565912703444
                 -0.27244422567201015406
                  0.33683998962709016389
                 -0.06675776099095800942
                  0.34836304046215327279
                  0.20386200457867356683
                  0.30547111265235654676
                 -0.15692981681475412503
                 -0.18908026319206439059
                  0.20631000235946495014
                 -0.07735349957413248378
                 -0.29404081924817354610
                 -0.34405034281208185520
                  0.06068058493365121459
                  0.11096902609823723618
                  0.03708881350642630192
                 -0.03178363277643976581
                  0.19092342838510767411
                  0.17262038859962552939
                  0.06841898742527034727
                  0.30843129332551905142
                 -0.28753167858217215658
                 -0.02976249118559903470
                  0.13434678932934029927
                 -0.00045361011427592478
                  0.05967370972073052920
                 -0.26409474132669236157
                  0.14403002627032424066
                  0.56781931617348557761
                 -0.22514041230727047105
                  0.17684110192816934748
                 -0.45372103212355852087
                 -0.54157268407678227362
                 -0.28693988292797822925
                 -0.24518113735072938342
                  0.07764174162956435921
                 -0.02914888992108822033
                  0.29660503372921465104
                  0.16089268370234965921
                  0.30085904507485355941
                 -0.11963018066206991541
                 -0.43018748231600384413
                 -0.30038195057197886184
                 -0.36467644689130268576
                  0.49136155407181730803
                 -0.28099382138105072348
                 -0.10249024585541841037
                 -0.35057034523037033935
                 -0.01913901075022083828
                  0.09699472878989787161
                 -0.17103081861544336406
                  0.24087438970141572536
                  0.01310238420819388912
                  0.06233360772034396424
                 -0.08955308922110977177
                 -0.21837267184156955446
                 -0.18084629017263875728
                 -0.02066001363934277454
                 -0.22587790608168939466
                  0.17367466591809879728
                 -0.34865632082641323519
                 -0.09969316826385452024
                  0.14163739346050632784
                  0.05940795720976378702
                 -0.28571601855217221289
                 -0.31254924853114479655
                  0.26472310664177184369
                  0.14903783157708205831
                 -0.27148465412395739182
                 -0.11702943600213908115
                 -0.24217281280804359156
                 -0.34270803554235684807
                 -0.28751405650693728777
                  0.05699969176724032499
                  0.27497934462838752312
                  0.21712251350901767832
                  0.17330763068012305927
                 -0.13906579733009627464
                  0.00867345805040626618
                 -0.15322462736238517955
                 -0.14100810359770402092
                  0.08344294347496951370
                 -0.22269238822818052115
                  0.25830065388302975160
                  0.06217971801377864677
                  0.15601025800268256138
                  0.25226196177683540833
                 -0.24425621685623830071
                 -0.04197657223717592145
                 -0.30677038869186334935
                 -0.23590749770396832186
                  0.00849201738978822354
                 -0.20255465883706508246
                  0.17124361749913918906
                 -0.32355627363710898203
                  0.01484680617564781285
                 -0.54944641422114326446
                  0.61489517152007311385
                 -0.35625676126618105455
                  0.25925581345015646928
                  0.45792442857481635565
                 -0.06524228465331469162
                  0.93637776360086100169
                 -0.04345127328281528367
                 -0.61651501154444809938
                 -0.36755827971156368461
                 -0.54767435256111574038
                  0.14016116596301245179
                  0.11596242838870254865
                 -0.11649069008897705579
                  0.04487348302692623775
                  0.10506171116543558397
                  0.40659720391205983470
                  0.16527335186519695465
                  0.29727412796512797666
                  0.24540961702608529715
                 -0.13164772728971521620
                  0.13849539582225106615
                  0.43710303936500360944
                  0.06811437536978158513
                  0.22963761778668581592
                  0.41508085962088597798
                  0.52390860057799049088
                  0.07479748543986086684
                  0.10214783042963945792
                  0.47613555852337047236
                  0.04302290860582343168
                 -0.18547955795501530618
                 -0.13285444294502934959
                  0.00407227684604748869
                 -0.21856402564361065988
                 -0.61959294069526493764
                  0.03047007091161111139
                 -0.02609692574575755292
                  0.07380316188529065236
                 -0.40403865982483205821
                 -0.25213196635588541739
                 -0.37891326307767736470
                  0.39333959654734018674
                 -0.20786606908153168471
                  0.00106443466114608250
                 -0.44183337067905437134
                 -0.45391999609160288420
                  0.42413724532228724851
                  0.26956069369924617884
                 -0.27198470760269705115
                 -0.03786675774028429309
                 -0.16743856463158787728
                  0.41648498972956787822
                  0.00766817167957363835
                 -0.06509943595995938692
                 -0.10774957893349434990
                  0.35077112244273656039
                 -0.06240145929535430985
                  0.30982084312955016081
                 -0.18741793470268822142
                 -0.33869974368477068216
                  0.17107331763360025811
                 -0.34150561950114716181
                 -0.49962818893903121475
                 -0.07630662626092563072
                 -0.19500806549463417516
                  0.29290698300364420570
                  0.28116950519483630000
                  0.24871267268583616139
                  0.60792720794133547901
                  0.11852451691985366189
                  0.29188292352644096272
                  0.09413635190850773438
                  0.18631117733308874551
                 -0.28148426912799490163
                  0.32155709615309924221
                  0.06367840958621769076
                  0.08136103544602700521
                  0.50307271415191157082
                 -0.46633655798392992242
                 -0.24337284213058180127
                 -0.33302825755869752689
                 -0.32170932283993725065
                 -0.40521372597445987074
                 -0.13856004101125704575
                  0.13500372639648483553
                 -0.14770625693818656421
                 -0.12314456495465546382
                 -0.15824421549587341929
                  0.11308913957624842916
                 -0.14308869377684582669
                  0.16723697308189208743
                  0.23113127804047287062
                 -0.18678874016604810060
                  0.26549108399624382626
                  0.04777078699491370956
                  0.04391050515183038405
                  0.28619712799650876001
                  0.04352963407248024164
                 -0.28171262387576806452
                 -0.40724828371741444988
                 -0.47089413301374555276
                 -0.44103639223294993643
                  0.47320867300407010170
                 -0.05032010889985422120
                  0.03879533079547498736
                  0.39650498728270044957
                  0.17932477174851255142
                  0.25310692434459125533
                 -0.38521687624773331970
                  0.36952959041995725453
                 -0.27832817125144204695
                 -0.02714090238946748751
                 -0.14235750451028608699
                 -0.27158477211739040502
                 -0.24231852142838383735
                  0.07057080069781505871
                 -0.11882231225500584915
                  0.29230816732488446030
                 -0.11583414735540634166
                 -0.20350223210563120335
                 -0.08520328361182885613
                  0.77400541320482962870
                  0.28712960195088488291
                  0.19784852040536674012
                 -0.19114381323361695486
                 -0.19531331673305962759
                 -0.20421083808315221297
                 -0.41677987217258560815
                  0.09965544426895255048
                 -0.17210221798452102204
                  0.26682387561526971220
                  0.24737140087453945991
                 -0.43711867926727582256
                  0.14994798089063063329
                 -0.26381706925829861987
                  0.07617897969547685055
                  0.19525544245096260187
                  0.14174280111265938342
                  0.11706342283978612984
                 -0.03060077453987613064
                 -0.04454443773381018545
                  0.02032589186853244953
                  0.26351840531431908188
                 -0.20381429174162185580
                  0.07036438759801431908
                  0.23349782067803501184
                 -0.15210536174417041422
                  0.28909570456717004205
                 -0.24611109631069313930
                  0.13289175476386086427
                 -0.46161097384465932247
                  0.14152788307639790899
                  0.10645265237764793553
                 -0.56416403664154046727
                  0.03460488285084473842
                 -0.27457758587006220186
                 -0.28017956580481517825
                 -0.10074622594731522107
                 -0.03682278610793653789
                  0.40296965676539897583
                 -0.22967014159395290895
                  0.37144882014984709206
                  0.42529168431273745021
                  0.59201042342749088387
                 -0.06843412241867755097
                  0.34183056764594271781
                  0.38279892995733733052
                 -0.73622564312673810516
                 -0.26465665648492980866
                  0.39025138306194284699
                 -0.18299942660310419829
                 -0.04520752377825347501
                  0.06220029563565108305
                 -0.04336129292393346019
                  0.06423917937189424499
                  0.36508410598216112231
                  0.29316909021403347868
                 -0.35022753441531406793
                  0.19885113041757265795
                  0.16729068967226579101
                 -0.36434250670299245245
                  0.52030807777101184541
                 -0.27342423615384425784
                 -0.20280170171569755766
                  0.27611615780805687237
                 -0.17502285837106451583
                 -0.04114510268710405705
                  0.08602617364767969899
                 -0.01582913526656935452
                 -0.15043069983917253807
                 -0.05565606159744927728
                 -0.02378970729403373854
                 -0.10101912038291355200
                 -0.10671359583727640929
                 -0.17822334416025434334
                 -0.08561258311433367352
                  0.13663749740551647816
                 -0.20914540554446037213
                  0.13835344062475485316
                  0.46604031214342422906
                  0.50175399204614790083
                  0.30070559246467376546
                 -0.60347503090474963194
                 -0.04748600007052017347
                 -0.08886467489450716739
                 -0.55074175121001500699
                  0.31379715458724821708
                 -0.06555142987227118023
                  0.01188985390905472790
                 -0.14405528250482069197
                  0.32876636960418587075
                 -0.63667414671670552462
                  0.15710234493554289803
                 -0.13306467710192443343
                  0.51795687452862060329
                 -0.16793157479844186830
                 -0.49514432086996784665
                  0.04074796906412763570
                  0.02693901957475564740
                  0.14125231206046037769
                 -0.06795453921875210801
                 -0.75911175796419938511
                  0.52395951935999141025
                 -0.55597876046105165759
                  0.41300833540001335997
                 -0.05084935670974034816
                 -0.50380848371430098087
                  0.42313893013634162887
                  0.39092884006489209137
                  0.47194370635272647752
                  0.21780051692269197794
                 -0.07526692021324452031
                  0.58194880615236643795
                  0.18340132444485637842
                  0.54808774410276916988
                 -0.31099297383202245681
                 -0.03075974999404100518
                 -0.25777608246081684662
                  0.00871136769492427375
                 -0.08449317902924198542
                  0.11599329585074345805
                  0.17884740458361378379
                  0.24603647373705950230
                  0.15805485243739489376
                 -0.23422225517465283806
                  0.33182829981864769842
                 -0.28448095416514129763
                  0.01304211521037604467
                  0.02849129250618031781
                 -0.15148124751328506665
                 -0.32421037929242446651
                 -0.17508960894141481490
                 -0.18973341928885553709
                  0.31523788853005879629
                 -0.16310805178878437505
                 -0.03311982662479497075
                 -0.05008138595402575333
                 -0.11499544163239204531
                 -0.08665287954720125863
                  0.24793037939564990801
                 -0.07919158852728698517
                  0.04296836385618878901
                 -0.04673347635053779620
                 -0.13728172882811934263
                 -0.10663935837457651223
                 -0.39417602398776457884
                 -0.02002370585671506623
                 -0.05535488589054231301
                 -0.31576519037232259057
                 -0.23471517787225235074
                 -0.31534819777802752805
                  0.14070506549830755216
                 -0.34170505943343698618
                 -0.21057044770532229450
                  0.41586281950344494707
                 -0.35271581714281996511
                 -0.06328552803820146344
                 -0.33752021361976441982
                  0.30606331829594268790
                  0.20287474445719666516
                 -0.18474129207344505699
                 -0.01168384753252553650
                  0.11734241820405660883
                  0.16013965052157597135
                  0.19537260930053079733
                 -0.21118864547525470488
                  0.17456754677995983682
                 -0.33731856877651378301
                 -0.17053362900843507810
                 -0.22303877070844146946
                 -0.38009092791911125442
                 -0.06554977427239355725
                  0.40169682846117371611
                  0.15382745578551559884
                  0.63149234454767677605
                  0.41550943326903155839
                  0.43014312294452167196
                 -0.16440456422543550663
                  0.24135937623927211648
                 -0.01648099724591813378
                  0.26960490620123889194
                  0.11275826102591483824
                  0.07788158683129717264
                 -0.03896159553452550189
                  0.15257928386007202359
                 -0.07486127628815249235
                  0.04122718819203920887
                 -0.32258279011571339145
                 -0.06997730547188243944
                  0.15435495594373299655
                 -0.34872516317619112192
                  0.14226900806540720978
                 -0.12614392550992392650
                  0.21944352963238855647
                 -0.15019191260715464287
                 -0.29768718144651895585
                 -0.03766094839294312907
                 -0.00759103691085494508
                  0.27351150507277244284
                 -0.25460702721980887908
                 -0.23777629512335879403
                  0.10867535287446510039
                  0.00412192491377415433
                  0.39607924006404315875
                  0.49083121418888431275
                  0.34999036860063015286
                 -0.09181849798642541249
                  0.13994442568383552716
                  0.35815695978616246542
                  0.08627200690113784320
                  0.04261742627351221280
                  0.02220326279006813730
                  0.13231260007634099152
                 -0.41507181729883962928
                 -0.46718381377774070851
                  0.44792411780579288738
                 -0.10908440562116941686
                 -0.28480801783109771508
                  0.19812132653969630192
                  0.08083185398576193947
                  0.04684151600655596381
                  0.13441211272670910981
                 -0.41187360930877436882
                  0.31789132166434480586
                 -0.10033916349216460973
                 -0.05621651287635669181
                 -0.25142553954488222612
                  0.22059235508015792582
                  0.09892410518722330459
                  0.12195565065753090350
                  0.29770487744463008939
                  0.12936315652941710042
                 -0.30388768481512806741
                 -0.41957868949901461209
                 -0.06279337893691927519
                 -0.40627767478298171255
                 -0.27957720025236765249
                 -0.23756809933640168908
                  0.24796940579127552118
                  0.27973282562824142161
                  0.17129171376716623154
                 -0.21132779376127427962
                  0.41001788310317344166
                  0.21496876678607243494
                  0.07747265231732876345
                 -0.29433006133087369349
                 -0.40476493534538887653
                  0.06804433695630342227
                  0.25653462079163957821
                 -0.08276539175061772835
                  0.26428574441963526009
                 -0.24384746424887768224
                  0.09410341397864455115
                 -0.30744987455715117042
                  0.24512418368558774873
                 -0.37801275001894829586
                  0.16452867248143293599
                 -0.26967165634033585242
                  0.09992787654983174839
                  0.22295551203767996484
                  0.35707549789416109798
                 -0.08166636607916018253
                  0.39824967246348913497
                  0.12251524414226169779
                 -0.31394978120297623025
                  0.21985924271286860776
                 -0.92299514098344181967
                  0.26213867102936933007
                  0.10582691471060994004
                  0.25109335139968230743
                 -0.05002075297062912734
                  0.16847984670214916081
                 -0.15061948154716212067
                 -0.23831614659276356694
                 -0.05115222165010924193
                  0.12316514643342263424
                  0.59473695748699439978
                 -0.06030555893500490899
                 -0.25469129368890447429
                  0.18025593240670290118
                  0.73907110731115943647
                  0.13518044444075680288
                 -0.41612612416268840443
                  0.11958438457871946314
                  0.22917265846235673754
                 -0.49669121645634434215
                 -0.02173096466640114452
                 -0.01240170556008597311
                  0.41465205067215782364
                  0.26839645053773869554
                  0.05302071136851260746
                  0.36288188053037767622
                 -0.00931406934179909891
                  0.29152829246898037674
                  0.13686326654514596735
                 -0.64142982103561818619
                  0.13253259011091855779
                 -0.09748694228838478137
                  0.28229247600341333957
                 -0.13621362740210174458
                  0.76261117234359820927
                 -0.08591773431092206148
                  0.24616638564094653341
                 -0.03074401654132153175
                  0.38035948838678368400
                 -0.15501810565868923142
                  0.35185059916964722682
                  0.11054860404917474237
                 -0.22903791827727726371
                  0.24708340350176946631
                  0.21199064614774892901
                  0.16452580999532545603
                  0.04907648881463119728
                  0.12005191848419133338
                 -0.32735451214991118096
                  0.16475656627648865848
                 -0.01939526989561132092
                 -0.06808391976758992881
                 -0.42436162344173616878
                 -0.16727550571749530417
                 -0.42179000777942976530
                  0.11439470513304073052
                  0.11559891098763590278
                 -0.16912987577031349251
                  0.55398360318701900251
                  0.08076425826777219874
                  0.05516988578755796513
                 -0.33078199565974858443
                 -0.21830519270535819754
                 -0.24448366746115018922
                 -0.04554351001551371070
                 -0.16476153961236592038
                 -0.04764667311577230890
                  0.09528658307354269386
                  0.36854043719920620559
                 -0.51663996918668519953
                  0.27381891462895507905
                 -0.33676516396977873580
                  0.29153323390356405964
                 -0.10320891765556092223
                  0.12143588471636733439
                 -0.40787668899298684666
                  1.04722492323855087548
                  0.20817437920782461136
                 -0.31453536241309792976
                 -0.53444299298354269734
                  0.11129388572733962814
                  0.18169360309515358853
                  0.02300175254101387984
                 -0.15367906269260223073
                  0.07498777738431569584
                 -0.25686822225489269744
                  0.08009750202334373070
                  0.19848971179438038015
                 -0.12917181466339267004
                  0.29788643064240249991
                 -0.18801875922959460086
                 -0.07671187102248822054
                  0.23174140850661717472
                 -0.30125935444473722624
                  0.19562731770259952913
                 -0.43279070189589163853
                 -0.58910323072548442802
                  0.28919096848655734266
                  0.22596917048741205214
                  0.03898494971250287405
                  0.02175204511224356971
                 -0.06650965139069384136
                  0.33952362180283163218
                 -0.33913803430115546655
                 -0.50278076814376226888
                  0.01896860825849466109
                  0.00310844958112606535
                 -0.06756174405505170621
                 -0.29973433339154975652
                 -0.22136306975130248809
                 -0.43756304729010925270
                  0.17733476925277788516
                  0.08040507308166885969
                  0.02297798156872671999
                  0.31748665808773901542
                 -0.62494642704261760269
                  0.35096376344015267623
                 -0.19188457469286629431
                  0.21488597546858162479
                 -0.59594099661905419740
                  0.32124079679380435071
                 -0.15509806464523101521
                  0.07271042008399654366
                 -0.12042304868989320288
                  0.02734367232766116151
                  0.40923511351591873586
                  0.07792041029290378007
                  0.08880206193821622851
                  0.22773436683921247092
                 -0.04246994668019096753
                  0.04500835028497083418
                  0.55833274105424557376
                 -0.38096384993979548472
                  0.10301481942146696602
                 -0.18648178776611534779
                  0.03143908418535895644
                 -0.14913999529541580036
                 -0.15641731368871675256
                 -0.53523938283563998741
                 -0.14697248490277922683
                  0.28695833309840912406
                  0.24900077184589097801
                  0.12598683815173986056
                  0.28318115271990601522
                  0.29828607886357078049
                  0.13424909074164398382
                 -0.17357208391432643602
                 -0.27384506987440726533
                  0.34682260816006427184
                 -0.46125763118301582599
                  0.20913992239992343358
                  0.07553859864713417804
                  0.13776204471388905914
                 -0.34508179855603310360
                  0.20051013829306679748
                 -0.05007620482850074634
                  0.01329612002114251811
                 -0.14770261158755704223
                 -0.21000767783860666005
                  0.13789351017085332840
                  0.34355204906947806043
                 -0.16479680972607968492
                 -0.07965669359231046520
                 -0.02468910833464227697
                  0.30607550827006757554
                 -0.23284094779798242270
                  0.57196175515179026316
                 -0.46504892690871907357
                  0.18108748266094978896
                  0.19222040368291973267
                  0.09048073865553918349
                 -0.12236937370817956017
                  0.03070075223609525922
                  0.03614639156998562808
                  0.24330876364456413552
                  0.02523769305016883638
                  0.01191555015034103000
                 -0.11660192448055746450
                  0.38362080620160626809
                  0.14277683348611808212
                 -0.40499768344535552744
                  0.24008459951227884011
                  0.25316014862351848835
                  0.12249368098257062965
                  0.65827539820438096818
                 -0.20577166110655945030
                  0.17731747657025218046
                  0.16095638458092639822
                 -0.01048533577114388500
                  0.05407998499939529330
                 -0.01686094608738011175
                 -0.18220687966139162417
                 -0.13441952985910887719
                 -0.48111353876147272546
                 -0.06410146174134923047
                 -0.03518382452042364411
                 -0.40133393531695699119
                  0.31302432093867205154
                 -0.00882759202014932361
                  0.29688190972056621719
                  0.15964558103161366476
                  0.02826209087428892264
                 -0.07840356546080382016
                 -0.20515503128177245418
                 -0.08154485261334908086
                  0.27754842460018502859
                 -0.03066385514906348059
                  0.37167650172394339769
                 -0.02641093242236898161
                 -0.32839740118390681189
                 -0.32484416707863994489
                 -0.08748147273795131573
                 -0.00104931997013377144
                 -0.21377530904382108234
                 -0.26318731918925519775
                  0.37644442544006134765
                  0.39396932913867416248
                  0.16022352157137964568
                  0.06870136357710369956
                  0.30959188539678067498
                 -0.25182731871505931176
                  0.18999958332351435386
                 -0.40169777884930624179
                  0.25971584510031492377
                  0.27476036308277212994
                  0.00521877822372552886
                  0.05415298669269447834
                 -0.23341486416624523947
                 -0.08535817365549223934
                  0.41797416921846924920
                 -0.21177922355255793252
                  0.17955603929785002304
                 -0.25191866897657833047
                 -0.10543939933670108677
                  0.00531184016751073441
                 -0.21400573408825446231
                 -0.23713022752972498508
                  0.28349308451253923957
                  0.15140535293960105667
                 -0.34065841129492280270
                  0.34287372702927859658
                  0.35194378348368343667
                  0.49403906110472350921
                  0.23959987380187436345
                 -0.32410858657994295884
                 -0.21698956204848565688
                  0.30494640727527866364
                 -0.05728433052449679458
                  0.07685681208778427642
                 -0.38669349320607931952
                  0.01881439351269428503
                  0.22593813029587450636
                 -0.07105253835148986341
                 -0.32802149329028701397
                 -0.31590433497251774186
                  0.17362838956658235845
                  0.03194754592304133167
                  0.42751861456158635200
                 -0.05365136251944052637
                  0.40413866176060353474
                  0.12800627474118028704
                  0.01318786158717149409
                  0.36197829557900407238
                 -0.07708634915282683298
                  0.21041301221413893918
                  0.33090989502516438003
                  0.13168099710674735503
                  0.23481434782149118723
                  0.25153325167994400324
                 -0.28239124827625594616
                  0.13210861743908278165
                  0.32108799363374529445
                 -0.27692105008741330074
                  0.26025923927030364391
                  0.32343846949680260527
                 -0.12100998369746161776
                 -0.12745926025325016173
                 -0.25427113334030337910
                  0.14330513580675854901
                 -0.15426126455199154486
                  0.11327329312858053223
                  0.08929450446375666872
                  0.00297227844015178488
                  0.29019812414930379330
                 -0.04593324780788622663
                  0.12962196291526514869
                 -0.03089388936647500389
                  0.18190266619945075210
                 -0.15534697011278009171
                  0.20161568336180746286
                  0.24052049662547697606
                  0.14988294760433196195
                  0.17889963660818239410
                  0.03962450807234696448
                 -0.32621970251575022059
                  0.34100553938459982062
                  0.12857022123235298250
                  0.32969886577422385932
                 -0.15852446627447583372
                  0.14484088579954126907
                 -0.26401138721010369848
                  0.25876120370817728977
                  0.13276742361897941880
                  0.24073825315206501263
                 -0.33612351242330096301
                 -0.13446155616480770512
                  0.23478323224820979442
                 -0.08767375673194653662
                  0.23309481512245866508
                  0.21183568060535312716
                  0.11959170335891289305
                  0.21628319711741658682
                 -0.25570485430942152538
                  0.33584743718795234679
                  0.02007120147864554713
                  0.35849458907028175503
                 -0.01514655157133427792
                 -0.23917269505686933329
                 -0.05381699684129558764
                 -0.24363402601065115016
                  0.01354252911231442272
                 -0.26215548711928149395
                  0.19559503253196663941
                 -0.21355547764671140021
                  0.32553987282154756011
                 -0.08522953772738453559
                  0.06741869426370222795
                  0.04830270314195526937
                  0.25896732217381435159
                  0.08277867906331055903
                  0.23882940768858035296
                  0.36484071772566256664
                  0.14054864589540494446
                  0.13525681927968846718
                  0.21619750424592656945
                 -0.08942777873223989316
                 -0.26186002553917220315
                  0.09218756480844364498
                 -0.15915954557839218086
                  0.28193900079455003205
                  0.40611410798623853724
                 -0.30584880499775418672
                 -0.27628950596122503480
                  0.16481764896714931612
                  0.22627183614860765792
                  0.36858863820366755126
                  0.04452897010773849973
                 -0.04047840626501855027
                 -0.02459834321540814092
                  0.25122404905393291852
                  0.27983747130828084959
                  0.29820505891725151981
                 -0.23967602322759073985
                  0.17559565019908732197
                 -0.28385822235505597799
                 -0.15295077339338483680
                 -0.23957526987674593322
                 -0.14349706123033117988
                  0.34265571090620700057
                  0.36471457899235343314
                 -0.06234998524919756202
                  0.13243227688314998525
                  0.24867419110587943298
                  0.05263417574489048789
                  0.18824984609716055584
                 -0.04982780230064012827
                 -0.36357569852420057455
                 -0.09226638486776891912
                 -0.22197279848453330131
                  0.10896040866025620553
                  0.10555158896906298438
                  0.10656219272633001005
                  0.07611179949960708568
                  0.29133890348599816855
                  0.04464284671728124126
                 -0.17467160549512400491
                 -0.41429169343790800406
                 -0.02801736838333420201
                  0.36638659460403688595
                 -0.01735316494249873262
                 -0.11528373518120454966
                 -0.14615555721114054100
                 -0.23935135492150336201
                  0.35030741346334121067
                 -0.45902953539916285797
                  0.00748551959471088595
                  0.23305040477483335293
                  0.22595509081205597535
                  0.12411402756481892951
                 -0.33924740451589180390
                 -0.28270930725731874267
                 -0.16060175593403341887
                  0.03381973354738249810
                 -0.10470685388391816339
                  0.30056441996350552470
                  0.30209949575924771592
                 -0.39599360822727258657
                 -0.07279341870318872809
                 -0.24525380671480703776
                 -0.22221633524752951172
                 -0.02733001638950930540
                 -0.43800867360274337026
                  0.15243537158069508930
                 -0.44038152101541655492
                  0.21704456798689036878
                  0.10514392664862061422
                 -0.08698613987487693877
                 -0.28606230963609524665
                  0.20308181443777273412
                  0.13568512342708310969
                 -0.53821625671715811468
                  0.14638744456119504034
                  0.29125363251366676032
                 -0.25140479388302633401
                  0.26267919428648467406
                 -0.25012200279189139573
                 -0.25215249041942261465
                  0.26180228533714228201
                 -0.04016927617505497428
                  0.00352573563537355228
                  0.34915018005506792687
                 -0.26318076383588095979
                  0.21121581303340741798
                  0.46715171904269320313
                  0.09651026442090344937
                  0.49626841670787114058
                  0.19867652057452903080
                  0.26126875449449543654
                 -0.27259387326921519223
                  0.01554552677193378821
                 -0.30143222414048004287
                  0.03381826676342578747
                  0.11389532861715941092
                 -0.17498257263318561794
                  0.28781342347827948425
                  0.27859663539857565384
                  0.04226501653620459709
                  0.07023255689062446461
                  0.26102808263779264664
                 -0.26396969281907367577
                 -0.21708290519698664189
                 -0.14668876371715239282
                  0.48257889197106507151
                 -0.14189424402232939104
                 -0.31701489109413732992
                  0.27998715770973803263
                 -0.25423922766811318796
                  0.62589616355915667079
                 -0.12813980901083651953
                  0.13504888842338585997
                 -0.20984251816841439919
                 -0.56275968000404674729
                  0.29702940446500336602
                 -0.58683967296484829124
                  0.39279573438133735808
                 -0.09090005174570164881
                  0.10168255026393881180
                  0.30833736195631533672
                 -0.21628107918658093234
                  0.11145613251939898158
                  0.06137316313111825655
                 -0.13795203597815650087
                  0.09231804477589043711
                 -0.28010033443420362387
                  0.47660288167123626701
                 -0.15448328824519516611
                  0.00828871004068429743
                  0.22253921326891099031
                 -0.30325382726581384674
                  0.01795728469002648084
                 -0.08815888684207420778
                 -0.17603257913987976901
                  0.01250698395505072009
                  0.38787205419842119003
                  0.32054227588180855824
                 -0.00015203237419813772
                 -0.43695764936158043579
                 -0.19463830496885339838
                  0.28565640027089461706
                  0.02221155820801634997
                  0.22677829726549073031
                 -0.04760014968978156652
                  0.05253771057655651222
                 -0.27778311616773854187
                 -0.44025291497241425542
                  0.17374990289191505344
                 -0.25861883161187393387
                  0.26230304078467281403
                 -0.31778725895589610140
                  0.04577801913379797583
                 -0.15512896558562952465
                 -0.19344426774365211519
                  0.07495688513487382132
                 -0.19239614763443979584
                  0.12134672296793982960
                  0.28648441432161803055
                 -0.10799794651677228907
                 -0.23067579145006045227
                 -0.06895954729069336819
                 -0.42487883255338998456
                  0.24175098651274887218
                 -0.00273088248870833467
                  0.32469390214358356817
                 -0.34357977218614593751
                  0.19700420216946470942
                 -0.35106313942559502772
                 -0.06287338964998867574
                  0.05538160292091562353
                 -0.01046251424711730667
                 -0.16316451441162768687
                 -0.10057225284391618780
                 -0.31907220603973446282
                  0.05973879742999249620
                  0.15953810560213643743
                  0.29089161262183377277
                  0.04105443039233153818
                 -0.26559481232723353150
                 -0.16561300737168691000
                 -0.29261537382793406659
                  0.00976679093118529816
                 -0.21514326106107703462
                  0.06644095586665026143
                 -0.34507699086015830581
                 -0.03603150368479938331
                 -0.07396046912355348779
                 -0.34280344960249764519
                  0.05809915115837573085
                  0.12185493967949906358
                  0.04689654287057159338
                  0.34302787935709272427
                 -0.23102228695494875232
                  0.28179609005923178522
                 -0.24620230233847353873
                  0.31562875657729805301
                 -0.13362666740092973838
                  0.15690630872042546362
                  0.29615322575351554768
                 -0.18963664451688999613
                  0.24203582094439024530
                 -0.18514994051783556506
                 -0.19546975026971474820
                  0.31386334655016046025
                  0.11175450451408711072
                 -0.22068040989590859136
                  0.10943324441144421100
                 -0.32634173225099660787
                 -0.28911957579027680598
                  0.11204555117064311787
                 -0.30051478533540082472
                  0.36086265867643058103
                 -0.15853674850563792553
                  0.14044869556154468415
                 -0.26680994799999008249
                 -0.06173891867769891462
                  0.12846594512617945383
                 -0.05452578545985860281
                 -0.01172710410768136764
                  0.19267989819604192103
                  0.42647860372558249464
                  0.10674103445803020951
                 -0.40555819878004173429
                  0.25282607307595506008
                 -0.26950246842779101986
                 -0.38138274845783787237
                 -0.28302330802994429826
                  0.11484811349125031987
                 -0.39386248222358827276
                  0.32968792673759533818
                  0.08330908753830700009
                 -0.28723858185678968757
                 -0.23962339521473993709
                  0.06013504305191658128
                 -0.21162956732401733140
                 -0.31520480737088180101
                  0.41470267907837882193
                 -0.12338979619807435850
                  0.07527013972569385203
                 -0.47933167749053345874
                  0.11611368089198227660
                  0.06469330823260703578
                  0.05533562633793265989
                 -0.10281630045936075712
                  0.07707392965640726123
                  0.39427466184419596162
                  0.49888352010633552069
                 -0.00384401808059134419
                  0.46058479370031352174
                 -0.13908077695590792544
                 -0.15153209735275080527
                  0.17537828167592767192
                  0.28924324961038083703
                  0.21311876539519300500
                 -0.39836010563220314307
                 -0.00712680094152657109
                  0.26942478842930539518
                 -0.00138943068898755026
                  0.01626046420440801360
                  0.27361320094655100510
                  0.09812323594230770718
                  0.10327489335539788429
                  0.20216741645251706805
                  0.03159930955424861826
                 -0.17812400942043898899
                  0.29871749459753899059
                  0.37310530296369703862
                 -0.01805474572943236225
                  0.47175568660864036774
                  0.24011883856808166615
                  0.01998964610950810725
                  0.36047836455145804146
                  0.39346066023923564892
                 -0.33354957773845111957
                 -0.17323923657298137546
                  0.05118876178346692951
                  0.21761053912492739348
                  0.07436261480339512175
                 -0.03421796063512971831
                 -0.14505190689063368614
                  0.40076396749199144631
                 -0.17367398792060370627
                 -0.45210082316434840877
                  0.21969581724126455158
                  0.20563841009085559453
                 -0.59421927609761004963
                 -0.06745520778100264070
                  0.14787258147957146881
                  0.49276055363215898186
                  0.27328303196346442894
                  0.11385515396982477665
                 -0.23075650767238897743
                  0.29296341282585275367
                 -0.65394719912075915946
                 -0.22288901233854593875
                  0.19630336078095095287
                  0.08416938314954265643
                 -0.00714913194251027249
                 -0.08485306292697560038
                 -0.37232903917597448551
                  0.07127597810940916601
                 -0.52546892176754012027
                 -0.17762377417340180497
                  0.21372684046641438060
                 -0.03733044557847370326
                 -0.49772298082784249829
                  0.19381032165196218631
                  0.36982229342852662723
                 -0.49706199705756271001
                 -0.18176973689825429159
                 -0.09601383952309784642
                 -0.11438266155420895309
                  0.53225591717403397674
                 -0.37160294098636059701
                  0.31894345104177329597
                 -0.11140719284852518278
                 -0.27055749766905201614
                  0.30041953931511500286
                 -0.17452470121143603965
                 -0.05811281782116190647
                 -0.18124042570027740218
                  0.07594618310317224896
                 -0.30871702719437599249
                 -0.47723506019804501355
                 -0.23816502084550036922
                 -0.49148789626102623584
                  0.46662930851084799544
                  0.22654777734194364580
                 -0.53307550475741027896
                 -0.32471610081052104668
                 -0.03972709895183249712
                  0.23156506915074029362
                  0.07153866738647608747
                 -0.28518769021330142577
                  0.37071563245396393915
                 -0.24497492894258837692
                  0.02137884622429595677
                  0.15005278177124201089
                 -0.03084821236696107249
                  0.12402719549919331843
                 -0.25628249050157253519
                  0.16223099587072489780
                  0.23718363706647632716
                 -0.27725747279995738293
                 -0.16689513786707035892
                 -0.27214200777528035902
                 -0.23527913021844198971
                 -0.48038939440301514638
                 -0.13363518314345868010
                  0.41451632686024292296
                 -0.34142119745405258291
                 -0.00231780159481611518
                 -0.03991594091107387998
                 -0.18341158644787716736
                 -0.19450732056485389720
                  0.01302105195562372128
                  0.02033252339754543572
                  0.25015466443823530795
                 -0.40698450935961100194
                 -0.24577185233060055980
                 -0.31768836889993046224
                 -0.08745859742992426189
                 -0.02404044472647772282
                  0.42895768335076372990
                 -0.07965396411778484509
                  0.48006576694991953680
                  0.02912314163206400006
                  0.47172905291551109341
                  0.06273359827555917423
                  0.01135686836163140798
                 -0.00926583860594329747
                  0.49795512349335591118
                  0.26802329395879748164
                  0.04459790163726986417
                  0.00916064571935812019
                 -0.28167516820882465556
                 -0.03848241492633679151
                 -0.13154213321942676007
                  0.29547819670681224613
                 -0.36078715867119753868
                  0.05299138898303337036
                  0.46639254598977281097
                  0.27536683394107508427
                  0.07401074367210636051
                  0.43661127337944410920
                 -0.03690639762879111690
                 -0.14474909273801395138
                 -0.39557604997079259812
                 -0.06320357863410189236
                  0.08301234482479008525
                 -0.43357998980295686664
                  0.15645261376685212773
                  0.13464154232193364935
                 -0.45353342311357236483
                  0.55679363303728701684
                  0.14709977872297125279
                 -0.10496975028474687941
                 -0.09762234587859741630
                 -0.02138844619830002763
                  0.46258709309547929589
                  0.16734377370178230016
                  0.04174013642811506830
                  0.12487695016849889584
                 -0.42836659022575268585
                  0.32648265740808946056
                  0.20646753119517879949
                 -0.18202440472084041589
                  0.09125496995493108388
                 -0.27440710252908656619
                  0.46686862325323180700
                  0.16328180936410915947
                 -0.03926323744466664323
                 -0.32694825994170229055
                 -0.03657548042275826639
                  0.30361030357480567332
                 -0.27494633669610257787
                 -0.07656689533104782397
                 -0.41136225304156287530
                  0.10385007491299344529
                 -0.39442178795163196359
                 -0.33060785324463132229
                 -0.03870880709903893463
                  0.39070630666752298454
                  0.14907325289634079657
                 -0.23731676768069967509
                  0.11493591119086538077
                 -0.19983512046373838600
                  0.40310552845630626129
                 -0.11453472985223571434
                 -0.42833208047799575802
                 -0.23177305526413768955
                  0.43434158512049919620
                  0.27280629755504343104
                 -0.06557189664300240584
                  0.67239793796651536884
                  0.18357214618222081337
                  0.12837233795411279180
                 -0.21926437869029746786
                  0.01601684704322953179
                  0.51931789088407465105
                 -0.83268684496322697974
                 -0.00891969335912945818
                  0.19073267073753294443
                  0.28683160380092487252
                 -0.23052403985075736736
                 -0.08446456432839495598
                  0.18214578776165699092
                 -0.43593006162697489625
                  0.01363818844090617863
                  0.70733979217983433685
                  0.13738069576573608277
                 -0.69403144785138748407
                 -0.29580466792315024405
                 -0.40145918709082850651
                  0.22162795990450370742
                 -0.04673433690328360202
                  0.06960344342826081665
                  0.05837956439773937106
                 -0.00179954784493458527
                  0.17824482736920971293
                  0.32428893214005016787
                 -0.10930715440168564667
                 -0.60443676944067437073
                 -0.35550706337779786059
                 -0.14896730627389201396
                  0.02685659525105065296
                  1.01980389103633539705
                  1.46904488882852812814
                  0.34628993884367098577
                 -1.24486754365371865561
                 -0.11978911185243065751
                 -1.91918669164261479487
                 -0.86536781526138129017
                  1.40009015094540445467
                  0.57550521333623116949
                  0.75411512107908851288
                  0.85272916640446638770
                 -1.01685977103936786570
                  1.31452538611192237816
                 -0.88337706269319904440
                  1.19578148826797558968
                  1.17057956808622520839
                  0.96334137434485611617
                 -0.77597276144242066653
                  0.78603691902028072214
                  0.79697549166928438602
                  0.33215040979991639070
                  0.76812165985698932502
                  0.83328487291218811261
                  0.79410139153443992655
                 -0.82992549341791843620
                  0.07143467823144780682
                 -0.28334848652243421752
                 -1.43750113696360548587
                 -0.42461636970655031176
                  0.48267431009452987922
                  0.62092350631526749272
                  0.57458040041061497760
                  1.13394069436507027859
                 -0.41660441437035294898
                 -0.74043755921244958085
                 -1.10288154798426196734
                  0.22680783853873706657
                 -0.42246425105691459700
                  0.81982789216096774165
                  0.82760733544870945799
                  0.82302728249669609983
                  0.85075244512491310367
                  0.55920762322148531709
                  0.01075080963470931988
                  0.85238600200094449821
                 -0.36135335387921130312
                  0.38423160724972166280
                  0.95419629375409142913
                  0.96574107495184169370
                  0.70951130013004659602
                  0.80787936589908238005
                  0.81149389815013694971
                  0.31729632908962657201
                 -1.01623057955566542532
                  0.78159399522999084553
                 -0.15156027800362267821
                 -1.27740697498336164273
                 -1.14473991096127503120
                 -0.61983569398321092248
                  1.13031761526078144975
                  0.76989699367931663243
                  0.13273718786980709394
                 -0.81184657844181595809
                  1.01222530853328751554
                 -0.87656439935399976804
                 -1.09950563468314221893
                 -0.94298823164361789129
                 -1.00664374868281747410
                 -0.61307106764116836572
                 -0.80838265209728021876
                 -0.94900488560847529040
                  0.52937337375263338046
                  0.69053405099331421901
                  0.55500793006294535381
                  0.07723420198844553608
                  0.81421877932663100363
                  1.09858934561064924829
                  0.82298583081262544070
                 -0.62795706024833652936
                  0.72830755540086988820
weights31
17	2	1
50	80	
1	5061
  0.1067562850000000	  0.3584514100000000	  0.2995175250000000	  0.2568390200000000	  0.0795311450000000	  0.1104549900000000	  0.0412553110000000	  0.1001943800000000	  0.0447088400000000	  0.0963427050000000	  0.0380176695000000	  0.1950274550000000	  0.1168573000000000	  0.0227938090000000	  0.1960274905000000	  0.0900038150000000	  0.1319325650000000	  2.5885233649999999
  0.1067562850000000	  0.5815815700000000	  0.2995175250000000	  0.2568390200000000	  0.0795311450000000	  0.1104549900000000	  0.0412553110000000	  0.1001943800000000	  0.0447088400000000	  0.0963427050000000	  0.0380176695000000	  0.1950274550000000	  0.1168573000000000	  0.0227938090000000	  0.2458145595000000	  0.0900038150000000	  0.1319325650000000	  2.4110914349999999
                 -0.06409044017008197480
                  0.49156969840152270335
                  0.22561787887632145377
                  0.32752893629819807009
                 -0.34098645371402130921
                  0.32091791814173209474
                  1.05426761291963222433
                 -0.17792538314013084388
                  1.63507010761440341184
                  0.71594395589718839990
                  0.65338580353454156491
                  0.03535004295743808533
                 -0.17206435798584640562
                  0.04838083227536876807
                 -0.29369986710965434451
                 -1.56603815596537221388
                  0.34514762526310227564
                 -0.91270677393970556235
                 -0.32900497914236626062
                  0.93648555576369263420
                  0.17100398147167253371
                  0.45232580430981955688
                 -0.44539168357795172470
                 -0.53919503859630868448
                 -0.09613317655722963817
                  2.05912865419648838383
                  0.29217622858865960334
                  0.80378456667857600682
                  0.86475431086524012780
                 -0.74308001261509304403
                 -0.25220670866804173471
                 -1.15313050577370224126
                 -0.46325198493101082953
                 -0.50372667063400211607
                 -0.19789941306236333296
                 -0.01240138621065409869
                  0.81685209637135614003
                 -0.24791904482648044472
                  0.31013512951632399295
                 -0.77175101985681626715
                  0.01965535645314691465
                 -0.34702674193139254610
                 -0.26927518785438814275
                  0.26272109548861549699
                 -0.13252765095304522291
                 -0.32412307721050970244
                  0.92097109533187093700
                 -0.45797293644372738530
                  0.53333122338657845685
                 -0.31978651943991787121
                  0.09985443115581088547
                  0.08700772968701497856
                  0.64596296525449481418
                  0.00850029631797379753
                  0.98708815100995095371
                  0.56009376243532305040
                  1.20573068022459217730
                 -0.13439656596559304558
                 -1.01779785832334446205
                  0.54476919045780658468
                  0.06903181795647528318
                 -0.77717458936010108683
                  0.28985277348966975719
                 -0.00068175310575858700
                  0.66068669947645886076
                 -0.23205534163459648478
                 -0.38979246766526021162
                  0.14079973406476348208
                  0.91807289464792829481
                 -0.56645544351834808960
                 -0.53747166790715183993
                 -0.27642075090743334354
                  0.88822073809373502939
                  0.09624107789210915864
                  0.08958478033715970568
                  0.67486092426107358033
                 -1.77045194338493239172
                 -1.14807659029985931198
                 -0.25388641309016884984
                  0.45829256136278440081
                 -0.33077157833441062085
                 -0.23112042067656871080
                  0.35095305334890936066
                  0.23916089079424987518
                  0.56442396386182092094
                 -0.41633633748166076760
                 -0.14856064950739983344
                 -0.68121335219539225214
                  0.47068971205381476830
                 -0.46836214912874846172
                  0.60960883148028155443
                 -0.07419956125532503610
                 -0.40793176466691116744
                 -0.65527239381531343643
                  0.67612453879874734319
                 -0.11042173236255480029
                  0.56646413229627867736
                  0.34490216492548458893
                 -1.04907041791257027441
                  0.47324736422331398211
                  0.29726862756636812657
                 -0.47629592368764345212
                 -0.46417309066765777281
                  0.64768876110138173807
                 -0.81240862906388400244
                 -0.06950153445133644414
                  0.41935063456751781041
                 -0.06372679068291690896
                 -0.03677273098638248611
                  0.10604915143074024331
                  0.71743415068255145250
                 -0.31468935105796103091
                  0.08284097426714968904
                  0.19308098193832259892
                 -0.35581462592783558163
                 -0.03459320524603369529
                 -0.78776984378180070490
                 -0.90265047911369777900
                 -0.22426081363925917667
                 -0.76976915928408018441
                  0.04719149337181778592
                  0.51720966952646074688
                 -0.64866666833014652305
                  0.30803652240143386543
                  0.56641545188426933866
                 -0.25739815769175977689
                  0.55963210935250506939
                 -0.18220734494467272224
                  0.27952331992715745423
                 -0.73381589213321474219
                 -0.45970190943409189321
                 -0.37953514218029132943
                 -0.69584114928299278802
                 -0.02821707223567214082
                  0.26940906684911114510
                  0.39620744836894628005
                  0.16475082309195940300
                  0.00077863036998476569
                  0.18609693242691230375
                 -0.02090954319483553925
                 -0.19369272963058006831
                  1.11539350509383550225
                  0.34828154705713032513
                 -1.12704743821081643240
                  0.03132402460392626209
                  0.28216818999150722336
                  0.19422403155075057546
                 -0.83978700378739168375
                  0.26716526349783986660
                 -0.29488096257274154510
                 -0.44014230679540300439
                 -1.08538911959354500425
                  0.06018098120401456363
                 -0.36920402146793696030
                 -0.05783296939065044051
                 -0.31021633898766320936
                  1.19357736504920297627
                 -0.01746686893841650767
                 -1.00200712363864519183
                  0.40666244292521808168
                 -0.44674934039945779496
                 -0.00408803159093649657
                  0.78394746506898804750
                  0.40824736944228007252
                 -0.40816685268587832303
                 -0.35319989454096989423
                  0.60415467053029914268
                  0.24122283257167148607
                  0.61482940908736527508
                  0.01746249215150020781
                  1.06415052846902002948
                 -0.55045510692207089143
                 -0.34531507129907546005
                 -0.37086921541807843505
                 -0.67293144697848683577
                 -0.64504999374902394216
                  0.21211956123943034869
                  0.15157301150043706039
                 -1.12039956425328113276
                 -0.04004888341627517445
                  0.52695426230651587485
                  0.07787768943303205460
                  0.16572148839266839793
                 -0.00222757986878873923
                  0.40214251513823245920
                 -0.50385862281728754919
                  0.62491071215121984928
                 -0.25658978420401029608
                 -0.81756932531192694213
                  1.39227801890078883851
                 -0.09364405210316172068
                  0.49883571354441630374
                 -0.16029817297739579196
                 -0.36077927503972384571
                  0.51455562527524878469
                  1.11056573923916634961
                 -0.15980045966233444310
                  0.06826629846849416317
                 -0.63576587863390776612
                  0.19242536035584431597
                 -0.67665366998840459356
                  0.47556876980213896866
                  0.07031448112872923373
                 -0.02052237662808044719
                 -0.59234242629026945259
                  0.49665025546438956727
                  0.03637429006875707999
                  0.35753825654756909991
                  0.60469350651889730575
                  0.58811526221195531416
                  0.09031490212105604265
                  0.07504876176996337633
                  0.20477231835455841913
                  0.74265599955757355399
                 -0.40022218015240768052
                 -0.15794101128825244196
                  0.59646366142704410063
                 -0.72360834212884372896
                 -0.43867602426322893638
                  0.09835724158076197821
                  0.60415804879847334607
                  0.03541553568586319062
                 -0.15609480284759033597
                 -0.81733088772576578673
                  0.79761563030699345056
                  0.92889678872090797324
                 -0.45615758478705392687
                  0.47912955872801249457
                  0.29329922231175670211
                  0.68990378301842525399
                 -1.65762986503485243439
                  0.56617354059638791419
                 -0.85999232719791707247
                 -0.16839148365813255692
                 -0.49502866612542423264
                  0.71864074454440574069
                  0.00577157692211877245
                  0.19680110780787901659
                  0.33562345570268159456
                  0.74393562146525682444
                 -0.32062073953904851598
                  0.96490768227150658376
                  0.07053896091280516256
                  0.75293380236470464073
                  0.07044762129225166924
                 -0.98349327605316361200
                  1.52149954792530794911
                 -0.33965307367943825545
                 -0.44372001017369600007
                  0.45380753878505064591
                  0.01959043140007378503
                 -0.45369865704446993293
                 -0.43586403794976491533
                 -0.92734114353635577199
                 -0.99884767386906092579
                 -0.35837244258441408595
                 -0.77744440842093520683
                 -0.52194147923192812932
                  0.27952898303244938516
                  0.06704019773022922013
                 -0.53426831629869020457
                 -0.64197900888932657448
                 -0.16092908498547769947
                  0.69869643427847261119
                 -1.46818215735167112435
                 -0.06319374369893034082
                  0.36952927989425571331
                 -0.37942784094625947588
                 -0.27689518088158909803
                  1.02977003820022705582
                  0.99947642900689126488
                 -0.16130816592498908868
                  0.53699237051194137482
                  0.11196177868569809344
                  0.69727109106434992380
                  0.27043446673497473220
                 -0.26428030738473912153
                 -0.47094661751543442918
                  0.38746897435401889132
                 -0.25675778426887602146
                  0.54261033597877228463
                  0.84009536178023902497
                 -0.55011942598297958185
                  0.72113296073018773313
                 -0.80606380619947493038
                 -0.07948842863129264302
                  0.51672441469422802918
                 -0.14470158189383688918
                 -0.21909580868235389861
                 -0.47471627123965015604
                  0.33792092390086014841
                 -0.94711736497507215127
                  1.10941798777066402693
                 -0.20414910630439941919
                 -0.08798195710476340581
                  0.42952156569205091063
                 -0.85489022356214516840
                 -1.64971383431001639153
                  0.61780904048669049722
                  0.64994435923773508090
                  0.22360980023794074789
                  0.08049483058214884634
                  0.23380863849912056351
                  0.29167447827522158255
                  1.22296310929448703853
                 -0.43789165732811180520
                  0.45194989878796854033
                  0.07568022406511618061
                 -0.15923521841349411177
                  0.53473024004518254770
                  0.06629857230840305315
                  0.68890684087529674429
                 -0.82705541219417022525
                  0.45793372333363258075
                  1.15800745263846982525
                 -0.23939375345096589043
                  0.16868875546528794285
                  0.35594785409084750416
                 -0.76863266997441370698
                  0.28086749232821595079
                 -0.16650097754191092725
                 -0.44133043458250070801
                 -0.38237303449429976832
                  0.09203022752098065362
                 -0.00522008620515328897
                  0.51970432947366829168
                  1.31576433751827437391
                  0.02973193502946472680
                 -0.68241432595278350703
                  0.03891853599595558599
                 -0.50851783092024316346
                  0.36516689659606138552
                 -0.24943152267238588582
                  0.55980404893954549550
                  0.21961956151106962198
                 -0.66322903707293812126
                 -0.13132569869748059177
                 -0.54487738651217332286
                 -0.87673296143312640094
                  0.22732985044688625020
                  0.11197119404127504894
                  0.72643117393175848928
                 -0.80875062865109692556
                 -0.40770832689684727290
                  0.70201852497475047965
                  0.22772804151767547798
                 -1.00457212223457537092
                 -1.12695318509042752275
                 -1.55267853924599630311
                 -0.38585178402365472028
                 -0.89670917169381836320
                  0.30525213129087680475
                  1.32550368948901153843
                  0.23647790982224595191
                 -0.27809980372540676896
                  1.24710563060941148628
                  0.16482312573611718198
                 -0.20868682593750503829
                 -0.11737941693972424317
                 -0.03768354084861705311
                  1.37631175282169282426
                 -0.14907555850148374033
                 -1.08338869590315800551
                 -0.21073910876092752376
                  0.58680102479017992589
                 -0.63399150743490539917
                 -0.12991762327284797629
                  0.18244317968407619546
                  1.30152296275243917201
                  0.52810099399990417801
                 -0.00175617331680535775
                 -0.26366400157290637019
                  0.49834065775834851530
                 -0.23747820368243705014
                 -0.64246096203325819829
                 -0.38375286305957040378
                  0.25221683323857968517
                 -0.51994235941272082258
                 -0.42312482129077455539
                 -0.01874728612185560389
                  0.36775235691163205010
                  0.86356365242532784343
                 -0.88231745645796233468
                 -0.80340724745525438077
                 -0.50005200154614304342
                 -0.40052241770887520023
                  0.12292448232722898160
                  1.10874384065761999452
                 -0.55280076911455811040
                 -0.06561974402005602003
                  0.39416856390977300650
                 -0.08679503106545588542
                 -0.20348398784238269643
                 -0.33669255194966918321
                 -1.24875063974560296387
                 -0.05240042204177119967
                  0.77031746319085625530
                  0.02013097526135600862
                 -0.46303021313943654169
                  0.04066748822722242307
                  0.50991682427404250166
                 -0.70282336143403323359
                 -0.75892843541781607186
                  0.73373982681431160202
                  0.46449854859990435951
                 -0.55491322610698845530
                  0.53067215225403219225
                  1.21588844422625719233
                  0.96244785307952562814
                  0.72020900854541225478
                 -0.83192364222461545609
                 -0.31134640703870403167
                 -0.82302137260464858226
                  1.62822043011022143943
                  0.04319865933205870728
                 -1.37015783164892757107
                  0.32026045544337577997
                  1.39927259525879499336
                  0.12061892456289587117
                  0.11457922179113491645
                  0.39322943843227131655
                 -0.50076446608666125293
                 -0.68394450417407248732
                 -0.33135269728568178538
                  0.00071074166121048912
                 -0.06667357121706782297
                  0.54538834773725131111
                  0.01498445369292270013
                  0.93598381728643931243
                  0.42075238791461194721
                 -0.28624928014881445559
                 -0.32655345850144046338
                  0.35872215254225481296
                 -1.21925684249310961604
                 -0.25999340296771089598
                 -0.08331044229095954656
                  0.32250698414838824268
                  0.23119299199899692732
                  0.17551241745407400452
                 -0.94851227251132730345
                  1.03004192332249067121
                 -0.91946816344673942822
                  0.68373508608468402947
                  0.29173363802350044116
                 -1.06970050488044754466
                 -0.56338467761524735344
                  0.05769112060401614811
                  0.89086189916443880854
                  0.33530144131477845892
                 -0.18156577549646182868
                 -1.29145320579367872682
                 -0.50026996707195647840
                  0.40064059912927102447
                  0.33031120375320122129
                  0.08438608238892296443
                 -0.47357563196064400568
                 -0.15320391647740494445
                  0.66861501714966609100
                 -0.17739523935838488744
                  0.77767379177893924957
                 -0.02392637067529707756
                 -0.46536827616811293762
                  0.73184879389256396465
                  0.23360374866108002401
                  0.41273179162921158625
                  0.26816420440965971217
                 -0.07270693060941464669
                 -0.85442731518811709801
                 -0.51202712478897394188
                  0.45730181961209270813
                  0.16390364779287858177
                 -0.24582068860692826706
                 -0.83572636939175504178
                 -0.37490751487273105136
                  0.68276436657838968092
                  0.47712953501210420004
                 -1.04174794584579255563
                 -0.06402564600079091450
                  0.12000407603296976700
                 -0.20070141147014008975
                 -0.56261117775954194720
                 -0.32214469791885347316
                  0.70254307757216782893
                 -0.51103344984225385073
                 -0.18026376052793047222
                  0.48896461309971145370
                 -0.29698108286069935247
                 -0.47423786836090758845
                  0.07267408969096895988
                  0.24655988951686047539
                  0.64112847488409452357
                 -0.72070933929705016663
                  0.78512342334500484498
                  0.70220670122617168118
                 -0.59180628534725820966
                 -0.12955704834306921991
                 -0.09863856477159883840
                 -0.12272317504183077874
                  0.13484070723988023088
                 -0.04498394464105978652
                  0.31740082641672456853
                 -0.25205722020159782026
                  0.73317178651195080707
                  0.38056823462019157001
                 -0.71791234644745316462
                  0.26619173119994732346
                 -0.17074940947894409748
                 -0.73650788382294596346
                 -0.79234684666002752618
                 -0.14349260171923247653
                 -0.22873139625009467069
                  0.41598317863216993651
                  0.89393502786130685234
                 -0.46433887896048309241
                  0.65116616635559187998
                  0.19179550034479836418
                 -0.77053372898395311452
                  0.18836677352899758309
                  1.31686114136409626596
                  0.08848905350412594739
                 -1.03967655609582543264
                  0.21908813443696473211
                 -0.07145177912717344537
                  0.71049226600899395567
                  0.23013013694917092145
                 -0.89332012087368928288
                 -0.05196056990598222486
                  0.39937696390596399976
                 -0.55259066224131581091
                 -0.05004839200006126060
                  0.44504922568752369738
                 -0.27887637848580643096
                 -0.70776987485361608776
                 -0.83707813456368973526
                  0.23188152899922856442
                  0.50779908340028478975
                 -0.94510002787647262590
                  0.36651939802695676640
                  0.04246087086520382303
                  0.58827398327104807318
                  1.20583417020520355933
                 -0.20274651912100091766
                 -0.42974849984428903360
                  0.08909872409650178293
                 -0.15667825185353581596
                 -0.43896232152273745308
                  0.55453636576931186752
                 -0.64426983296601680884
                  0.14528193359805455231
                 -0.25337647250961076173
                 -0.24878284669806915996
                  0.74244424380787699125
                 -0.87952399016520754760
                  0.49203796921173331702
                 -0.69284123825070431657
                  0.34556393068250507161
                  0.62293009475257488106
                 -0.47468216439892263470
                 -0.70133254846904269364
                  0.11689957797884324708
                  0.09395011647487949702
                 -0.04065305624506518334
                  0.06488651678819920554
                  0.41726636891776691662
                  0.66499668672497513899
                  0.44313874073994641289
                  0.45184619848000290299
                 -0.19236071738412674481
                  1.58628148569012972224
                 -0.63002118007886631634
                 -0.46099540836994462589
                 -0.13050403386898912217
                 -0.73821275506204742101
                  0.51755163680362048506
                 -0.96333493078212584226
                 -1.11021000965666671867
                  0.61248913330741017180
                 -0.11342258871805849241
                 -0.09208683325074978887
                 -0.16126578062755600462
                 -0.68750601684735623831
                 -1.05208478401866289964
                  0.16094677141668106701
                  0.50094592767868872940
                 -0.32623286925351219212
                 -0.35965929037613597608
                  1.24223880897066241147
                  0.18201436682773561304
                  0.27686018578653226463
                 -0.01998854304006117411
                 -0.89402202923584261907
                  0.42596132376511752771
                  0.48196557444281706850
                  0.07465751058543766694
                 -0.40483821411239589994
                  0.45893862400165863491
                 -0.19823710029722665937
                 -0.39965480174256817758
                  0.03840889793564830623
                 -0.70195451587346879840
                  0.15364037297817323413
                 -0.08047246257074441855
                  0.80859601689999616170
                  0.06429267422108120300
                 -0.68957332234873003340
                  0.48714783767631242295
                  0.19708501044494647347
                  0.79178331676590485433
                  0.18241139295540148568
                  1.39475227711477622883
                  0.02325002371696207812
                  0.14198249079747626844
                  0.81864495696321670781
                  0.63732789899822706037
                 -0.26811913611896803777
                 -0.52637974883356619671
                 -0.13372478790167671714
                 -0.42847267362229596310
                  0.95179267942370926470
                  0.40914472403748691764
                  0.61336937257871293472
                 -0.42708181650343779445
                 -0.21367267188541902434
                  0.27662730407898900031
                 -1.02456715110674712044
                  0.80453163247971104521
                 -0.35605363610053197831
                 -0.61265687956792214131
                  0.57822837441588814666
                  0.24996679084827957973
                 -0.06469155799144321595
                  0.85190220219193346640
                  0.45763448550215030108
                 -0.20653457292775467824
                  0.65929173046642830514
                 -0.70613038358725244148
                  0.85757421140855949471
                  0.76318012891040165613
                 -0.48698856564956394255
                  0.17823089025646837724
                  0.09701694055703607988
                 -0.92284700413507225747
                 -0.96396510610334129598
                 -0.22750822813336105122
                  0.18501901811073889759
                 -0.35681964208175465103
                  0.09367387622555933824
                 -0.11991614862710263389
                  0.23851495252180143769
                  0.35550093620184042287
                  0.28691625965955080968
                 -0.93845057718313806827
                 -0.12337457404981104492
                  0.38968245737036161236
                 -0.63110671762316383759
                 -0.08996855071756296174
                  0.31747271103678559312
                  0.12114589558334408481
                  0.03242957081545166237
                  0.63695382613643825032
                 -0.97799079829144663911
                 -0.66176816432098184428
                 -0.69529138883264596238
                 -0.04133711655663702828
                  0.27398478669833092880
                  0.29404830515866559049
                  0.03979577391465447672
                  0.65445645177568634310
                 -0.70029225885517565331
                  0.91906490967783105450
                 -0.90699969166769134343
                 -0.74755338320408237784
                  1.02418820441549041078
                  0.30326845566002880172
                 -0.37021297311287970633
                  0.34189986003145833582
                 -0.19919069409019862782
                  0.36298860598566573543
                 -0.09812295653462511924
                 -0.10681676498822412213
                 -0.51653380711609175879
                  0.62034197192197659820
                  0.04932095957533243896
                 -0.91325134240991379109
                  0.32890572544044521797
                 -0.52538334410686993170
                  0.02689118705365301648
                 -0.04623025617604179655
                 -0.79570188166573552202
                  0.45953661904730624954
                  0.17315053300366944899
                  0.34968852094111396722
                  0.13464996095554854216
                 -0.54353104178104139077
                  0.51086365053666893399
                  0.65335256715625644741
                 -0.08772804829684316408
                 -0.29642237026125040078
                 -0.56511429460122808432
                 -0.19113188785976165107
                 -0.03069579350769610290
                  0.08394277409461833872
                 -0.49266263535888688008
                  0.60299110089886587271
                 -0.67103604532108529490
                 -0.05989063131018129010
                  0.06869560452926697092
                 -0.45014434321617025070
                  0.87179295811365775659
                 -0.48677667618410808137
                 -0.61810866552872434365
                 -0.11995094142219260569
                 -0.00687291173474148184
                  0.37643351020588700084
                  0.36309126945902642225
                  0.32957392490402859231
                  0.02961814196908077457
                 -0.40176175790477003380
                 -0.54947018124918656223
                 -0.20356183009584774557
                 -0.30893275976217371426
                 -0.13148077859469675666
                 -0.59243432121354355768
                 -0.39130052684128702190
                 -0.02748696473542881075
                 -0.30619096225629527375
                 -0.62527538432243112698
                  0.25277550692460831749
                  0.59984911234431004257
                 -0.59321442620873787721
                 -0.67579159509477781942
                  0.71475287853162183804
                 -0.26673084076847408674
                  0.29482948321592722385
                  1.22158509774280976679
                  0.89198514603471834583
                 -0.93373671915263389831
                  0.66301643150069478061
                 -0.41977715184050345965
                 -0.20025842810699426289
                 -1.07588216532607816589
                  0.31419834528409024133
                  0.00882629118386892182
                 -0.29869430588637452262
                  0.32015371269175463276
                  0.48765510782150228719
                 -0.39413870803031020307
                 -0.28085880162127807580
                 -0.21198055929153855614
                  0.46213435830289462114
                  0.32199790751195811467
                  0.43595555562074772560
                 -0.36440442210519241595
                 -0.19641357531771022615
                  0.43538240758387131146
                  0.60864059545974091847
                  0.55023430961620189983
                 -0.11124969314846974711
                  0.32258063739299469574
                 -0.66328692478070627736
                  0.45203907314273766849
                 -0.57073318808343853625
                 -0.21980294692505253362
                 -0.64685847851506883543
                  0.26899184363597816727
                  0.16758526565512804618
                  0.08938345774751156603
                  0.53964664850957289044
                 -0.07254518400893954222
                 -0.54641926364475867928
                  0.76523682231581313662
                 -0.39958577115129628732
                 -0.28525696774509923248
                 -0.46162703203222749115
                  0.55188669360195508062
                 -0.07072605030423359529
                 -0.67949642393727904821
                  0.36515782246742822803
                 -0.15461176130354187253
                 -0.66243827881305494820
                  0.71999005492576340082
                  0.99359874507832857127
                  0.09038122417251928664
                 -0.65392980724419902394
                  0.36223541548632903764
                 -0.68801635678909511817
                 -0.88755894071653518296
                 -1.47629658092482207721
                 -0.80709042905640482335
                  0.42769440627619337292
                  0.20092191275138648887
                  0.38637955720925448722
                  0.46471880712079771669
                  0.58530474030233958782
                 -0.37094916644711112275
                  0.11142669015171434432
                  0.01032441996131637854
                  0.21476546008620872596
                 -0.11065629063373758068
                  0.38619290491614138849
                  0.04698519290045873736
                  0.05448822227008819769
                 -0.29644724074007494652
                 -0.29289367893775625218
                 -0.49560814710839112829
                  0.26727083157828673832
                 -0.76962489188134397544
                 -0.43540481598390357032
                  0.09908973906320309166
                  0.30981008404619214680
                  0.60364362079365230240
                 -0.72281074256032695757
                 -0.66217255399277741290
                 -0.11984026593222357748
                  0.18575714562613188097
                 -0.11647485980862232191
                  0.59931650899663913012
                 -0.54060184698680757709
                  0.39290065737528390155
                 -0.39416386011643483878
                 -0.32238243848828757043
                 -0.40360332797017273165
                  0.62647155762997219774
                 -0.00107725072130340771
                  0.54199844997517376832
                  0.34294019395460184629
                 -0.37547915871724235615
                 -0.40432874582114297635
                 -0.29823506527864002136
                 -0.20041452219088137787
                  0.46221623786488008623
                  0.49923532554471078404
                 -0.04404445735884660734
                  1.01169097329312052125
                 -0.64672654968872178571
                 -0.64047560235980893761
                  0.13369313799500534556
                  0.58994123585517577180
                 -0.29882764422736157739
                  0.45265703626929265635
                 -0.77047610996080151402
                  0.17964957345728455040
                  0.79747527918467087105
                  0.25189662309165228304
                  0.88397327958440696793
                  0.08775329869788005277
                 -0.59237868882313593488
                 -0.23300210188214029450
                  0.05288422810623114034
                  0.06164637181662507848
                 -0.43469623750737412804
                 -0.62604247193042494857
                  0.17002787820798170859
                  1.14333721515080677378
                 -0.06241364909331816035
                 -0.02380706286361718160
                  0.31093729208411757803
                  0.32317318419785973083
                  0.16809711548450825824
                  0.50047140422012093008
                  0.10623925957224922278
                 -0.80159848890270279931
                  0.07565049673355660198
                  0.17795653926341711837
                 -0.10419134546996015878
                  0.52307004836733794750
                  0.44819611676337617334
                  0.05513993059647642747
                  0.17509541099433661993
                 -0.25379438093940687171
                  0.17983018337976136580
                  0.29450926932425819382
                  0.01987649385004183408
                  0.38809399107664505069
                 -0.10972103796221159555
                  0.08442844595759538273
                 -0.27795285104865480319
                 -0.06445947065098742157
                 -0.54527988266801419304
                 -0.19975095007659035562
                 -0.06023489986024992138
                 -0.18250757840169468116
                 -0.09575573208638146760
                 -0.24318767798945772896
                  0.21374252081020828076
                  0.00523383795989286991
                 -0.16279045429004118661
                  0.04254288141044693106
                  0.45269012774328709625
                 -0.18145779744627338337
                  0.03011027516944519977
                 -0.16724259186672774113
                 -0.11696778062583472468
                 -0.08365402725173921861
                 -0.04542365701473953521
                  0.10388073049071999687
                  0.39082679385080698609
                 -0.29396510322839819462
                  0.45935517336168457669
                  0.18484973594235185046
                  0.18576943919845265163
                  0.04332706018369013312
                 -0.02009312086961264135
                  0.55050616745505920324
                  0.09504880429218778848
                  0.50046895604781926892
                  0.11246165229632018590
                  0.09402397595409126008
                  0.47390463397302434734
                 -0.35965526446360784885
                 -0.17403890948267042305
                  0.32428051292263021521
                  0.12709814657982082542
                 -0.60265106613760965892
                  0.09450356055774505881
                 -0.10650353994797745472
                 -0.73309219040576634185
                  0.67336925323836394064
                  0.38395762910079511698
                 -0.00627955287896258575
                 -0.14534532547905676392
                 -1.12508917414698039750
                  0.28296989702847591408
                  0.27485793244885409203
                 -0.39010326038203801957
                  0.75311637067528169887
                  0.67724712921468033233
                 -0.15603999156673137305
                  0.02836032876647483214
                  0.08567285352844292157
                 -0.18116720855040846505
                  0.28783641922647251743
                  0.25270157056294234588
                  0.12988436431473690535
                 -0.04701014359489311817
                  0.78523629210437484449
                 -0.39014069115540211952
                 -0.57843704345695279301
                 -0.08333262812165762035
                 -0.08017285057998685405
                 -0.12317718793260233612
                 -0.16221933411658837065
                  0.06167756576784468731
                 -0.13900566923386617479
                  0.16419859909531511755
                 -0.08622471740834028453
                 -0.35010493958732719078
                 -0.49790037533631081867
                  0.27159387710134369476
                 -0.26493973007610066572
                  0.19238248046469708097
                 -0.05063141784420250452
                  0.13383778542177143800
                  0.12273521179634475087
                  0.06231772127707383563
                  0.07920856179502633321
                 -0.29955620252198716935
                 -0.29208756223653536965
                  0.05305387051692018324
                  0.03551221223519286652
                 -0.23173783697914754343
                  0.44439974408785787308
                 -0.02749550312902988500
                  0.12087705238057219748
                  0.17038375926667143068
                 -0.84262311193702543743
                  0.00639328858672418617
                 -0.31158583312087495543
                 -0.12092450277574100237
                 -0.09060473557939187350
                  0.07189056403758695146
                 -0.25704096322796377017
                 -0.27761131842864428254
                  0.26660144615793246459
                  0.79344277054819190020
                 -0.39490917306220774119
                  0.15573616421245378705
                  0.47693871425937284236
                 -0.00144200118799243026
                 -0.07890463687391062464
                  0.31994609430437259689
                  0.14527889628047141457
                 -0.01439999850923008411
                  0.45122042228789582818
                  0.12253065626211782913
                 -0.13058048980360686953
                  0.44623319690034290996
                  0.31277693816058566023
                  0.17543048962802307300
                  0.01761850412655016976
                 -0.02030534543448219570
                 -0.06956416019275382667
                 -0.00749685354914590533
                  0.07422567728677427479
                  0.18190389829498315732
                 -0.19808667768157880995
                  0.40731854837078396159
                 -0.21736483788599397782
                  0.28710848176145853383
                  0.17799996466711867638
                 -0.30067431407116945730
                 -0.02420630439088460387
                 -0.22340496165884365931
                  0.31714031393095915012
                 -0.16282410205951197701
                  0.35716721088812930507
                 -0.28560287012772456183
                  0.29960268215044760787
                  0.04380073258515420481
                  0.28894690355439128782
                 -0.16375694319733241633
                 -0.34432728748319368917
                 -0.05709094977121469128
                  0.01670108457120750289
                  0.22292368315579569327
                  0.25408029232456785795
                 -0.19350036227075015360
                  0.29487556056616914812
                  0.25608576426073553778
                 -0.27863062369774876936
                 -0.21621942395792786984
                 -0.11775922073974666449
                 -0.32201331759622026096
                  0.00225175214182557698
                 -0.15004221691094438151
                 -0.04377247837905546418
                  0.20871900731491643821
                  0.32546807445874792464
                  0.19717001909254913694
                 -0.09216130127553201490
                 -0.16802382992550948804
                  0.26318133688036771112
                  0.12236543403141823816
                 -0.19573732699404064461
                  0.08013682163903437794
                 -0.21207243980305781617
                 -0.16235152554390125390
                 -0.07525613186725213510
                  0.11690129267945481573
                 -0.23468492302447352404
                 -0.17501578214273780243
                 -0.13754156215549664943
                  0.10658734100542331669
                 -0.01038602969368689587
                 -0.19980770579599271830
                 -0.10947927554819875118
                  0.34645815549751740603
                 -0.20949469774341716866
                  0.23809723154428544256
                  0.08291278232959095607
                 -0.18255319880997597504
                 -0.15417644218204157314
                  0.35332078307146103091
                  0.10473579719670875199
                  0.51474236802326722717
                  0.16885164765098445439
                  0.22877451361127659757
                 -0.30848679673061257800
                 -0.25152144467694892427
                  0.52379408422988094074
                 -0.09171052807015625530
                 -0.29475521382493991007
                  0.40466029285516269542
                 -0.29502134597513440806
                 -0.48972894222800444908
                  0.08866653637324713177
                  0.02922201527150064884
                 -0.33917719711451754794
                 -0.07907581062317582676
                 -0.30435843542898310954
                  0.40252069174990645628
                 -0.33703599527344607623
                 -0.25421320628031013333
                 -0.16592639788884924745
                  0.26188005302521100148
                 -0.22720071418019374687
                 -0.24388748116464376015
                  0.32916960046258231243
                  0.30053111280300148778
                  0.39420811716044285022
                 -0.37952040153144978030
                  0.45069616913890703236
                  0.32868247477085721364
                 -0.18573236787807687054
                 -0.03431394727985159071
                 -0.21248332023907709476
                 -0.14370887056356224099
                 -0.54574378328930417403
                  0.06832739148100677729
                  0.32128164756429872240
                  0.02224436729121442163
                  0.37509060683381545420
                 -0.15208563257872270702
                 -0.21821691830648096144
                 -0.27163284968118256435
                  0.30778841024026321049
                  0.37542757074569549358
                  0.40613481931720935014
                  0.40747965409336167619
                 -0.03599264804042362487
                  0.28766283298859945949
                  0.82061725555448550296
                  0.15679313113676532354
                 -0.57977572206207450556
                 -0.88319882551941530924
                  0.06589620184247629853
                  0.14074679536597087259
                 -0.18371951633092709066
                 -0.07459120297864386961
                 -0.26424108530571227549
                 -0.30649111359462632986
                  0.01459186200511776096
                  0.06336504474122087172
                 -0.20189588387808618530
                 -0.32230789154600542057
                  0.32545250812658588213
                  0.34232762149334683421
                 -0.02717315998777749403
                 -0.07494021739724035513
                 -0.01493270555057253472
                 -0.57396630522997393875
                 -0.07486393931825011117
                 -0.03941106766162483926
                 -0.59459106322084676055
                 -0.22544871987660403123
                 -0.37141470844501073278
                  0.35765982972975080001
                  0.35525035122078069127
                  0.10235759294849808287
                 -0.45315976648580924557
                  0.19584826971353053171
                  0.40912899819501724608
                 -0.47035746258913657680
                 -0.54787217067403415349
                 -0.26481001936198261815
                 -0.38169431531080799669
                 -0.14316967163549362829
                  0.39466186704743072555
                  0.46045589042952977943
                  0.63882733070619501792
                 -0.33153221332617510697
                  0.05995675772480546506
                 -0.33357938580386381489
                  0.05612290159495649661
                 -0.02050513789592306804
                 -0.09419789472094616811
                 -0.43888341814646458783
                 -0.20730924425556002122
                 -0.29405749949729742543
                  0.05787523632678327062
                 -0.10800222926112840183
                 -0.82427117270796368409
                  0.25096914842681972146
                 -0.66827906623272936848
                  0.06488547282147470729
                  0.53067140464531648014
                  0.18242422410856845572
                 -0.13844572943866972903
                 -0.05752841554117240491
                  0.26587151882999532360
                  0.02675557504575765133
                  0.35452252689745306080
                 -0.26431375205195661859
                 -0.07862323618671739067
                  0.24173645361030868250
                  0.61494957036484376722
                  0.22923940142580687129
                  0.05943118407693481764
                  0.17629195455275994964
                 -0.11840912991385667274
                  0.22948736580304276989
                 -0.06277716194491334001
                 -0.39390235627616804193
                 -0.38463415836129777325
                 -0.11757391566402164429
                 -0.53478473443976659585
                 -0.09815622001127075058
                 -0.20062167420446780364
                  0.07201781406193016877
                  0.14643722623553015461
                  0.51847215216542774652
                 -0.17775754671082250047
                  0.25941902399044458605
                 -0.15778221613505866161
                 -0.49179508221445966676
                  0.33889868789075217048
                  0.37301370812221967821
                  0.20010447028816955028
                 -0.10103591688804537674
                  0.57893748826193269785
                 -0.06290088188571565930
                 -0.00476203108212257947
                 -0.32948970784557318758
                  0.32053341794570039403
                 -0.24705139158722683179
                 -0.06782032308695404299
                  0.02004479722483180903
                 -0.26536090027405578873
                  0.06241177717423822269
                 -0.28688466430416093012
                 -0.08728434817196058237
                 -0.17369383707117214133
                 -0.43689666135030419403
                  0.09848633474020321299
                  0.18489369775385405825
                  0.43754861736382433257
                 -0.43468223563878866100
                 -0.38130035127539146922
                 -0.12381718423692393560
                  0.21227814620658863598
                  0.12918759104678737004
                  0.12883414848364047045
                 -0.10416190627072947905
                 -0.12187084445781426467
                  0.01728248512120699604
                  0.17361001373717196983
                  0.14834028542835242526
                 -0.06167688280358696318
                 -0.04965456254712444228
                 -0.16333817372404693669
                 -0.20312511066807215077
                  0.31603038652079934456
                  0.48952802888258717395
                 -0.09979111428585912824
                 -0.19659240629223148633
                 -0.50418655173827398031
                 -0.30736032614233943505
                 -0.11844987253161820551
                  0.03715389234131815516
                 -0.55084382598088021954
                  0.28401103215956985393
                 -0.01999498504828517431
                 -0.09354009289090588208
                 -0.39612151094330555479
                 -0.13783508950319267594
                 -0.06711271965060242040
                  0.35972336192525727894
                  0.28292288144287319751
                  0.07717731310621975260
                 -0.05159881165618616927
                  0.22529945931211700638
                  0.15691966102123519611
                  0.28367886006730813619
                  0.16746632282477522113
                  0.21469430933094019176
                  0.08564086420774238984
                  0.16240489006782396486
                 -0.37701043130940603554
                 -0.17101138903970986016
                 -0.27776738270206813297
                 -0.19377423399547519245
                 -0.05709700044101191641
                 -0.15480887894897207846
                  0.49989819228081233682
                 -0.21235008528572346664
                  0.00009431547680415365
                  0.10604822486012223381
                  0.07793449243306574403
                 -0.27577072432390170587
                  0.18880955522714179540
                 -0.32571159833292340213
                  0.03262220336198952408
                 -0.22157030726808840670
                  0.43109675326227625547
                  0.05735738497424312798
                 -0.35237979638530841919
                  0.24322166204857170735
                  0.08481682936358608815
                  0.41177782202407225975
                 -0.28595275686051868647
                  0.18456452439754511552
                 -0.50891551443088545170
                 -0.00629903094025370015
                 -0.27542907256538506910
                  0.03059656803325972591
                 -0.20715558090571797867
                  0.46743942609494021356
                  0.05412158136679899589
                  0.03670155001154924712
                 -0.31616975239246392082
                 -0.01131378817633713063
                 -0.20310363897501648722
                 -0.08021283950540999963
                  0.03358358442770092295
                  0.24544620617193935175
                  0.14546698443394517897
                 -0.00770646787463109308
                  0.40226980587159055780
                  0.31661474949375117971
                  0.31649739638440588241
                  0.32612960818442765509
                 -0.38993210419954960066
                 -0.01976027871967641833
                  0.26729516621293419876
                  0.04726402872591691645
                  0.06125213879893105090
                  0.06916096319138145820
                  0.39582473427548409139
                  0.05588001652723086771
                 -0.01826147763856955306
                  0.25932563205430808617
                 -0.15385794693287613288
                  0.08495402048650974036
                  0.46718836604151064984
                 -0.14629378838272777408
                 -0.13194926243387214426
                 -0.06462630447832044822
                 -0.15967139652644551928
                 -0.07945641647692000542
                  0.56010374060755696579
                  0.50390547320564349487
                 -0.39659984290269878482
                 -0.08030016908125960085
                 -0.12897592164093274469
                 -0.03343182060155116403
                  0.15855291382334932293
                 -0.29163299248569701794
                  0.27794104662829843821
                 -0.10573940641542908803
                 -0.08757061459039146289
                  0.05011462021605805894
                  0.08288700674607427099
                  0.40909787068491615392
                  0.00180432413143407190
                 -0.43318746998945989457
                  0.33104474653093873826
                 -0.35348539577821963542
                  0.17476026253358986629
                 -0.54378776225226921337
                  0.07508322273177994721
                 -0.53024578716811365808
                  0.27779531977289767530
                 -0.05111794439706222881
                 -0.12131412518195930361
                  0.35225101833905297921
                 -0.13317096334805542113
                  0.07224461445850510755
                 -0.25939012236499375819
                 -0.21862902591413410636
                  0.36052587862693308285
                  0.54225654965621106207
                  0.18881751760203102641
                 -0.35993120258555172386
                 -0.09195584647644772236
                 -0.17004120002235623144
                 -0.16279286801589290534
                  0.27360819239919942358
                  0.18779644819261434585
                  0.26104323125708966957
                 -0.28356821362334022618
                  0.17729899105051702413
                  0.19861546429254059443
                  0.14673429160508319469
                  0.06730653804963086795
                 -0.00762766564410074198
                 -0.34744337829590021816
                  0.10220636810307789921
                  0.26643314919133664898
                  0.31540386465105785252
                 -0.24445780468257485851
                  0.12362316072960069513
                  0.10651985814873701774
                 -0.46760780123938627817
                  0.08364028773194447097
                 -0.12133549099021559425
                 -0.06153998084670694174
                  0.36109402993742534260
                  0.09758255197274301462
                  0.28821786835445312169
                 -0.21486121734125218641
                  0.44664845748467563169
                 -0.21151639196535321208
                 -0.25131465132990610245
                 -0.44684089701306844988
                  0.30748123930950072014
                 -0.02945248557404170700
                  0.43239263750664802544
                 -0.18338532516766925529
                 -0.05775849687254748510
                  0.04127531864665172356
                 -0.00929170981149872281
                 -0.09709535258506094002
                  0.42865277209597013597
                 -0.07828069332641404698
                  0.42243610005407422614
                  0.13561448351502011778
                 -0.22205568276312762088
                  0.19763962386120637049
                 -0.28584287752118092696
                  0.05334460449821779027
                  0.54632374864443589146
                 -0.17994815328626737050
                 -0.10284819713801632290
                  0.11824051193126142167
                  0.27939808901088358795
                  0.36885246269135613106
                  0.03397281159159558361
                  0.22069194668268515835
                 -0.27230718804452769266
                  0.08691824879861326236
                  0.43805276526408259974
                 -0.59782066228792596352
                  0.05392690402822283846
                  0.26851508972905030470
                 -0.33378355443181390028
                  0.23068378747493831216
                  0.28261847706311221673
                  0.00605530692161825729
                 -0.62326801869034531567
                 -0.32512996250454445635
                  0.38733810742539870331
                  0.16087537429860784832
                  0.23178035913926589573
                 -0.66055459148998907359
                  0.59719494785717031071
                  0.17690030563927097718
                 -0.05935214933226262007
                 -0.81814166669555876688
                  0.06195544661377948292
                  0.14924805644530358961
                 -0.42186606388181291383
                  0.56811218551744557814
                  0.20249359881263759298
                  0.27173191816975067470
                 -0.04177948684356148912
                  0.08644207387101592033
                 -0.09395859394584894775
                 -0.30020630938095149709
                 -0.52182502434390221069
                 -0.08862293385067618323
                 -0.05374074560909355286
                 -0.08132956893582792002
                  0.02441488293796269943
                  0.64958556644022513726
                  0.41253464244919818560
                  0.42847581791826527819
                  0.17694476947556700419
                 -0.03913257045511303600
                 -0.09871726163370506124
                  0.30309671510963542840
                 -0.22484733077491828035
                 -0.27308030946481287593
                 -0.52194233416424595795
                 -0.01334068225511383064
                 -0.19300688598974929944
                  0.40681995783674240741
                 -0.00805504889147825448
                 -0.18920194536491261039
                  0.50241650798872594663
                 -0.37117634306883634521
                  0.07440468948152270667
                 -0.26456572998313704348
                  0.04024450695418187174
                  0.10326504753482471100
                 -0.19557001720840516690
                 -0.04697041173837021577
                 -0.39725974368375649437
                  0.24191958750326719718
                 -0.46968557752488399037
                 -0.19502504222080596641
                 -0.25161912248557766203
                  0.47029056682076558760
                  0.57452777040229319194
                  0.02931108968591976394
                 -0.08139962012997986607
                  0.17818702836155264624
                 -0.20630816695889761525
                 -0.37908491310197611757
                 -0.34810111077794503309
                  0.36037776496514239977
                  0.29471709906800436229
                 -0.04624172904850796378
                 -0.61362969290922264598
                  0.18840078051935002512
                 -0.31417352124890346454
                 -0.23607607644210237829
                 -0.07215253251251152466
                  0.29941510148601530039
                  0.03634546632248123604
                  0.51469692722207605051
                 -0.27787824090495744089
                 -0.59098695662526312677
                  0.20051330078285672931
                  0.22662238164963247056
                 -0.35123011571041679035
                 -0.03897363762908716278
                 -0.28489231568081629931
                 -0.45942584322358837046
                 -0.10659576844770195236
                 -0.02966343256193968228
                 -0.27566735913223622267
                  0.23454265385942790756
                  0.14495600139215941704
                 -0.05298121569831086564
                  0.15996224740678899323
                  0.15625649527216822765
                 -0.30673570365062013954
                  0.17184970626833048768
                  0.02751640696252202409
                  0.32077616899928346195
                  0.04320963808761154462
                 -0.09020758295544578642
                  0.15437074616095275426
                  0.52246726336988336126
                 -0.00482194968687198796
                  0.75319344054028858348
                 -0.22588835993828054738
                  0.37535743817458994132
                 -0.57893662813063051509
                 -0.48789823086947481379
                 -0.09037463537651004020
                  0.07499967342517370461
                  0.00840760145263268199
                 -0.03859217262908742896
                  0.48289100225866909977
                  0.03636504239286580953
                 -0.23100519653842901957
                 -0.03559905973219408548
                  0.04293303660266199057
                 -0.14097078656160955124
                  0.28920567636708632842
                  0.27213727815743771199
                  0.71993904319812240811
                 -0.21661134445588159370
                  0.38354833093909235231
                 -0.02957845167176681445
                  0.30228840002185941582
                 -0.30803699474290840987
                  0.06443281858350143054
                 -0.31416002592005348726
                 -0.09273444640349304269
                  0.06117064599667078328
                 -0.27201233978573613470
                  0.25068190062938822127
                 -0.31131768523266545312
                  0.21713180012052601953
                 -0.00185384726148608153
                 -0.06584210085076988572
                 -0.11797765083871716851
                 -0.09260808503374456935
                 -0.53648836234202179618
                  0.07068819723166842872
                 -0.02459158821212400342
                  0.56439845860816395540
                  0.26361628623595145804
                  0.06107788560911343867
                  0.22051976301065054353
                  0.33737242404842993082
                 -0.04943411372672457116
                 -0.10385009991376234484
                  0.05218420999236615676
                 -0.27110269846175777397
                 -0.21247754875751936887
                  0.75741356751439747885
                  0.35304940959919856036
                 -0.18123607538986546972
                  0.06576025521975750743
                 -0.14038699069380841666
                  0.42625268802286686576
                 -0.26886931427812665873
                  0.01813980538282670280
                  0.12258810973023440138
                  0.78851810310845360519
                 -0.27697625817579180074
                  0.48378974810257913131
                  0.37893318665673458856
                  0.07064498699323096265
                  0.48493498404013202219
                 -0.04070042531774845096
                 -0.48454921537211559368
                  0.21334080622353912560
                 -0.15832562759127435936
                  0.28708669110087248200
                  0.07179906406012462328
                 -0.37436957406503867940
                  0.35140718948680582656
                 -0.07032000385405368093
                 -0.02772602956484255393
                 -0.36330890199761850523
                  0.04669227229826806297
                 -0.24944166639420070619
                 -0.05955672324756304536
                 -0.36141530623396100896
                  0.03180695468208455390
                  0.35607373462383773433
                 -0.14322919647901294349
                  0.04554394623491760108
                 -0.15147350822916283430
                 -0.14399550135036676135
                 -0.34647459900912225272
                  0.00012221960651632828
                 -0.29950118682506371437
                  0.20521998116294787318
                 -0.46125433870967136318
                 -0.03793150665444025571
                  0.48346109376502749422
                 -0.12281714728858683650
                  0.05644352225962680214
                 -0.02663541786209498718
                  0.76740278984027898712
                 -0.25094501391801271595
                  0.06115224947835390390
                  0.12210524527112538717
                  0.28163414426847088734
                 -0.27158030019503848207
                  0.19975404648266464891
                  0.48734843883120720909
                 -0.02156264837605656112
                  0.55636087911585785371
                 -0.09813376625793247821
                  0.11389320683570366977
                  0.00667029555931849920
                 -0.39705105403723234270
                  0.21502704524090807126
                 -0.07495690053450387857
                 -0.53587405213876293519
                  0.29084354754428543011
                 -0.26027926168631071446
                 -0.34076542512908558624
                  0.26628908322679606391
                 -0.24102063886768759771
                  0.16083083028176348162
                  0.13421230259392305517
                  0.55203109220360135900
                  0.60235648103283356836
                 -0.43879040042084899165
                 -0.23596480009006268186
                 -0.09099821243297752382
                  0.34489887525307189042
                  0.22498365649934320976
                  0.19197467084871558396
                 -0.05034817743214310692
                 -0.34309367244846677991
                 -0.07278791160328931809
                 -0.03271880919451788938
                 -0.04137294553680833514
                 -0.21751843506744700241
                 -0.36401177101820947346
                  0.09017607590081175295
                  0.62318765445132984215
                  0.33648052422592600319
                  0.08507280762215085890
                  0.10406963900511924381
                 -0.37530973591417965407
                 -0.21362922039850648637
                  0.20176714287758265587
                  0.20155404671934962213
                  0.30409267339043338785
                 -0.13255842142330459543
                  0.01566029448807083196
                 -0.13582727729408869410
                  0.32090390831697668261
                 -0.05435505227189044164
                  0.39543162534841186373
                 -0.58957346591800308122
                  0.09915454827619607503
                 -0.36253512438965995734
                 -0.19058002448308680732
                  0.27564056095038408367
                 -0.00970334708584681509
                  0.22361683291839704046
                 -0.21612160345336500766
                  0.01562097227140794853
                 -0.29954376059995591053
                  0.29655785143855489805
                 -0.11028860690668321198
                 -0.15624221305118643488
                  0.09370982017482580584
                  0.18011266055963856547
                  0.01969494533025803809
                  0.46471961233336445130
                 -0.40668481037224080143
                  0.22417859711238069531
                  0.07934809007304109707
                 -0.11117836648642720476
                  0.06883049223709343523
                 -0.14118181582773395299
                 -0.28590612408143206702
                  0.42807973394672743650
                  0.09108935194472567165
                 -0.02666190750067401471
                 -0.21694638236962091038
                 -0.04398008721859569120
                 -0.49454337893850330854
                 -0.31015012874662256648
                 -0.06564794310175718628
                 -0.25512302972974465476
                 -0.17759803238772248202
                  0.29818496557283435955
                  0.08474509085881892778
                  0.38417774442516727795
                 -0.25014630920124242275
                  0.00551170287133836197
                  0.20853722100465207911
                  0.01231843216983360967
                 -0.22281450531548890881
                  0.62065297951521758435
                  0.40190034658575707338
                  0.08055215631298616452
                 -0.35234741174584127688
                  0.83684820598796172408
                  0.83801985045248150730
                 -0.08228920481241876195
                 -0.64538768784498268261
                 -0.88328971159845803829
                  0.17274961772577690500
                  0.44915763286875437510
                  0.44189495846808835022
                 -0.03144138966138218527
                  0.55728729106615193523
                 -0.39910377597651730541
                  0.22358717777485237477
                  0.17292793576816886669
                  0.03328203375930941649
                  0.29876856507210119984
                  0.02750871881190670304
                 -0.14875131080205558631
                  0.63409570907824397423
                  0.43334523257183354961
                  0.70111882805544345487
                 -1.35693363892831420081
                 -0.61539204400398928030
                 -0.27198614641151980242
                  0.55385647496810497259
                 -0.22830647433535458668
                  0.05445554577223294529
                  0.76995426744256001417
                 -0.67364033514771792799
                  0.34558689204971632103
                 -0.05824310147776809443
                 -0.30878309417442517670
                 -0.10003404599908051475
                 -0.40187058040413764504
                 -0.53874767899960052109
                  0.67347226507199120515
                 -0.09457845436454802301
                  0.58897181123584485540
                  0.65522044154399228244
                 -0.05463901203268756862
                 -0.04234229514380326298
                 -0.49433734504486243067
                 -0.04704216571103975869
                  0.04307586623497228207
                 -0.58565721737607723263
                 -0.01934862168526655518
                 -0.08179855016694714820
                  0.01941989461930580807
                 -0.02210199693883193456
                 -0.21573820314160363498
                 -0.52663429416858031917
                  0.18220576293550813651
                  0.16224661773006890386
                 -0.34316131149690276558
                 -0.10404262397719087063
                 -0.00458412682106103947
                 -0.35491485979911313597
                  0.25936758778260765590
                 -0.22922755996976762471
                  0.16437879154475609766
                  0.41347968348891639412
                  0.02364446300665763723
                  0.01631792721038446622
                  0.34255515243939493875
                  0.08620276071393420669
                  0.22197238369481381293
                 -0.36948603378512245854
                 -0.24186656258664193664
                  0.43201420618854508016
                 -0.47170425850191560757
                  0.41006742599468826160
                 -0.02069746599212004406
                  0.62997243063963492826
                  0.05945988066007303063
                 -0.16857121631876728629
                 -0.24436194740334310493
                  0.46541211984086761078
                  0.00167779720097120146
                 -0.11960687599344647924
                 -0.11876606717090143484
                  0.21206678614186882936
                 -0.13164070275480835304
                 -0.20789314385280754927
                 -0.21871895852104281111
                  0.36492135294009286905
                 -0.00984946729288018602
                 -0.04818469629477677152
                 -0.44354392417801147275
                 -0.07743562824832875280
                  0.27865640312996242667
                  0.16938221332072939118
                 -0.52204933055455982061
                 -0.20404089364201447032
                 -0.27006080230328244340
                  0.13898880314433106897
                  0.31150176772436155570
                 -0.59154910906115898417
                 -0.33581798725954514762
                 -0.38245205541112037295
                  0.13632658380482640115
                 -0.19345449615716667213
                  0.19059556235921248923
                  0.64024178187706637377
                  0.22004123523527402417
                 -0.03589371871022450922
                 -0.42287192281606861277
                  0.01498383867834774882
                  0.13644849854276822065
                 -0.25493732878747776827
                  0.88339143430097555321
                 -0.00647456635231740546
                  0.01831927390469481609
                 -0.32837765977870259082
                  0.14636842341742073437
                  0.15821925808136660940
                  0.44792244284941967747
                 -0.10069236373172238408
                  0.25592158006452681018
                 -0.19857130754133170414
                  0.44476817957113262691
                  0.04582800632596713969
                 -0.65671523417978394654
                  0.16471276162782272356
                  0.07508503695364071584
                 -0.04179549678439060945
                  0.11785119411843053561
                  0.03207655120196621634
                  0.29457674420878965371
                 -0.57688399674667967254
                  0.15000553453790529956
                 -0.75145445265227095444
                 -0.04574760099084759779
                  0.09367025027120597092
                 -0.20018369906449975937
                  0.08077352129698867067
                 -0.09400391499823269881
                 -0.03982940173886352631
                  0.15981445155691609283
                  0.52427567147728815211
                 -0.43474244445565773942
                  0.12347579375942593916
                 -0.12739346911094773240
                  0.18329407324539342961
                 -0.14178102119389984770
                  0.46926455108637354918
                  0.06033414585457135687
                 -0.24624840500754954786
                 -0.01668938596814224795
                 -0.21372378940024958083
                  0.04852453214242968826
                 -0.32495660755089661453
                  0.19793015284008985688
                  0.24794249283497551972
                  0.28570045984291864150
                 -0.14377991966818881586
                 -0.46572874570126915339
                  0.09147141960367724534
                 -0.02233740012861815463
                  0.00131413673321286936
                  0.12430856090475192466
                 -0.52468927036518564488
                 -0.00970265277678102923
                  0.14357588883270117064
                 -0.10705531669925293092
                  0.26463774849747262463
                  0.45891084646445179374
                 -0.29204550526219569262
                 -0.26355661491650922423
                  0.41734272403957295428
                 -0.03270212823735851870
                 -0.09244413201653611800
                 -0.43696771587656296765
                  0.01475334633242178853
                  0.43952567639051648429
                  0.91842437427071188516
                  0.67659725837756135025
                 -0.28657973051117308083
                 -0.08216711846644034201
                 -0.15451008342456540312
                  0.31633521243951429058
                  0.26358832676130344863
                  0.40944053886567621792
                  0.05953331218166608985
                 -0.12746985493311582816
                 -0.05451949651342656578
                 -0.13928409154116966340
                  0.29370922237814273137
                  0.63582900783542117829
                  0.21982882005992029906
                  0.46924991275875715946
                 -0.31541636428040981110
                 -0.12935814787604785203
                  0.20938880714908922331
                 -0.08617242744586524339
                 -0.39252797204770134565
                 -0.19018923687008795764
                  0.07546840266202228809
                 -0.00073682928904193323
                 -0.10439839072785717100
                 -0.56292587643893110538
                 -0.09661519745707802809
                 -0.20090240139452492096
                  0.10196257636934455415
                  0.07905052834900631875
                 -0.45352447134496132186
                  0.02317550232087230849
                  0.25440904529292790448
                 -0.23231791055834755122
                  0.24071468893561456803
                  0.33766930352873641974
                 -0.16227201606233060405
                 -0.26157415482675505647
                 -0.16693997336302893175
                 -0.10310947497409994611
                  0.42449558374639523306
                  0.23957616395705313983
                  0.01622709717155847164
                 -0.18593535057225177298
                 -0.19511302718161557812
                  0.01910350334042705545
                  0.33755833748471369971
                  0.03328686786615510373
                 -0.49687770867906422279
                  0.20480991633054695944
                  0.02294758737235711582
                  0.17052625496023868235
                 -0.24546115001263799082
                 -0.11868772234919183761
                  0.09051092231031190871
                  0.00415913070722972924
                  0.14249217568381691845
                 -0.21519651586818455691
                 -0.34150855904352106496
                  0.32868524685760092119
                  0.04081724366170286916
                 -0.18886752959917563199
                 -0.45788121363073963632
                 -0.28764973614026001503
                  0.27273485335949021469
                  0.12630104933930186295
                  0.24865235549358816192
                 -0.01931836012856087692
                 -0.20256095454331640715
                 -0.01375570617998233061
                 -0.13018681660022204949
                  0.09837358718927527446
                 -0.09845714500441365979
                 -0.09834678746706576602
                 -0.30174469279800336663
                  0.37250576030466309163
                 -0.29624614682824401690
                  0.05378228031672808301
                  0.25246365637860190834
                 -0.21400524365601147903
                 -0.21593633845642076774
                  0.46509249843282124415
                 -0.11805927673349736473
                 -0.00715928806293915799
                  0.02147195515350499781
                 -0.21330920473693365524
                 -0.04888444519241622044
                 -0.05874758806818482226
                  0.10654481900129066096
                  0.37412044007063899320
                  0.17316189477791821272
                  0.11766282513845380264
                 -0.10717551156950720637
                  0.31203037147319945266
                  0.22060922465113899649
                 -0.19055447019566204570
                  0.06543602720647852256
                 -0.32760425921671781913
                 -0.10458808783178610846
                 -0.20376494812216250363
                  0.16539919859219590070
                 -0.02697352835622243011
                 -0.21810131979410066205
                  0.41097545545216823681
                 -0.29767334163870762254
                 -0.11368064360110011202
                 -0.30374075356898277978
                  0.27325270260495038155
                  0.02305492681723242746
                  0.33120875860571413751
                  0.05653619045874125337
                  0.28530434184767378136
                 -0.27231062156997187795
                  0.19805501931447413999
                  0.46299288907651348079
                 -0.15926962618390885784
                 -0.01692745363616687468
                  0.08836533546951026719
                  0.00372419128559397811
                 -0.11858300538321764339
                 -0.34755544400306753738
                  0.22913155704206927821
                 -0.30996208656798507342
                  0.44056193448262753742
                 -0.34927961171295990317
                  0.33294441005504959996
                  0.07236410602130408098
                 -0.08132573441771367984
                 -0.25730793972455268115
                  0.19357662561179134197
                  0.06055584495318212107
                  0.60106728405741238763
                 -0.35016939793726425956
                 -0.19101993730154989692
                 -0.16651112657886354973
                  0.01479462233142495031
                 -0.14981690891666438192
                 -0.16011411095879798938
                  0.01695521265806767056
                  0.38342485284408539536
                  0.01677636285708034025
                  0.26259053813834903890
                  0.10574393274138556287
                 -0.36095248659603418329
                 -0.45822735776313139322
                  0.00973134418070499899
                 -0.70918072069282001024
                 -0.14994590222540193913
                 -0.37028730506104001741
                 -0.04605282610426357504
                  0.65830028191942291382
                  0.54503443516736682639
                 -0.04502467884350944138
                  0.35561008741390520704
                 -0.84946457880517667327
                 -0.10578874576838345756
                 -0.21074877673721228999
                 -0.14383560568177936045
                  0.08290566925991041392
                  0.39312638335594246586
                  0.11556320478840351185
                  0.00734225966944446109
                  0.01805679801129305567
                  0.31782849197893475734
                  0.07201219170232114886
                  0.05176694922662637005
                 -0.31156915354444914001
                  0.06101310326878137125
                  0.35801176497847164715
                  0.52461946293640671080
                  0.02054259153627797929
                 -0.11815854266714853615
                 -0.04719892363831087317
                  0.26925356054646554238
                  0.14649125467622856056
                 -0.03418920551092893834
                  0.10783726737664951767
                 -0.34714621992482241897
                 -0.12104856562025656519
                 -0.34482659167890933327
                  0.04691357134246715993
                  0.30154079816718409868
                  0.14054712157115700766
                 -0.28279992706035472771
                  0.30309411642993716596
                 -0.05498654639634482921
                 -0.20420488026224117850
                 -0.33523391462291302068
                 -0.29756346031980823730
                 -0.13782021759890894508
                  0.12526301830020017403
                 -0.23753456329545769021
                 -0.35760569352668375442
                  0.21649547079026196239
                  0.43103302394181286505
                  0.09071840903515028531
                 -0.02037629167795933227
                  0.17844019604178157357
                 -0.16477770450565301652
                 -0.17500653769094534629
                  0.26044367350662478433
                  0.04650127902583198886
                  0.24481060605875104574
                 -0.03462229911261713311
                  0.07599267654388190685
                 -0.12085136503847355993
                  0.21309623375652411714
                 -0.05389214542942561553
                 -0.09267196413752505635
                  0.24948520260761938849
                 -0.05422814215833164642
                  0.26174671011702377310
                 -0.09056181296454231255
                  0.33210000377496645685
                 -0.28597416040966677775
                  0.36246134080945324740
                 -0.20430912477153531648
                 -0.34731225821751121607
                  0.09664135997883202545
                  0.01945957564971854958
                  0.25304663010684164126
                 -0.18246039807585343051
                  0.03877486250520042338
                  0.32674971431573363034
                  0.16558935265074778420
                  0.07913846716368763690
                  0.25962771789990551907
                  0.10298521065315008327
                  0.37611516310322368195
                  0.33699225374706287539
                  0.10103464080642678147
                 -0.57482528658161424762
                  0.44673197310930790049
                 -0.24364734529896392434
                  0.07298721254271971215
                  0.48951407800233798229
                  0.12439140311064694755
                 -0.09941773177035290177
                  0.03599170608956873962
                 -0.05998136368474580454
                  0.13059853805719631725
                  0.47822381248211848215
                 -0.11889318158155313954
                 -0.15152904447689802270
                 -0.03950937800835293418
                  0.13887604173751855186
                  0.18478329019019018586
                  0.01071757679905914820
                 -0.03044006289912330743
                 -0.22384939726316566144
                 -0.13898210579854763935
                  0.39950148036879451485
                  0.39490881432478713853
                 -0.07145696930452520579
                 -0.51876188431557224146
                 -0.26538323891197751481
                 -0.36638919255584412316
                  0.55847057840288361064
                 -0.45008027060218958049
                  0.13055207957399031504
                  0.03701337480052894341
                  0.65442142429625438371
                  0.10195432899976787644
                  0.14319973735512747659
                 -0.33431335282708618539
                  0.04331151869171213920
                 -0.38649295357252932970
                 -0.61936185463031312448
                 -0.31382773629616605993
                  0.06500413025677580225
                  0.02015293284176890645
                 -0.28750117927802482098
                  0.18666720238470618787
                 -0.09213705368252080030
                 -0.02991412537678751066
                 -0.31422950456100029459
                 -0.10319606818546525617
                  0.06674408558817152004
                  0.47276082473232150516
                 -0.13666969818264229630
                 -0.33005903323038793262
                  0.27811398544611909411
                 -0.14653013224314212493
                  0.21009019256219474414
                  0.02693990511236265400
                  0.04508016128278678064
                  0.03841367145412422773
                 -0.13166910001095299965
                  0.82715385323949963681
                  0.25628053368098713261
                 -0.18652057874445265861
                 -0.36364793342125839581
                  0.03669352823659437213
                  0.50895590785121425093
                  0.53016621713263223370
                  0.33087653266522609741
                 -0.08991462476298255069
                 -0.09778285991371123143
                  0.17719633024080663763
                 -0.09118654448600586881
                  0.67385771867795563050
                 -0.40255357870694868927
                 -0.03071523598670534635
                  0.56940936497984273590
                  0.32887218323956762811
                  0.25748173790899059332
                 -0.14295557150209142749
                 -0.22284856488258575347
                  0.08854872979579812842
                 -0.11352695493478073829
                  0.48433527318633096126
                  0.37917574159268413458
                 -0.49638422726079728386
                 -0.01065101930544914803
                 -0.15826167320660419757
                 -0.12035418590819473017
                 -0.42441427395601782901
                  0.17315333038977340219
                 -0.13610890122556898452
                  0.03221612227648096294
                 -0.17544220955163891684
                 -0.07369116611443002340
                 -0.27307858119610234349
                 -0.09489167730493060227
                 -0.08921517039640160240
                  0.17556299379671327920
                 -0.02838096649461569615
                 -0.11687857674276826148
                 -0.21493776174375317511
                  0.37247329158221970102
                  0.22233880930696811595
                  0.10429056643892929690
                  0.09247503367430948140
                 -0.33781038637145299752
                 -0.05569013279937099631
                 -0.35704719101100607093
                  0.08014285247704398818
                 -0.23630591990541674474
                 -0.20808175394553615756
                  0.30531074396668556048
                  0.04837643340511557644
                  0.34789293737725462963
                 -0.26815032384826742451
                 -0.38666372490767253467
                  0.22944455111517966794
                  0.27548201917350467749
                 -0.14334247079381287615
                 -0.33029260559405748676
                 -0.23780012786883852893
                  0.00358183605284813963
                  0.05239457081131337901
                  0.25019048077379446582
                  0.05505748220050529773
                  0.34795101730012056862
                  0.39464704578579534733
                 -0.23124330897129966034
                 -0.02553636404740002724
                 -0.28021519824908069918
                  0.08171617304228000200
                  0.26910568480807550706
                 -0.28575408604006652391
                 -0.19606607977605169935
                 -0.15218580806365994418
                 -0.03898890247750518706
                 -0.00266497155715617875
                  0.06757007957656882557
                 -0.26883815483102674326
                 -0.17470162267183494964
                 -0.38454423351475092163
                 -0.02586702992433364753
                 -0.23407126071343842266
                 -0.25263279285498424498
                 -0.16689207246449327959
                  0.35131004397952608764
                  0.31913093440392675815
                 -0.29263703917609246163
                  0.06533309344390790530
                 -0.30785108070527167357
                 -0.13628064609296072773
                  0.20603108132986233669
                 -0.10263701302903574519
                 -0.01838175432412916810
                  0.29265449965685502720
                 -0.24022405039562769180
                 -0.06153526024730322092
                 -0.39370703793688449634
                 -0.04259352364095096710
                 -0.44740095636705651261
                  0.78805527230578664710
                  0.16915248762474863198
                  0.80461459535892232431
                 -0.12547168830749000357
                  0.57007162153508528224
                 -0.07979431200317536887
                 -0.06332848706826994800
                 -0.46142782121652720084
                  0.18321361182071038698
                 -0.43445325190763040002
                  0.14869328276833942981
                  0.13272614712005736948
                  0.00419466180180427285
                 -0.65999389478709336032
                 -0.02509063350272801307
                 -0.07168167824897413165
                 -0.29858246615628369902
                  0.04541082054363675818
                  0.28161389884927690019
                  0.20507262032327758239
                 -0.55195585207418229601
                 -0.43289062304861303243
                  0.36707357618802721744
                 -0.01192311210484756426
                  0.15598133939973821138
                  0.34014479078899034770
                  0.09862979474768125698
                  0.52712241280194671589
                 -0.18128650132696935704
                 -0.15175250643456772437
                 -0.05001686901254668444
                  0.05198904933706500336
                  0.20700142126902476569
                  0.30006297589097236100
                 -0.40587407062161273696
                  0.31770879065830331944
                 -0.18519576944884230674
                 -0.34110205303602053606
                  0.29523644289070222202
                  0.51201794309232928626
                  0.08612518484021629284
                 -0.22391063745976852450
                 -0.00420181539193164970
                 -0.17040469716876216477
                  0.48687104627502342247
                  0.03057313707936144473
                  0.64939001410405039483
                  0.52668296642001810604
                 -0.73682046374428222801
                 -0.59368693762637037015
                 -0.33776358181977528261
                  0.16538733179631368020
                  0.30009473801612535082
                  0.08988576485055688181
                 -0.22270367954430619895
                 -0.16441741379368984832
                  0.08473118582046033909
                  0.35066407951200934123
                  0.14180512565302844097
                  0.13174518037678414895
                  0.32884653964905508072
                 -0.01552233640213903677
                  0.57229766226223210968
                  0.32368048714362956941
                 -0.10463530083670270765
                 -0.52426171143298927468
                 -0.06396827093010455656
                  0.55237838297476826721
                  0.11773172825199386404
                  0.37676462178326208807
                  0.10865630240861087752
                 -0.19140048779446941496
                  0.18024103168227792460
                 -0.53243946213535431333
                 -0.11164215063406257578
                  0.17795375626692080950
                 -0.71259370332536808856
                  0.10861597054027738452
                 -0.27477429416682175312
                 -0.15183895129767299714
                  0.10252807713295147840
                 -0.25526516692852974089
                 -0.16337388975862401908
                  0.18441335650120388445
                 -0.52868415517254163660
                 -0.70611324664540486840
                 -0.41129287591800151036
                  0.09429423325768727937
                  0.32683086465588251368
                 -0.01986864065764860562
                  0.31574940787846222934
                  0.08109144280459383569
                 -0.00285058014396694310
                 -0.12508540566066503330
                  0.72966652579920177057
                  0.01120644705073881205
                  0.11184797291436132660
                 -0.22155648813490538829
                 -0.00903243507314069154
                  0.42490899728242026434
                  0.31857852882115256232
                  0.69658381794758139627
                  0.12658092828589909140
                  0.47474808576440424845
                 -0.05757930872416083118
                  0.19485984034589606817
                 -0.32234271777711276386
                  0.37211226381229789428
                  0.38653931583442679987
                  0.19521145884905910517
                  0.20589706249360648083
                  0.18398841190755288455
                 -0.01870937908149829937
                 -0.03633394781053200101
                  0.01222124965572432033
                 -0.11977689927952687998
                  0.24199837946617983042
                 -0.23275043389635596824
                  0.04915629331929653040
                  0.03528774158720807824
                 -0.17125616868786711078
                 -0.60014060279288139466
                 -0.31830551056273032051
                  0.19505258111313397706
                 -0.00670138111467067851
                 -0.06535517743615582020
                  0.04893425088429254055
                  0.03687165737468180854
                  0.00828756221021346474
                 -0.08257358219169967650
                  0.40865264456938560356
                 -0.11195027551531684662
                 -0.00657086026275745510
                  0.31924843733880869934
                  0.29576414155746238999
                  0.24849047554649411618
                 -0.38241324841117430022
                  0.70145224043473142217
                 -0.34840315679662858805
                 -0.08238128827706234225
                 -0.18379538963370214977
                  0.20515629718184780206
                 -0.41847868184097869459
                  0.20536378044514380647
                 -0.05991471455286530301
                 -0.05002699142824836021
                  0.09203049081430421385
                  0.15075230014520507593
                  0.15178660706836830108
                 -0.19515480653404301825
                  0.09701834189697947086
                 -0.01961417491322688805
                 -0.32222190314924281651
                 -0.39441117980682111055
                 -0.18296720579747596802
                 -0.21185466598691807261
                  0.38930447617565949736
                 -0.20248558498777077808
                  0.07016923669856856005
                 -0.52266898518239823801
                 -0.61991597996049052632
                  0.23374927650870575002
                  0.22155484471435873961
                  0.14375796030352161470
                 -0.18209926569789905426
                  0.10099301324560892856
                 -0.59077938748208314035
                  0.05770962260004708355
                 -0.02937132887509654247
                  0.10091728237254121714
                 -0.10312070359569516786
                 -0.10502448783756371253
                 -0.38391543792952548264
                  0.07036302328323948418
                  0.18795584984541616191
                 -0.13037916807054186763
                  0.32298426127614920933
                 -0.07241001615636963318
                 -0.06982157006973192803
                  0.04858355196075594268
                  0.12824986044026240317
                  0.11704205196321018634
                  0.13607664307437269957
                 -0.31648957019818069192
                 -0.18108686821186747995
                  0.43571121147309976873
                 -0.02904854682204126293
                  0.34034812356885452145
                 -0.00988002344022825656
                  0.01028252216755096669
                  0.30151099029916722527
                  0.38802191841512900794
                 -0.04494087020848643033
                 -0.15638766625917271957
                  0.37034921136596099522
                 -0.14018875366827207585
                 -0.10396892146819024239
                  0.11487792447309121135
                 -0.09202781177430637005
                  0.14987833907397885014
                  0.28431906413547458623
                  0.06222516443813357750
                  0.05351733224700092051
                  0.01778482330390777563
                 -0.28837379504761900817
                 -0.37719923102868246900
                  0.04579376716268274139
                 -0.19875381856528162583
                  0.08760877920609036473
                  0.35679425215059695775
                 -0.28512435879710579245
                 -0.12378688546994486008
                 -0.02312337962050384221
                 -0.08065481166796263646
                 -0.23804501452141843543
                  0.28571593166205100367
                  0.13314707833085631661
                  0.14739183420366600008
                  0.07537515940145807225
                 -0.06583470753731908431
                  0.20959757993728286851
                  0.17263191785367443254
                  0.35107085397265891391
                  0.35974366187141093576
                  0.22886544708608697052
                 -0.09831141540248206079
                  0.17360467501557125258
                  0.34014516440844205780
                 -0.40338884771725336265
                 -0.29506175039278553784
                 -0.10386869489260294741
                 -0.24174944065586995157
                 -0.02963852563403135409
                 -0.29916006730467442631
                  0.19268222934640555355
                 -0.21613713915822574396
                 -0.17022794603926089119
                  0.33218367106845458903
                  0.02255793950171351703
                  0.37137204700845172223
                 -0.58237964707260458930
                  0.04871023376676718308
                 -0.09387248731880715180
                  0.05698320094669913349
                 -0.37895880146109300890
                 -0.15093186030774824458
                 -0.26086927702624018721
                 -0.16677394889065250139
                 -0.06846109305102907050
                  0.05591239834615408660
                  0.31092061024041789397
                 -0.05228561288621835779
                 -0.34143685542784024678
                 -0.33713181344669562733
                  0.43701185808817266665
                  0.01508234359246270889
                  0.11682228331875223193
                 -0.09634102643171826852
                 -0.17947460761487193937
                 -0.21202352526774959074
                 -1.14548527230501284713
                  0.33357459248387766326
                  0.50575176390422282857
                  0.29032696240131183885
                 -0.29930752922072756395
                 -0.45046484878243842065
                 -0.36701579447704729686
                 -0.33195562779327947300
                 -0.15658584532369226872
                 -0.20204809423366826282
                 -0.01232470896892930330
                  0.01781950551146579617
                  0.06037402257844183551
                  0.49385289256435799254
                  0.74077579451882247241
                 -0.02629096073146620915
                  0.00289725228281642860
                 -0.39067419035418460282
                  0.17062104815290030091
                  0.06469512818031522561
                 -0.22989786839214704228
                  0.06335592147793428497
                 -0.07278498663855792472
                 -0.29873422225529244756
                 -0.10178429314626881441
                 -0.06765261135057436259
                  0.24367426052549920334
                  0.07580632658235046673
                 -0.23927658913745197822
                 -0.15984750455434995620
                  0.11808209528842711356
                 -0.03091164613904450950
                 -0.60751387265127743120
                 -0.02933246899452102499
                 -0.02021352804433837469
                  0.40854572833407443166
                 -0.14875334808370355155
                 -0.77470421454761673186
                 -0.53350296322988333131
                 -0.43918848479246325178
                  0.00810523460037782147
                 -0.67932174178080284577
                  0.61162740479445809605
                 -0.42990069166147648616
                 -0.33824129033655930821
                  0.32136514181878378382
                 -0.31442187979111213547
                  0.04291206724682443407
                 -0.22885316143156372859
                 -0.24416539558173366853
                  0.26478937308005101592
                 -0.34356343424814000942
                  0.07787702954402156430
                 -0.17762432477367065542
                  0.05969706045074422984
                 -0.20647754285414771092
                  0.04123098941316060556
                  0.29988154139980688351
                  0.44047048554861650826
                  0.37493114786295633767
                  0.41657516622069018508
                 -0.30225057689723189291
                 -0.18635940910276432847
                 -0.09375390474483173697
                  0.01256744506077392583
                 -0.27380580370339463459
                 -0.07985266861320951259
                 -0.03053353396823357477
                 -0.47825523815486020718
                 -0.16585711448162882009
                  0.05536717367311597832
                  0.32722665977986886698
                  0.07163926226089026295
                 -0.26050019382418582170
                 -0.10198863342611609595
                 -0.21052797275557563750
                  0.32105134507114885256
                  0.15108369599928583860
                 -0.08257199021036883135
                  0.22432172890012788691
                  0.22730280511538630828
                 -0.12093834422017453456
                  0.14605156756442133625
                 -0.05190831591315674121
                  0.18454931991996276208
                  0.04431322666861074733
                  0.07088470387879670931
                 -0.23210106861770302134
                 -0.31909734731675687414
                  0.00913754146162309294
                 -0.01204744678367319390
                 -0.33656870098225005750
                  0.26139429958923221520
                  0.20500426212291181227
                 -0.08329972109999457530
                 -0.40467598873699223150
                 -0.01784933203100521823
                 -0.16121564987373773747
                 -0.25686068148452928517
                 -0.32703524203328315778
                 -0.35055240416226851607
                  0.03823312763514301327
                 -0.22146054612297402797
                 -0.16648780307703139880
                 -0.18300638651246708966
                 -0.37151764729764746864
                 -0.43400356499188752490
                 -0.17771098268720658675
                  0.31529510695031554013
                  0.02674423628367511921
                  0.16722309720291067547
                 -0.08805394086141153653
                 -0.41420950670249823133
                  0.10144444653097089981
                 -0.33035023194869095331
                  0.37060627034961729498
                  0.23213561279679909011
                 -0.07616994810633349877
                 -0.26958206814126972617
                  0.09612164351192169220
                 -0.15931393720195993757
                  0.23920647370743053362
                 -0.22009481181760456869
                  0.16607623239783059210
                  0.27785052250692621190
                  0.10853653279781140528
                 -0.12661588111436763993
                 -0.03781323885186201744
                 -0.34391196884604774420
                 -0.43594156027850800017
                  0.17375780489639225390
                 -0.21109188067869677496
                  0.06603663035449572338
                  0.30279955350676607262
                  0.19739066631045609768
                 -0.39214101951470270446
                 -0.11218592826512616134
                 -0.35145809540227918033
                  0.28784008376758268843
                  0.29889264436163726080
                 -0.02160771299661429917
                  0.12715655460325922532
                 -0.37202688664746264013
                 -0.31847821305235168854
                 -0.14366708344467032932
                  0.51058484719132923857
                  0.25824799093446432208
                 -0.28601570910729312569
                  0.18756509108149335696
                 -0.01723506304077203344
                  0.49328428087729253582
                 -0.03968806060324253648
                 -0.39655046785748326865
                  0.03092224273161088902
                  0.15421780015264538455
                  0.49721357597294363329
                  0.10619802929408619918
                 -0.35539842081968614496
                 -0.34007552039771554719
                 -0.02790777823637438301
                  0.33228788141063358985
                 -0.29224594783462942704
                 -0.01494797890780500890
                 -0.18226317227204202887
                 -0.16309839439896739455
                 -0.12232118461067791049
                 -0.18922672410873031534
                 -0.64951741386560879477
                 -0.07498234755645596938
                  0.21351064696644639351
                  0.28387775903635620312
                 -0.36987800659951863835
                 -0.40765627383194719124
                  0.06006677536906716852
                 -0.38736272678054700647
                  0.18764570640765537712
                 -0.20553843093486770521
                  0.03446768061982634357
                 -0.07859348667263250932
                 -0.15453577964516765353
                  0.07935742026671754878
                 -0.15821647957364190495
                 -0.12653779794635938716
                  0.21697168581470277493
                  0.33276341179468832410
                 -0.22845772307396527978
                  0.02617354250293092710
                  0.04045066133183673751
                  0.52864545521706207687
                 -0.10082276236324404228
                  0.04926227677405055350
                 -0.03690328211396740055
                 -0.12899962997503605644
                 -0.19127721231740527075
                 -0.19472709450720540603
                 -0.20417262096643129521
                 -0.19945069873533247118
                  0.05282251328481746971
                  0.30394555081254298612
                 -0.19361404574762197672
                 -0.32305191999859961260
                 -0.26184644423732761354
                 -0.17415367226443498327
                  0.46914742942293274908
                 -0.18048278590493266327
                 -0.48621986161801317161
                 -0.30991619306256690258
                  0.45908029164779201592
                  0.08496506367943987281
                  0.20366826323034198376
                  0.11765410193351064083
                 -0.10343164433483816034
                  0.03262576081004098932
                  0.11101537729569693758
                 -0.42751021051453408361
                 -0.43304056626269438190
                  0.01910817249791572914
                 -0.25824143533983007215
                  0.12088224342784877063
                 -0.10089436530388969093
                  0.15287616131869971592
                 -0.13882081252923800241
                  0.41872677849243572501
                 -0.28634652569231716646
                 -0.21032707875511572060
                 -0.18707397904692646406
                  0.18504891627454983505
                  0.09788046626746124690
                 -0.00275585654627680948
                 -0.36853478153895175007
                  0.16085374619026374110
                 -0.01886504753078432906
                 -0.34935662814525758613
                 -0.07811276242821904581
                  0.01818534393703178861
                 -0.02816215869609127800
                  0.26181968277981360060
                 -0.09926354428950760755
                 -0.16373061338615607641
                 -0.42791547499987908632
                 -0.24260636855647066401
                 -0.08273590347307534232
                  0.17806633704322299971
                  0.10546030169828067569
                 -0.06256685962543584445
                 -0.07133638135462558316
                  0.23473396235166030244
                 -0.39818107341259945109
                 -0.14895428946249375524
                  0.07989443528099958447
                  0.53122949744791825299
                  0.34134509012583630350
                 -0.09109159268637012641
                 -0.05176672312936887732
                  0.21936449798398055533
                 -0.23020645933508002146
                 -0.28835095209604821864
                  0.05557334803723640304
                  0.05090940817384709965
                 -0.21127452485464914833
                  0.03267322906774943608
                  0.30560729986299517424
                 -0.06567343496829775029
                  0.17080385284568991300
                 -0.45431804452760710111
                  0.29118331848193201861
                 -0.24357951317196685492
                 -0.05148156599552888846
                 -0.08308644707599245616
                 -0.17028024117563994588
                 -0.02051144754444869656
                  0.34959390247586152878
                  0.39980514369507375028
                 -0.03342228576646228549
                  0.28196108822742482758
                  0.33481955264019253038
                 -0.49842918678441616720
                  0.17603100636288487868
                  0.34512792088049282224
                  0.50312704739848912450
                  0.51406685784130823347
                 -0.42276642525640512060
                 -0.26497612597136904755
                 -0.20232478979509779804
                 -0.17924186112525394843
                 -0.24223214415282817713
                 -0.23672220396966292544
                  0.29553306563318881839
                 -0.31527507120833120347
                 -0.41910481692534468090
                 -0.11244272793959028678
                 -0.12813926610701953379
                  0.20021102736938742317
                  0.42880449466838199690
                 -0.05337538638662486096
                 -0.28598392088142216005
                  0.05906070159739924136
                  0.06464752720719237067
                 -0.25600858458141001472
                 -0.19807610803217692852
                 -0.14842219231049330608
                 -0.04952067718923175432
                 -0.47027498969228681558
                  1.09681940445360437408
                  0.31203953185904287349
                  0.07103310472619092653
                  0.10249015790939426662
                 -0.62023293198588136388
                 -0.37157853722767880678
                 -0.50026514467043992074
                 -0.08188855329829203278
                  0.24245496645923272916
                  0.71915530676786321163
                  0.58227852524542500490
                  0.42483597960701668939
                  0.29444919818682913082
                  0.29113905407093026989
                  0.27413464745779958509
                  0.31190457100113638811
                 -0.33410249565467342592
                  0.32835518421053772053
                  0.15341136611762087871
                  0.02834627476682417477
                 -0.26216026663988778456
                  0.31162522676572357305
                  0.02511241517262582587
                  0.33646956812519496216
                 -0.17738411638745099630
                 -0.02443156610746139226
                 -0.08526120133581889526
                 -0.16434273386360129243
                 -0.17644396364022496559
                  0.40895607705405762067
                 -0.21737558582942115293
                 -0.06087832718339022953
                  0.77548329634290480428
                 -0.22762249910038784284
                  0.49225353732109428107
                 -0.39038933185866164788
                 -0.53497114160462255761
                 -0.00543238040295632683
                 -0.00019059506062029091
                 -0.18374069880280469169
                  0.14652352024845674561
                 -0.15743275517268867647
                 -0.06334022643793088547
                 -0.09526276831732713446
                  0.04854916980902975604
                 -0.30108351443154246496
                 -0.24106547339085923620
                 -0.46301592516811501676
                  0.04482282102556263415
                 -0.35512624710187667976
                 -0.04335075314892573167
                  0.46945702600923611136
                  0.33719025052170203960
                  0.22944261971840781977
                 -0.37627390062358062606
                  0.15903796548469914529
                 -0.15904136676950950124
                 -0.07184416761707453081
                  0.15050879090008517647
                  0.15488035731145965990
                 -0.07032598982075348448
                 -0.08648241944318048324
                  0.06690277213379181021
                  0.04044888950014809137
                 -0.43303287891704378421
                 -0.32108526152963062783
                 -0.41430546398509476846
                 -0.31050925730083756005
                  0.00121529308654838401
                  0.33615503156503317994
                  0.34914355503569277639
                 -0.10208847480286188658
                 -0.09854341475976924336
                 -0.25156599469206303299
                  0.09557954424720209452
                 -0.38687907004666366451
                  0.33661329735635847626
                 -0.18900612989247189688
                 -0.11356111094825294128
                  0.12258711962478238688
                  0.26243118431304218729
                  0.11014656557857119279
                  0.12722619791215261653
                 -0.33200563312293734919
                 -0.24432860113808516078
                 -0.26196384552434265336
                  0.08351134149234946957
                 -0.36499760543709064420
                 -0.03330170510300271836
                  0.24718778112259329194
                  0.06653584243980144308
                 -0.16393467401361996871
                 -0.17883181636663730840
                 -0.36560068789221072949
                  0.29536483919571326906
                  0.10394604544835914228
                 -0.02176995338835301455
                  0.04393315298428788346
                 -0.29279035989719159883
                 -0.13840724176654878308
                  0.26828685048605938057
                  0.04065265043328274153
                 -0.15044709328695596295
                 -0.08704209190675279983
                 -0.31571781684097283138
                  0.41054173596895410236
                 -0.04819930877288547411
                 -0.27511050743748716174
                 -0.28665463582239014695
                 -0.50362197677452191780
                 -0.22441714474485974229
                  0.02003694390065000053
                 -0.18824572579414020068
                 -0.33506021708139926973
                 -0.23612793755270619633
                 -0.29044666731617413413
                  0.05328048122146401833
                  0.20490084957896301243
                 -0.02514475692041492211
                 -0.35104316280021069518
                  0.35217256890298792582
                 -0.02328491863592213607
                 -0.08487894170688276008
                 -0.16496068080048342797
                  0.15407466305625250325
                  0.00032543447596611455
                 -0.19180547062692429594
                  0.43984202740539962706
                 -0.03980548084420482136
                  0.21894003610526840964
                 -0.04007296417979352987
                  0.15973399301191110178
                  0.05234401243714329605
                  0.35934997290672415771
                 -0.20063841103683033307
                 -0.36370220777214562480
                 -0.42310237410638357192
                 -0.08167069570511183152
                 -0.08430980692863908332
                 -0.41299991054696588710
                 -0.28979438153749415008
                  0.25262448301044754251
                 -0.37033098909708300761
                  0.06749610409419444512
                  0.26225234064633323738
                  0.05822854224249171540
                 -0.05512088074446869906
                 -0.07177792799069998564
                  0.37931812630160494093
                  0.38529967168636675146
                  0.27598158215924212255
                 -0.10464060041278612501
                  0.29501382984373342167
                  0.26932374009439413731
                  0.35464981083267987927
                  0.51961670158062478464
                  0.16978099967102522339
                 -0.17587135730940203771
                 -0.08278871927934233765
                  0.09837442968818703448
                  0.32002836285555469331
                 -0.18293283810863214534
                  0.16726032253148606643
                 -0.21500010232286420608
                 -0.00235087697796130916
                  0.08907617053679706132
                  0.08648817849725506934
                 -0.05750682918483106948
                  0.35638389626948258071
                 -0.15234420306530879752
                 -0.46875072370152548462
                 -0.07891401516915980130
                  0.11618307698263759253
                  0.32673907818812136794
                 -0.12578903587058271052
                 -0.21690358325552483443
                 -0.11709052509346455639
                  0.35773083162976809790
                 -0.32573695797255075579
                  1.05329580860812344056
                 -0.05953550004374810051
                  0.66254239442615892042
                  0.07806633973026737283
                  0.68885202652753274588
                 -0.27067504161228367332
                  0.05051490948860028890
                 -0.98447836291662282893
                 -0.08817614981587448830
                  0.49520023245609506857
                 -0.28112446947686536847
                  0.55988093906633129571
                  0.00255208843850037717
                 -0.53911766007126071809
                  0.10667977754050105010
                 -0.02267607712883297835
                 -0.14813768860469342381
                  0.07282215914689203762
                 -0.50844718267106425724
                  0.01089475025929515645
                  0.41165517781242333406
                 -0.00287689171299129612
                  0.44462129030585489931
                  0.43155055032359518341
                 -0.28218350097562322487
                  0.07948174486909471981
                 -0.19575342250981062064
                  0.08988999272281429642
                 -0.06415882261567910916
                  0.33891221306894742105
                  0.37609478436871018880
                  0.34664689535929732456
                  0.22729701832558391050
                 -0.63512504567651562049
                 -0.13325129827312132136
                 -0.04218180468413709749
                  0.25144086872710963432
                 -0.24420244019730941165
                 -0.38289198339077018529
                  0.05912938525145880475
                  0.14373647035301018171
                 -0.18551874413027891197
                  0.01107614881394521945
                  0.06666190283453128640
                  0.12785258046605907367
                 -0.12389779698795788665
                 -0.04971530755352115971
                  0.26252083100532630500
                  0.08268082701773753207
                  0.01146251017052047141
                  0.12882730692573624021
                  0.37389506316039261558
                  0.16650725090363349690
                  0.00832221432771837119
                 -0.11049341495513066713
                  0.06565890029152088303
                 -0.23639715334483002440
                 -0.06652995972981673445
                  0.34193506628945319337
                 -0.32560081773690152662
                 -0.18191313760263735921
                  0.16710133126054990682
                 -0.39158208176980296988
                 -0.08500223315528411538
                 -0.11779685102321700574
                 -0.30238231930283770987
                  0.45162795731738436533
                 -0.06771696792426189215
                  0.33434676874481050746
                 -0.06091247722769753403
                  0.15716076020970060068
                  0.02577332966122789989
                 -0.24244789171151287510
                 -0.10217818745948784032
                 -0.50997316047657315075
                 -0.39806120268491401726
                 -0.37657825737886202466
                 -0.25087217598636230020
                  0.22097562789311314679
                 -0.16081666820431475551
                 -0.39598613481911815182
                 -0.29380180522602439286
                 -0.34533023728723333257
                 -0.19325429070883298754
                  0.30742590416889176153
                 -0.08431188741536503606
                  0.32089883604217234181
                 -0.01238334962171711885
                  0.33007094956134191976
                  0.06274888839603277868
                 -0.14215241459111466193
                 -0.11729806433965170309
                 -0.24813179754213413042
                 -0.02009632999395466468
                  0.12891017157302042673
                 -0.33436641345093348621
                 -0.19612656372389336568
                  0.23999004879670984836
                  0.21785539066701994915
                  0.66791373117011132443
                  0.12044151810748593423
                  0.27385725834532070877
                  0.26680668317263533940
                  0.43989294433528131067
                  0.09177643675468430406
                 -0.22634238012491314507
                  0.01251395915218305593
                  0.27869069385502948100
                  0.19145129189510659562
                  0.04115135847613250741
                  0.03648836123745773791
                 -0.43576937552168687473
                  0.01256942096920111301
                  0.26285095402907010520
                  0.23611599228728971656
                  0.02226552132140502752
                 -0.58757109289818654219
                  0.31770663320795511364
                  0.02273803670364062807
                 -0.40999390578124683682
                 -0.44224515266641634126
                 -0.19337281628505215147
                 -0.20895453399681720996
                 -0.03597549201221234005
                 -0.08132207891308476655
                  0.10326754653243222504
                 -0.13374989509355655892
                  0.22053740870171870125
                  0.05620307233761812765
                 -0.28331515519317745921
                 -0.00699190057798577784
                 -0.30460240251272924228
                  0.59852771651729663738
                 -0.07423376288711600046
                 -0.09634272018435313667
                 -0.03098033418944158568
                 -0.26265800199601108122
                  0.30484994650819963180
                  0.10461902386952370847
                  0.02875780225025268561
                  0.00811700574092955734
                  0.32032402279776589493
                 -0.36061903471808565147
                  0.17132071733615081288
                  0.23961593436839018212
                 -0.33010808083314663319
                  0.33143230442389215451
                  0.05538710037757077487
                  0.30914459649831227406
                 -0.19924927517124862986
                  0.31879189527733514664
                  0.26840908212589614790
                  0.10543936342123398642
                 -0.07092345950260749154
                 -0.27898791829098240624
                 -0.25208255290055997522
                 -0.28459339000325778457
                  0.25019278678834616647
                 -0.01401932940016674053
                  0.18432018133107935798
                 -0.69744406316844742566
                  0.58771365197459657370
                  0.24779164290077679289
                  0.17401500928282140346
                  0.38207433771330590044
                 -0.02666356044752046447
                 -0.39350648044003050385
                  0.31542246454115108190
                  0.17792249946375834901
                  0.13634306755115851995
                 -0.17062613499680084894
                 -0.13224887770727677960
                  0.43220455779121130790
                  0.23399852052968936333
                 -0.66885730561190326338
                  0.06955501191405634442
                 -0.06461116974308844796
                 -0.01770575914845776491
                  0.39018580758272164433
                 -0.02726040933836032520
                 -0.89334252383700507583
                  0.18652705705958186333
                  0.32067576810940390253
                 -0.18867231157855574031
                  0.53186646172028517743
                 -0.05238284273356950960
                 -0.14478927825180631928
                 -0.26963276714004025258
                 -0.37136937660230812108
                 -0.14896831175777860978
                  0.30528947187074012559
                  0.35448966545697363495
                  0.02492863667292449792
                  0.11161631997161597374
                 -0.37270470427483942677
                  0.12702028006301871454
                  0.29914751845807746600
                  0.31205360927895681167
                 -0.02506578243236822282
                  0.06193472202967906931
                 -0.35201056585064277593
                  0.19246096719721469959
                 -0.24488833319754496620
                 -0.24050992054800174325
                 -0.28035260358381569601
                  0.19863213535022836154
                 -0.32254309645154249919
                 -0.13806678068296582285
                 -0.01685669029074867570
                  0.06490482336125512342
                 -0.16590105750383191130
                  0.30375999078633392214
                 -0.31785363540183020348
                  0.08067365207717534792
                  0.17721045893221043510
                  0.03368457821460377200
                  0.26480152034324794252
                 -0.27285008083511458343
                  0.20961350569817210898
                 -0.18889507839933566968
                 -0.05221429534010646467
                  0.07025029712347513611
                  0.25538540429898337614
                 -0.25476279771359455761
                  0.03983730701745592101
                  0.25488227611578201381
                  0.25862974496373891675
                  0.09192155759939578397
                  0.13795423017949143274
                 -0.14917172428095820669
                 -0.19730300423223071093
                 -0.27659681894410503844
                 -0.29388507566113547531
                 -0.01722282725105889895
                  0.31894044626160461542
                 -0.21594092060093236785
                  0.16364090295785016504
                 -0.30369687162263236946
                  0.22832352185463061778
                 -0.22536012989201312240
                 -0.24964329919333244634
                 -0.00166598687104156651
                  0.26113900872705525513
                  0.17525542751467471092
                  0.25480960915370226560
                  0.31848013011313591747
                 -0.17785390400388750853
                  0.55375804151309071521
                 -0.11471868287409113518
                  0.11916355248579975357
                  0.28095708645417982741
                 -0.35733437490406866344
                  0.08576066434426585228
                 -0.12418911826656846287
                 -0.10293795851272163899
                  0.38030866377896238584
                 -0.29354374416373302248
                  0.23680620650208780709
                  0.06916525029289254112
                  0.92011027204106388133
                 -0.13901331153067195134
                 -0.00055832608366345815
                  0.33636144071247214837
                  0.05396830366208454910
                 -0.02567929190724404717
                  0.41778136818210992454
                  0.02507727537832136339
                  0.21952291592677411480
                 -0.20056947419475054661
                 -0.37116341533746066705
                  0.12840603688185103781
                  0.25114744064858407491
                 -0.26570461444813314733
                 -0.27311952638829140039
                  0.54803616975681468393
                 -0.14394360074387754778
                 -0.03242221630263235344
                  0.40082930046695913751
                  0.45419021734616410457
                 -0.37094991432869900416
                  0.63952971611064113322
                  0.16446682557580991069
                  0.22524759213210712727
                 -0.09031239770456560290
                  0.50822614897964968339
                  0.04793358783677047208
                  0.22551938016522132813
                 -0.32388974020774713436
                 -0.16447354437612135558
                 -0.02431208818020583542
                 -0.25548425607103375512
                  0.37946529435998793689
                 -0.04852392949530334038
                 -0.90314116054067250516
                 -0.23068233158450915377
                 -0.10336769821181585050
                  0.27646219184049020123
                 -0.54612155442391541182
                  0.23574062233655829202
                 -0.34550509821083896789
                 -0.15502754539101085141
                  0.00885377830004823591
                 -0.45344518068608702377
                  0.47498093543425723428
                  0.09664925471244084632
                 -0.52281182314588470206
                 -0.03723334657670080566
                 -0.29250033827750715476
                  0.25910764086070214862
                  0.13238086114298000528
                 -0.47373799677106159800
                 -0.09402630298283939925
                  0.16615665836573290104
                 -0.38317485825190322757
                 -0.32507341903076303335
                 -0.03151246709657507666
                  0.18115416967411054894
                 -0.16356994262174157084
                  0.23402661987954501144
                  0.18057943754658331570
                 -0.34212337055509384198
                 -0.51647396323641092675
                  0.12160909893482896305
                 -0.12669089390823584651
                 -0.01194947902862904775
                  0.00384204735393019713
                  0.10418920358483245436
                  0.35743672039327062384
                  0.32748603084074368041
                  0.00777227223256372543
                 -0.43077270555933339091
                 -0.29335031366926317409
                 -0.17406363606152294721
                  0.13612563463072860359
                 -0.17660565630109839597
                  0.22059809841567903921
                  0.08617268796446456158
                 -0.18544738069204946829
                 -0.06290568837931483082
                 -0.13280973187859396178
                 -0.18763761122656846814
                 -0.32641223191185647634
                 -0.29556047629510356911
                  0.05988289393314114029
                  0.04082315369872711180
                  0.04733220220249749477
                 -0.24266569933831444450
                  0.15781550857239115548
                 -0.23933246852590023268
                  0.10775505156379344696
                  0.25049467101888778231
                  0.16840736621974891629
                  0.18055023192675834220
                 -0.16504325280573386991
                  0.30133013329068025765
                  0.11982234195706781277
                  0.47243253230916243401
                  0.46123072394317432554
                  0.06291818295925033500
                 -0.24428852723879709852
                 -0.32350368119962558122
                 -0.56360624544681414694
                 -0.45937754238599570744
                 -0.20194448595891506537
                  0.20264713844853488034
                 -0.41834411671691335011
                  0.17681386942356003278
                 -0.06168161200689353807
                 -0.20311685389319203421
                  0.44097742475720402844
                  0.23992688375043125237
                  0.24278334133615914192
                  0.33886882743060608991
                  0.22016829956139491453
                 -0.49626529474108471707
                  0.46024733241954529639
                 -0.20642278206127240292
                 -0.22739619803162774980
                  0.26335593784206695611
                 -0.31888748113362319625
                 -0.37424027991862007791
                 -0.21220725922077290915
                 -0.04523073900458760704
                 -0.12672883170059479063
                 -0.08639950322452517872
                 -0.43041908664362382719
                  0.07034072731843352133
                 -0.35182490114680681215
                 -0.03007576648282466944
                  0.16249613591223177611
                  0.10534876021530791002
                  0.20286814585793017107
                 -0.17124395379114137894
                 -0.51551670583190900565
                  0.03609371890042906844
                 -0.28902205038717310170
                 -0.39392526850204362399
                 -0.19655075086081993940
                  0.18079564156249319784
                 -0.21153188626624369606
                 -0.29728322155293451790
                  0.48931126199914659614
                 -0.37024426738459825792
                 -0.05217608467945469841
                 -0.17918715770398455089
                  0.11613864080303602788
                  0.08470401568394406167
                 -0.16542473369492255442
                 -0.18727959589832091081
                  0.45460484358546066064
                 -0.07809052165970466197
                 -0.05055776822569000434
                 -0.15366786612180025062
                 -0.37307877655284038543
                  0.28654066185937299149
                  0.46418933117738392369
                  0.02486297304248246201
                 -0.01638431955453197725
                 -0.60612773338562220271
                  0.24420755326556461973
                 -0.29296386728424750334
                 -0.01475905952956428971
                 -0.37555129664496905706
                  0.22021920538895206620
                  0.14167989939310404734
                 -0.43087807200038436006
                  0.00066748394514066015
                  0.24763398059434424403
                  0.16380230679203483524
                 -0.38321453719099402013
                  0.48363359513085635299
                  0.29024382570879514454
                  0.02797732004118271346
                 -0.17056853468561875009
                  0.07896003423515929320
                 -0.09332452030423278588
                  0.07568866526122575156
                  0.09777134165973451474
                 -0.27530321240659233473
                  0.24678008571986362329
                  0.06846620600724728778
                  0.17185053892674814757
                 -0.05810362974483419124
                  0.16983484851339536448
                 -0.13759422239387367193
                 -0.19261831610070048737
                 -0.16637350028777245226
                 -0.13331274516112906481
                 -0.15598373458639772093
                  0.06370250040854175122
                 -0.26072040619626335456
                 -0.38071844169066143548
                 -0.00492330896702818707
                 -0.41058950179430347971
                  0.37796706762033799309
                  0.09769270152219407255
                 -0.07725230988836198631
                  0.10474707767231682121
                  0.50919556089582496128
                 -0.60268990485298357118
                 -0.50430600709902029255
                  0.50132046025846987991
                  0.33561773543232137351
                 -0.37282899652625473008
                  0.15900665746248418553
                  0.18454527499464834506
                  0.47078007700668156321
                  0.54770148714153088498
                 -0.25791996240124615003
                 -0.37766855570808144371
                 -0.00591592843569058776
                  0.21712140272633137505
                  0.34341925304738618596
                  0.11215984195934668166
                  0.07404703877051557748
                 -0.50855549614470141329
                 -0.29247005963490746439
                  0.20190572012013621728
                 -0.21877425109540812875
                 -0.04142143858395881673
                 -0.03700743476934093695
                  0.02845038506758663585
                  0.04580844653975006675
                  0.13825202633725031109
                  0.09531828287766819230
                  0.39971624718160292389
                 -0.33368870058240446275
                  0.01735107406830415158
                 -0.33490332996391375397
                 -0.08494403151926958884
                 -0.11816688251879581273
                 -0.28249232444235639061
                 -0.00233945841296825593
                  0.35578425340662345189
                  0.03417624825558993051
                  0.03655951237568783041
                  0.18915538743464116456
                 -0.12292189331711773914
                 -0.17612814085158051691
                 -0.12003800772502155880
                 -0.19599391359460019424
                 -0.25825268389120797918
                  0.02997815944997641105
                 -0.10967116186746658779
                 -0.02951636499672873060
                 -0.30118006418117881928
                 -0.51654488196070813544
                 -0.18890001077410895070
                  0.05955441561107521764
                  0.08983177755703197764
                 -0.00093959606338778071
                 -0.48846333139712183602
                  0.08084595412191070141
                  0.11749037398269175647
                 -0.41397855954234058506
                  0.20182035975071765943
                  0.15509161901129422945
                  0.03201392162101208277
                 -0.11343205944013926012
                 -0.27819787692248670874
                  0.51680247504903076283
                 -0.64626445164843293600
                  0.07052594088320021659
                 -0.09500268582974698284
                  0.26034188968548782617
                  0.46633608770515100339
                  0.27586269826699955088
                  0.08260597933257228520
                  0.26773813753746877886
                 -0.11957057914429372603
                  0.64802914341433626166
                 -0.29333278426329251198
                 -0.00434163598564011460
                 -0.20471231671753437054
                 -0.05973396237566274553
                 -0.41869915319952549781
                  0.06213635191425791182
                  0.40043324265054447419
                 -0.57354329818865312784
                 -0.10525516431150656882
                  0.10033796756586219057
                 -0.17119179520009075723
                 -0.30979829745930181906
                  0.44656403161217900211
                  0.39126520358191307913
                 -0.11853732619459812769
                 -0.04238157017985404867
                  0.40180023437464484903
                 -0.13382976288034051371
                  0.03464341563738078389
                 -0.25280541456261940159
                 -0.42432935123163278979
                  0.25069584354500823453
                 -0.18718055816217971099
                  0.23831749268920973672
                  0.11241113900361078548
                 -0.05725115924929759237
                 -0.39705576945051573867
                 -0.16324755137248184167
                  0.02245009853883189743
                  0.74212529120517956027
                  0.05831476003622348969
                 -0.96306738729983476510
                  0.07310509071783759250
                 -0.20036573663304163562
                 -0.14105489121214193071
                  0.10056905009561968589
                 -0.60477756056525322492
                 -0.58187627094184313226
                 -0.40626465602556161016
                 -0.21454741512789082813
                  1.10097243298626490393
                  0.47787452758842674516
                  0.26926002674116539248
                  0.21569923695752171722
                 -0.42093044250193439870
                  0.33908639747111701812
                  0.07135454112378350477
                  0.56083999852204213799
                  0.31775529312821293448
                  0.41979318016307043404
                  0.34432103001979841306
                 -0.02427772714175954749
                  0.58227092304905148090
                 -0.09523743261333694754
                 -0.27337133331252649882
                 -0.12514723196879448675
                  0.34452811222423501691
                 -0.01608426021191001684
                 -0.22704091561960032530
                  0.27739103500539979974
                  0.30980874278872722050
                  0.24226930477110067419
                 -0.33622522563472995172
                  0.34572135246035123890
                  0.14247571161367994508
                  0.02919283073430424189
                  0.33555812348498925690
                  0.63150054952584966372
                 -0.18266280553242358886
                 -0.26100081895185045511
                  0.35939325111093922693
                 -0.31140079022724459490
                 -0.35464110817146676791
                 -0.26023826850356585050
                 -0.30964808974211105452
                 -0.19283454080306536293
                 -0.19329151986562462251
                 -0.08615398722145661825
                 -0.05406050480662467211
                 -0.01821840420201318450
                  0.00017161593697379973
                 -0.19237391403176526405
                 -0.19205971631585494475
                  0.50287887096607131188
                  0.02682735980043077229
                  0.13878122857011923608
                 -0.28537112529330455057
                 -0.31987578167809721519
                  0.04776887902609604220
                 -0.70729916493065869698
                 -0.42814162645273490249
                  0.42244929526470847980
                 -0.02358521155736117286
                  0.23576713943045968236
                 -0.51547910577829236800
                 -0.03785048169373249338
                  0.02232551716008967374
                  0.41917631154888790324
                 -0.34710462765325761358
                 -0.23708319829229262954
                  0.33516470667227032942
                 -0.36686493334243108766
                  0.31649981709124036522
                 -0.26183991938632839025
                 -0.10779357930238932239
                 -0.16050604057533446323
                 -0.40255347428853943681
                 -0.32509825158733990369
                  0.23910008044108241321
                  0.17401693414930630155
                  0.42340325658942462583
                  0.43105275931142039703
                 -0.21424478865722990095
                  0.27266459977169016371
                 -0.01113589330033377955
                 -0.00147913830792904192
                  0.41183817234502717586
                  0.48070286033756431943
                 -0.08551288956167421573
                  0.07796903786188494334
                  0.12977868655491581196
                 -0.09543476158374621099
                 -0.00695932794065539078
                 -0.15175174698642049376
                  0.23081358675606578057
                  0.12736154690898052189
                 -0.26580353829983682790
                  0.49059102135595722416
                  0.30351507515018688599
                 -0.15735222435172230293
                 -0.05399659804252604500
                 -0.19688403928611267202
                 -0.11672471444730410373
                 -0.23932483939330423395
                  0.16913947589615946354
                 -0.15698793374174277448
                 -0.31669685819293286189
                  0.07392530644707138998
                  0.09931612839198510068
                 -0.13683284562587405553
                 -0.28410386399116360767
                  0.25132456176499184952
                  0.30013004196536746671
                 -0.21733170539162846580
                  0.38341906834303385310
                 -0.26055253292631369577
                  0.01266278555414841571
                 -0.23598297962597217237
                 -0.11796501063104695983
                  0.66166582683855479363
                 -0.29167201738549758394
                  0.02609928629665506095
                  0.31413081612310145285
                 -0.13323684447468592262
                 -0.07802059310457847008
                  0.08472794806226258135
                  0.25288427272211899677
                 -0.21745214185032976650
                 -0.21982535202024774956
                 -0.18088898030336209022
                  0.24333610272970948585
                 -0.28074340609667514101
                 -0.37932364336280743888
                  0.03562284898533719935
                 -0.22370077140908239954
                 -0.24769085572172588883
                  0.30899389861648141054
                 -0.09438891896604709175
                 -0.08546031555427002768
                  0.07278897143633807076
                 -0.22749474736562680377
                 -0.29984367717233606498
                 -0.13773373629956522923
                  0.09557810878590598802
                 -0.17271492523146458886
                  0.17613911422858083422
                  0.06096963230484316043
                  0.18667620833322509655
                 -0.15712882475683215278
                 -0.22501936175429781972
                  0.08412136128950063740
                 -0.15690392616855031171
                  0.46215032656694254865
                  0.16376653264449861358
                  0.22899625339827778259
                  0.37855851289829989259
                  0.29169568433683762398
                 -0.16771109548384788290
                 -0.44693553065849078720
                 -0.48213559313367249093
                  0.03993462445636898617
                 -0.40282915051615597601
                  0.15138955641633661253
                 -0.29800076901172317667
                  0.27609264043721432058
                 -0.31456128622087764501
                 -0.00340506391669948179
                  0.33468822314386953432
                 -0.23913772692635820727
                 -0.24705769216646719655
                  0.25871714454400329686
                  0.24221759197732672941
                 -0.00533681078916286872
                 -0.22952378895993205687
                  0.05275062399131154323
                  0.19367424318045795006
                 -0.23502630424654455399
                  0.27817943115796439635
                  0.23918711399429262721
                 -0.12694449883131705969
                 -0.20891529919352189171
                 -0.22346662615084228465
                  0.25751783925779531126
                 -0.02948313394821553551
                 -0.14402286771009770172
                 -0.19593394258642021777
                 -0.15347544116938802161
                  0.53361109003081697022
                 -0.14854301282696363851
                  0.17956482727043199255
                 -0.11755458246303765457
                  0.24511275777739019444
                 -0.03523014793758597746
                  0.27705423391947492373
                  0.05879472160719786955
                 -0.02083231427530313207
                  0.45624942690427766623
                 -0.36909454065035340875
                 -0.17781092210157004030
                 -0.22648906250258446504
                 -0.29715479383787513079
                 -0.36567214927216962206
                  0.25595663769741605620
                 -0.40235638956397612453
                  0.16801984839354650036
                  0.22520326370369750379
                 -0.41986659334139059263
                 -0.23412621369069111510
                  0.01808325479831651011
                 -0.29207733510369537910
                  0.05926902685970557999
                  0.03066125045581455724
                  0.20141329371314437013
                 -0.04662523055800383426
                 -0.36392592497214676373
                  0.11991569819490989490
                  0.64011196377510637401
                 -0.31040367416618869223
                 -0.23819314040893133089
                 -0.01710790039590171299
                 -0.46032596587609136973
                 -0.15162081862765855456
                  0.02802258297404919968
                  0.19226505627927803488
                 -0.33202411088800293237
                 -0.74575696114831757644
                  0.06874510709398051755
                 -0.29672571121814822481
                 -0.01039127863307381765
                 -0.21458722342414349171
                  0.04784620415311510028
                 -0.24539241378643508740
                  0.11340870552784086678
                 -0.02145072820025824972
                  0.22205686431474391807
                 -0.01305776680950222583
                  1.00100769035139269825
                  0.89504968636273407601
                  0.14240864221010596236
                 -0.92298372956461283145
                 -0.94053953254247280036
                 -0.00090845310572119919
                  0.49126548515058360289
                  0.07357468384068244216
                  0.01432703088301027182
                  0.21379969850524943586
                 -0.03793969904279281824
                  0.54386936306570687893
                  0.02387760995751909282
                  0.06148797216609763056
                  0.45384696846612287979
                  0.20070937877083774858
                 -0.12091118204621724430
                  0.68429210602901480165
                  0.16946909755045189150
                  0.58009646118697011374
                 -1.16335316461823445877
                 -0.33041292145302375571
                 -0.49109306777176042758
                  0.56540161505596076008
                 -0.10024275717813850572
                 -0.49864861387968545392
                  0.74186361499115527351
                 -0.39937858626477729107
                  0.24593986958197605608
                  0.02682735646818427272
                  0.13861994506511240988
                 -0.05849802970301803962
                 -0.27600888266057210796
                 -0.75062840111825857026
                  0.29497548090106551211
                 -0.07878922135747841449
                  0.56339880569306188818
                  0.97918033492614742208
                  0.21363263069774152125
                  0.34028588713416990652
                 -0.71324473979166813642
                  0.14837875340429187987
                 -0.12842835679377506697
                 -0.41151421539979038400
                 -0.31327777314140065057
                 -0.26114825738256103316
                  0.00451598178308580071
                 -0.36015869141305212331
                 -0.32930804854012851735
                 -0.66074087407142068074
                  0.29706904846646936535
                  0.30499884946842070743
                 -0.32101803725523264665
                  0.39247243541411913625
                 -0.04347925922777834407
                  0.16941342211670060158
                  0.42406955240849525390
                  0.16428825749857020599
                  0.00298636425431996356
                 -0.33395574258572835458
                  0.29614224949036227486
                  0.09174707039438348422
                  0.08723626844749494957
                  0.24775237374750427866
                 -0.13214070851745290947
                  0.19967968674450967126
                 -0.04823749512589801947
                 -0.15148008445461541571
                 -0.22389166396032292305
                  0.05535609308362885589
                 -0.00581614548682000965
                  0.05526626939676772959
                 -0.23814866658090025342
                  0.00987487483355501024
                 -0.08882682045737815002
                 -0.22671498522709265799
                  0.01194915993008844983
                  0.24826266504027547088
                 -0.30277582262662389168
                 -0.24979077131595819883
                  0.39294860832082784130
                 -0.43657750211632440074
                  0.10027051063493901129
                  0.11651666979971932181
                 -0.34128438886261991403
                  0.38758044376557226895
                 -0.07441930428666233832
                  0.13604383297845842882
                 -0.13969195517898314041
                 -0.37175219794136710183
                 -0.30260774920308292080
                 -0.43312941854941183761
                  0.14610827250264524224
                  0.33232841675579177787
                  0.10113479536405230175
                 -0.01362015549775251466
                 -0.34918431411637795847
                 -0.12554402152032487217
                 -0.25708869662012601154
                 -0.15580306301295354654
                 -0.39291905394362108828
                 -0.38407337461333751483
                 -0.01472872170360604339
                  0.08342668677001509325
                 -0.07874190506529211986
                  0.36579818950952974754
                  0.07553481325174654648
                 -0.06172001459965081177
                 -0.02577204241608846771
                 -0.03087116244876576127
                  0.27654096461946209295
                  0.23759579098843602862
                 -0.37200071339116547176
                  0.26561254937188139014
                 -0.06100968063884756876
                  0.10476433039851958118
                  0.11166383041824327893
                 -0.40044893156521776945
                 -0.14156836949985976415
                 -0.24101997346279369072
                  0.37897762375318155836
                  0.31494364020771575818
                  0.30130700493206774571
                 -0.25409899602957164433
                 -0.37107744308019080526
                 -0.31559428218277219003
                 -0.01296651425226486368
                 -0.31055749775446261918
                  0.13871977675937038899
                 -0.08120081094514224052
                  0.17879289401548334459
                  0.06510164942585337788
                 -0.18384441896894021529
                 -0.38833622874896078780
                  0.14810396021683808199
                 -0.21198638051497115109
                  0.16778410585717390413
                  0.21651568719196109813
                 -0.24517708072931543306
                  0.27763152256638146120
                 -0.26117748559156672705
                  0.05878247082165541371
                  0.11826639153705151286
                 -0.32434236661458049067
                  0.19039807570851235985
                  0.28003467229842460284
                 -0.27421956216599058243
                  0.28741142554215776128
                 -0.35079133188952715816
                 -0.09184451496367793122
                 -0.39629073999641473147
                 -0.33716485678932889281
                 -0.46215415919169622327
                 -0.17815327797399560517
                  0.19507085961168255106
                 -0.85108672909381910543
                 -0.30395682595672690596
                 -0.04577236959084718393
                 -0.03464451678305483645
                 -0.01497584188105744764
                  0.13786193311739364242
                 -0.25983197449264799905
                 -0.51885024548938796229
                 -0.10259217670329529026
                 -0.09161150845485781236
                  0.11549974515760354221
                 -0.39760475274988693606
                 -0.22044530455269009672
                  0.41071839378892399663
                  0.38615785408572050885
                 -0.15241033242272983284
                 -0.24501458627608055374
                 -0.08607974513786255388
                  0.02626854495935912470
                  0.05812257978236338996
                  0.18529876255459315493
                 -0.13698192383336085798
                  0.19126202300764472142
                  0.09397110210105151518
                  0.33496617541388745698
                 -0.17972138924027500351
                 -0.24171936282826536613
                 -0.43758025813887008182
                  0.12455160013431106070
                  0.04010988208838836555
                 -0.04572538249399894783
                 -0.30753711353802359874
                  0.08908235463157794520
                  0.24800129602262652173
                 -0.17182869477305162675
                 -0.25427677241332424796
                  0.02486344417384974553
                  0.22139709296075874012
                  0.41519681467186220214
                  0.13710139238495364089
                  0.36387296402661140071
                 -0.21062869163440034459
                 -0.12199679245337449740
                  0.35329711172182259871
                  0.19329944372300353339
                  0.41512079375812249715
                 -0.16569657734899992385
                 -0.13162980938149992927
                 -0.10155395233791654486
                  0.13644302862227336570
                 -0.09867349748576557944
                  0.01411381265165521058
                  0.31814687178151451752
                  0.31622250109519367545
                 -0.22986548820251817560
                  0.19323793354953985868
                  0.07273202368651310312
                 -0.03706109361551869485
                  0.45347048187252025908
                 -0.11739836791483901357
                 -0.32974949763161315319
                 -0.17129789984743534759
                 -0.30377540891620324892
                  0.11927865883159287363
                 -0.19658664963281621829
                 -0.23564319998770186237
                 -0.13766438697880550857
                  0.18441922978176567005
                 -0.27187046631056299706
                 -0.35495403058046010036
                  0.46206449408724425965
                 -0.68680322894543466283
                 -0.09278413165584079025
                 -0.54152004642404460988
                 -0.41648282426234300990
                 -0.04299279308880364636
                 -0.05003118394605100827
                 -0.12226189113896340777
                  0.03262779286487015040
                  0.21216492572834541597
                 -0.16703066140847064314
                 -0.00144729676979949567
                 -0.10920110017123360602
                  0.25590443240230764665
                 -0.22789095487541924379
                 -0.43639532904581229689
                  0.38506153240328533371
                  0.01349285805024770177
                  0.06850885913595539112
                 -0.32621144614974584286
                 -0.53043399413160097211
                 -0.45090207799740350536
                 -0.35808047753204158559
                  0.27303651081583579785
                 -0.40327016071795840357
                 -0.15384692204677627436
                 -0.40101430603538462671
                  0.22727501596587657007
                 -0.02038818794374094856
                  0.53841002781398017429
                  0.27306950393518319986
                  0.49158453551434522222
                  0.12271375940932656434
                 -0.21241706336537438671
                  0.19434346288323409158
                  0.28515109601477173218
                  0.04625193333708294691
                 -0.00806331489617734265
                 -0.17749748223616179654
                 -0.52771442351629904710
                 -0.56990119317258758347
                 -0.14888280513492635482
                  0.57905254008247419861
                 -0.01536932993894076123
                 -0.19099982165465589912
                 -0.12863661065924825166
                  0.37657235118780452154
                 -0.15939669969324676835
                 -0.15701135896113538326
                  0.05209576267880051265
                  0.01399297629359187722
                  0.49430125930349683161
                  0.26946341103015175600
                 -0.46790284056668179913
                  0.21609859555030289102
                 -0.08591646977665597096
                  0.07293227457964775173
                  0.26010914534513213114
                  0.07160217644906312351
                  0.01167565764125294038
                  0.53301398644133335392
                  0.26247229223209250781
                  0.16900139778393899470
                 -0.43396480835959994060
                 -0.29508887213692464035
                  0.18201805553207139887
                 -0.23103419751881251742
                 -0.05754768740097539192
                  0.12860802525961698151
                 -0.37282943075963426161
                  0.01938802849998794500
                 -0.02751409542603229508
                  0.08458637949059968908
                  0.06139141180604771458
                  0.08091545839691410835
                  0.07373869064067516133
                  0.46119517031688561648
                 -0.14594931909276623316
                 -0.21268044081649953303
                 -0.25152146609045378245
                 -0.20905318811970918791
                  0.22503138859006502348
                  0.14888997990919183856
                 -0.14346349921273068850
                  0.40459137282001927938
                 -0.03139928259753586165
                  0.26741612104086459611
                 -0.37637680868545120294
                  0.28501748392610387617
                 -0.34778004139626439439
                 -0.19399520650578697123
                  0.05250402652565217682
                  0.20130018600743435075
                 -0.37255726575809883228
                  0.09423398539053193246
                 -0.18106259235341443103
                  0.01158370878910949808
                 -0.07508623265908487276
                 -0.16227814987220112730
                  0.08517813878491216351
                  0.14299373439546420039
                 -0.09196696849967438137
                 -0.16172936576209617776
                 -0.35819819983002765262
                  0.34390793621116994006
                  0.06926405469615808108
                 -0.14425245409242096195
                 -0.24380194917857053727
                  0.09994405218686108761
                  0.29348299518199721936
                 -0.34504130729925019949
                  0.54519034100569152557
                  0.17681541814239570831
                 -0.15555385070349245225
                 -0.20138255096418711254
                 -0.38852078058025601992
                 -0.18988189403511820941
                  0.10367219574132295612
                  0.42457729552022088759
                  0.00841932133251831714
                 -0.04490090764794322370
                 -0.12878912388669164213
                 -0.15758210515631504434
                  0.00705419356681840325
                  0.03008950598578438371
                 -0.10512679450504436307
                  0.57727825999796333889
                  0.26881544051787231719
                 -0.23002975349137710914
                  0.12954072389569665225
                  0.38213120513382842214
                  0.31441331050828774663
                 -0.00397506883859519416
                  0.43598058706384629213
                 -0.31788393501704026445
                  0.17711198043146059167
                  0.67488868609562135958
                 -0.22142846518270467571
                 -0.31806002192079024793
                 -0.03295831390874432582
                 -0.31362201361644570508
                 -0.04104865563855527449
                 -0.28467296340759329354
                 -0.44806881102009404882
                  0.01840928527915711849
                 -0.11633955851236221779
                 -0.20298953221571183758
                 -0.03042037122438227478
                  0.58043523981943057066
                  0.15480426197918659148
                  0.85775421597063250534
                 -0.29457417194532192761
                 -0.02958967584243651222
                  0.33087035288165866920
                 -0.05067984710324776459
                 -0.39614790811971534179
                 -0.02733236419438433290
                  0.08545098038217222025
                  0.09124599252586605702
                  0.22065726561447462917
                 -0.32090161967652197639
                 -0.38283663537641204888
                 -0.02695619064625308717
                 -0.22904936276082243918
                  0.08991133554607480538
                 -0.24032823132245945130
                 -0.14141296394991503815
                 -0.01850745202631627617
                 -0.41120226205874671477
                 -0.08242848952828774056
                 -0.10450533032379057119
                 -0.02143033022665169485
                  0.44168052261239371115
                 -0.29361649050924498727
                  0.36960961814759435429
                 -0.25065679612344460292
                  0.50447756372005947423
                 -0.43491405623866008501
                  0.08317644040404663375
                  0.46244240121737834048
                 -0.26185486055524703763
                  0.30170345815912347209
                  0.19064691569581537767
                  0.34051982310721362612
                  0.07060897606437126217
                  0.12935604688027660392
                 -0.24890323123044125198
                 -0.06750596063683193815
                 -0.51162232706514954028
                 -0.13288413352333972028
                 -0.12881025558125322461
                 -0.20668917031931705042
                  0.25129553260613601839
                 -0.07135043969482310344
                  0.07891028604996914997
                 -0.09393833049462388396
                  0.12556031525415584094
                 -0.73719600203607471567
                 -0.66946802242026759444
                 -0.08983631334922138889
                  0.26763096088267951389
                  0.04634713296198117449
                  0.21912953337346097182
                  0.02814539438177685732
                 -0.05209380808630276194
                 -0.15069308416649057625
                  0.31810026606764513213
                  0.21369923598145540433
                  0.10535109959662225521
                  0.40314451345658369741
                 -0.10385945020140524564
                 -0.24584625529467088456
                  0.10074652139930415085
                  0.36554996554363744510
                 -0.06508634188951967214
                  0.45526760606536426090
                  0.28429072022670986986
                  0.04219226677747112131
                 -0.05389501410723822328
                 -0.24192717021646736875
                  0.18990972644697357019
                 -0.76158033740010833146
                 -0.46683166119915159298
                 -0.33838704216644938105
                 -0.14242124045865248161
                  0.10818889740729256688
                 -0.09718844745228387427
                 -0.14078813174673163178
                 -0.04756147095448166190
                  0.00556438868823043876
                 -0.27251731143704194249
                  0.39891427641965082618
                 -0.17120152398204632749
                 -0.17536184711575975026
                 -0.26029319179569093690
                 -0.04892533454852135422
                 -0.07432031726213619849
                  0.14199193829368728093
                 -0.37314466035557586343
                 -0.09453307211545207422
                  0.13505019599451781320
                  0.15799405077908498796
                  0.11571802687833949996
                  0.34324502442905335808
                 -0.23861754509553223524
                 -0.34109536119796513010
                 -0.07592291999583133943
                 -0.31437132736485862150
                  0.22541159067824365070
                  0.11283363072872068522
                 -0.28019488929527908150
                 -0.29529500352775078786
                  0.18902143513175734268
                 -0.02313961848705847757
                 -0.06565689198469387700
                  0.47111491680853656572
                  0.48103646724318965822
                  0.01400312777998015401
                  0.25266924926231892901
                  0.27363900641997473961
                 -0.18365332442122958567
                 -0.09350727737567714193
                  0.14800719310665785833
                  0.26769098634080806809
                  0.37858510711455939379
                  0.25200624023858125833
                 -0.44816493054207479085
                 -0.28408535205551455061
                  0.16179674647331737658
                 -0.10237920235658179435
                 -0.21493424122614096516
                  0.22275407840948063809
                 -0.30743073272248372385
                  0.13649038081880898732
                 -0.38576190023405959595
                 -0.00361359354842875511
                 -0.21804366161807051117
                  0.08226735767502454943
                 -0.39009119503324291012
                  0.55784970750483275914
                  0.11701179476052650519
                  0.10562731479344475427
                 -0.26720012578418522731
                 -0.48514118468920536253
                 -0.01884000099718694671
                 -0.06737553767731539744
                  0.48723647594362723412
                  0.04008370927941008049
                  0.10410502841454721823
                 -0.17635582666371885097
                 -0.09784260179260385881
                 -0.51628597892972494243
                 -0.46212349437410971120
                 -0.37946606602945481823
                 -0.19971307461443865705
                 -0.36094498788631673714
                  0.39082260656832862322
                  0.44903145731319055178
                  0.15151040815778185622
                 -0.30895300417592691522
                  0.72586353636853384597
                 -0.06682785168772681361
                  0.12559559357252758627
                 -0.08457095057406149863
                 -0.23364740305506098705
                 -0.17814298066957942601
                 -0.17058446556874526379
                 -0.00993343088763795970
                  0.22217700671237536336
                  0.30061330909384931243
                 -0.21163829799273575771
                  0.12189621900263114540
                  0.21494721382332285242
                  0.52737152558368061150
                 -0.07830903763620268576
                 -0.28910259451031938838
                  0.01224798986364905584
                 -0.25202328160784548405
                  0.20207385997159088564
                  0.38168820609830855783
                 -0.51788252390840605610
                  0.59011216458535298290
                 -0.03651555702272470116
                 -0.20367636780782361061
                 -0.10263023138336722917
                 -0.22320209696204917904
                  0.43136672566766470771
                 -0.16001990651987560432
                 -0.17194880911401294599
                 -0.02087509686507603782
                 -0.29444111693258717688
                  0.10908552193433578015
                 -0.36126035521591193245
                 -0.24014711268023097857
                 -0.10827854472744866121
                 -0.24954116660887210033
                  0.39482220420785657522
                  0.21450434200960633024
                  0.09699314791943687564
                 -0.52144574364298146296
                 -0.01312587073869232908
                 -0.12971787594024422607
                  0.16249222808516647354
                 -0.29886306999763367909
                 -0.20792883838211709269
                  0.07331960559058491034
                  0.24775675197418903228
                  0.14956160363724602114
                 -0.05017569404379090131
                 -0.02997322345506977376
                  0.16225638627259589275
                  0.30925085834846710586
                 -0.00602015318973897484
                 -0.55777960825980776871
                  0.28058038204325214116
                  0.18842798393101747867
                  0.31727134734169787356
                 -0.10129500491069051704
                 -0.32721733678084663488
                  0.25708653626882899124
                  0.18902371901903852747
                 -0.34797860042097467081
                  0.00948725459320064884
                 -0.22770962906248926050
                 -0.14013992992632887113
                  0.33999590988677463876
                 -0.55608800927529022928
                  0.19482071273487983065
                 -0.23267842796675403116
                  0.17519261636341937338
                  0.36373493681176571890
                  0.18192594816113905054
                 -0.16314721280750996146
                  0.01775625567938920318
                  0.29568059922455491861
                  0.25598584107394489751
                  0.10586138953099791249
                 -0.14140473352200721990
                  0.19951217196763559869
                 -0.12619070697922621371
                 -0.19160885862608562080
                  0.22807876206143762321
                 -0.23756032823805134369
                 -0.32268725644901030680
                  0.38180449883804390421
                 -0.43236860793526948887
                  0.19548136618378886276
                  0.24866348862872983405
                  0.18320912008398515525
                  0.26355138933825772440
                  0.17850416948997624433
                  0.19915305171824204677
                  0.15927648044282471940
                  0.06474933663179077703
                 -0.21790781077236898167
                 -0.05850586781602858111
                  0.21826022350504847847
                  0.20133538946739212849
                  0.17186155462576341302
                  0.27170744334755481120
                 -0.11485525553406042421
                 -0.31363961810872292846
                 -0.13498352073993802325
                  0.15144616623061429861
                 -0.19366532786187096171
                 -0.06390934589387055331
                  0.18831657382946023760
                 -0.29587603553849822768
                 -0.22515268937504381852
                 -0.01907888655622797316
                 -0.02815634711826070502
                  0.18329568753578404094
                 -0.22881809330174701644
                  0.33069843332847120854
                  0.19332652704088978957
                 -0.07852503342511733819
                 -0.14651475778795497451
                  0.26088721887092064522
                  0.23097688272527888698
                 -0.23120093753197074049
                  0.38724345302027268767
                  0.09982875360747468785
                 -0.17872356254883739468
                 -0.09585972723329211354
                  0.14492579373178166025
                  0.26262743794689047405
                  0.24515069635550634786
                 -0.04656126397664471506
                  0.39710748075008278635
                  0.20964260690102179407
                 -0.10978495362188463169
                  0.21158841169226688672
                 -0.20847423910944021253
                  0.56775879902027026613
                  0.05764938750441812171
                 -0.20323772303918993809
                  0.18450962822906225025
                  0.07372454991678410730
                 -0.00480024019447855641
                  0.28689711761675101842
                  0.03480530058231846857
                 -0.38939396966324862914
                 -0.31692761351651038693
                 -0.18514236004660561408
                 -0.43048871147906087042
                  0.14697757910915676405
                  0.24312078478790871694
                  0.36174900514634977799
                  0.43145792608504485166
                  0.09397947490435099027
                  0.24062664942393016676
                 -0.24047485955230316068
                  0.00834306201753100794
                  0.12211325226754650430
                  0.16384006619914423530
                 -0.17674001915426845732
                  0.40797549419337497678
                  0.11817550218431215059
                  0.16041851468944262615
                 -0.19203625392198356292
                 -0.20455804243248640328
                 -0.08005234273491355912
                  0.06723799866090897359
                  0.34925817276177029136
                 -0.28269514908030457523
                 -0.02699008283968259980
                  0.30041992569336467556
                 -0.28051297714257622529
                 -0.23828254315065783286
                  0.24672091409597038392
                  0.14291031061586867423
                  0.32195936304770372827
                 -0.10027884508359539983
                 -0.10188402117684801362
                  0.19700394829909129157
                 -0.38759557446457854057
                 -0.46349000857071381843
                  0.01829930234306723080
                 -0.12229033936207003852
                  0.75609291928131794336
                 -0.40772627951323842099
                  0.02166913984654237138
                  0.21720979126780715074
                  0.24535144863077054667
                  0.48553685379588318316
                  0.16190098203480346450
                 -0.06659689717136095533
                  0.24064105416097142376
                  0.11150329961149463287
                 -0.09696976233588826266
                  0.04120685711223093239
                  0.12702074290168699489
                 -0.47257941660489588553
                  0.11260967466922930380
                 -0.28369752021575889156
                  0.56599023895165045950
                 -0.03475467100112944463
                 -0.21210397892256932506
                  0.16435318449092856108
                 -0.22414153855148294392
                 -0.10018068299063989657
                  0.05973765867146788727
                 -0.28510592317429583886
                  0.08934000093842171808
                  0.34441488439482881301
                 -0.14295009160558366790
                  0.00496996531672446937
                 -0.22266193611303500277
                  0.09745957693715585901
                 -0.10770092045754332821
                 -0.12639635806820725961
                 -0.05961118273280176239
                 -0.47785590885424739094
                 -0.30226238512875530651
                 -0.10044991754375341697
                  0.92060603916269279079
                  0.05420509237276156800
                 -0.43823498388391052272
                 -0.14776070826924037060
                 -0.05902144812128524293
                 -0.16556752077002795387
                  0.12721282164777841794
                  0.26930302921133414396
                  0.11080186271987532698
                  0.18013864580958408035
                  0.12099354674827436651
                 -0.05546211553873272443
                 -0.07053070770749085561
                  0.16448307681499427235
                 -0.34636547081560381534
                  0.10472640900764967897
                  0.29204964605926514443
                  0.14979332931668926099
                 -0.20061435326233970078
                 -0.33619272736317296069
                  0.00332068065826395149
                  0.01046744437507141773
                 -0.18828539256442738958
                  0.27722450103733625726
                 -0.27126048373419614501
                 -0.02040718800641889291
                  0.24689555796885903627
                  0.29698159916648780854
                  0.07711871488091261162
                 -0.02695009469105618879
                  0.13598136241588390516
                  0.34400776916797171090
                 -0.20574916494185882532
                  0.02629241447305464760
                 -0.28758643084396579015
                  0.30974144213851584340
                 -0.14436661329596739423
                  0.06645336906281663902
                 -0.28259226583772473207
                 -0.14388849776294818095
                 -0.18228768440331694078
                 -0.01448736964610342938
                  0.08442671857923764178
                  0.14925549165376317262
                 -0.27362483513126634183
                 -0.22174057484895476344
                 -0.06298479127957418156
                  0.29708523914557249945
                  0.36138600142390242542
                 -0.32985784406547841163
                 -0.35143752216751916739
                 -0.07421518018923813076
                 -0.06645240160954439534
                  0.33034226599655858170
                 -0.34893262074938319328
                  0.04131568077296517844
                  0.25935507361424703365
                  0.11605891844656010536
                 -0.08640857288114196788
                  0.33279040890468536418
                  0.02925318918025672510
                  0.27712901957531116404
                  0.22409168912312457667
                  0.15470606964655730931
                  0.01956767502261453143
                 -0.19012446424703036141
                 -0.25022579165073671748
                  0.31571953952052950187
                 -0.13773909038832998775
                  0.27648620799009726579
                 -0.21187513288928458421
                 -0.23680801275320295662
                 -0.03080507376043740975
                 -0.42342271404223674747
                  0.24321165489692220252
                 -0.29885483694591485904
                  0.13326648318114667213
                 -0.17316952854107497961
                  0.21852712548513936186
                 -0.01360558445633906245
                  0.24572373650327891670
                 -0.27688085766847131408
                 -0.10324948604354754200
                 -0.31195034855890169112
                 -0.22472680037705899947
                  0.01109824318386235485
                 -0.42597145013283360671
                 -0.04753290409777696790
                 -0.46375993211490867951
                 -0.07682316082398227275
                 -0.49980570360667786467
                  0.22937592004623566511
                 -0.25545670074192072807
                  0.16254916060275304002
                 -0.07809460672996916542
                 -0.54677612697382693696
                  0.20164168277867589030
                  0.27304996380622148511
                 -0.09685586941445552267
                 -0.05461164918057989648
                 -0.51020661342840400998
                  0.14200475528946174264
                  0.15710927891965653647
                 -0.46339971465079504709
                  0.29230112963628979150
                 -0.24288139715041465183
                  0.00752982819893266864
                 -0.14404369858424434514
                  0.02367672323710567905
                 -0.14673213288502204299
                 -0.06166860442111303520
                  0.26137175449340660505
                  0.37108470192732639914
                  0.55927675605884308307
                 -0.02448976752124288822
                  0.27766251487562965128
                  0.16438572354061428693
                  0.13096985102546687685
                 -0.06702794848060018851
                 -0.23304187905308931805
                  0.35636776409159065526
                 -0.01847947293997710683
                  0.23194872955992942853
                 -0.03291003948998266759
                  0.02916872488302557631
                 -0.21806286461526205867
                 -0.27655890048779874224
                 -0.06264393276525495602
                  0.00256508130995977430
                  0.45390513764775819450
                 -0.33198066655794133961
                  0.54642908733687578504
                  0.21496313093205809963
                  0.89363565133651923222
                  0.42700209713368297848
                 -0.56714712934529232236
                  0.08170303278511829859
                 -0.18065705073789112278
                 -0.37986564804969347176
                 -0.03863727478441775220
                  0.54481421203543656251
                 -0.45690761820279107708
                  0.21594435641614082022
                 -0.00857815886108112373
                 -0.12523679110560914651
                  0.39288992193376715001
                  0.52051942130619099913
                  0.01804200384116908321
                  0.24486218791128142036
                 -0.34685322734845847048
                  0.24133137739583263026
                 -0.13173256986319856199
                 -0.05786105205581075495
                 -0.66062565050279586920
                 -0.43079414765945295285
                 -0.34825383498734191479
                  0.24458933813268032842
                  0.05293724445077043622
                  0.27409478217400001787
                 -0.18391608384267471576
                 -0.32497811786140229362
                  0.11541079301302804849
                  0.24831581346998538029
                 -0.35585430685299684894
                 -0.15203132412175038302
                  0.06359525491692068211
                 -0.15452809975722353597
                  0.07053813993042219732
                  0.07688541924198721844
                  0.34781872813445996462
                 -0.15508998420902853077
                  0.23844162932810172850
                 -0.01303459219945187625
                  0.12785895283124243393
                  0.07973428572715349216
                  0.18007648832096961877
                 -0.06958930249966822912
                 -0.00657502008010913547
                 -0.37411872513308791488
                  0.34449313573188306004
                 -0.08074025165142798000
                 -0.11926488674885858676
                 -0.64553834490697203918
                 -0.13287847616694808961
                  0.03035529272691955480
                  0.29075410882911134625
                  0.13061774680374702018
                 -0.22281109954551384100
                  0.00218009136391084926
                 -0.26675290397697476452
                 -0.28808824980599317955
                  0.43772204869828479357
                  0.26125876297273786797
                 -0.24216252780264266309
                 -0.18626268969757001082
                 -0.11358933733520336362
                  0.20449041985734187077
                 -0.29511898542624032116
                  0.25482169064277609971
                  0.02438945407656008951
                 -0.04907191983064568969
                  0.12029769396830661266
                  0.27466606071671523237
                 -0.04157290136434410588
                 -0.24386861531376941015
                 -0.28301335001482080811
                 -0.23909129502840784087
                 -0.33173604757143371202
                  0.23530496480597690168
                  0.37411910116022156769
                 -0.06687839468478763705
                  0.26030146100239720530
                  0.46983795674751094307
                 -0.58262258861684590450
                 -0.05285724275308263664
                 -0.36204320689429003721
                 -0.14761740562244807240
                  0.24690034402330154895
                 -0.13078010836551637319
                  0.25158475899119736585
                 -0.22353707967969946302
                 -0.06397034436867145291
                  0.16672274370667097831
                  0.01161713558426053124
                  0.27059331150313187253
                  0.14768276387227086133
                 -0.09452232164804739989
                  0.19987338598008891344
                 -0.10625120682738413425
                  0.20874331636955748004
                  0.17044735566186841602
                  0.17398067802575009622
                 -0.40679310191127360241
                 -0.03184824581316417214
                 -0.09921402017285695096
                 -0.23752612847444570798
                  0.08151462065285665359
                 -0.72246112344981383568
                  0.11779165917799172547
                 -0.12446785847285478377
                  0.28124171154910160286
                  0.31104282344148420636
                 -0.71285500736235019037
                 -0.13927738997528676945
                  0.58189534543289211932
                 -0.12162043206191230915
                  0.34211336591796392970
                  0.12355363400169558363
                  0.46049379043028432212
                 -0.12052849149528721551
                 -0.31609546504116881049
                  0.32564375306484516504
                  0.56463017788556202348
                 -0.25497804301624249490
                 -0.07790481452695294240
                 -0.12671321701727952802
                  0.05664656462868607883
                  0.14871961954393145278
                  0.03245922002835766734
                 -0.26457054242097077790
                 -0.20298938091447527032
                 -0.05450663709043491317
                  0.11915377152081338408
                  0.00913624673766604868
                  0.04542201848612698045
                 -0.10560527205405481621
                 -0.29516058416142815224
                 -0.21310617666031636541
                  0.11140973090464438566
                 -0.25149509286201904290
                  0.07865996239663344824
                 -0.38330997621863838187
                  0.03352511026748625222
                 -0.14327289322112868319
                  0.20121663520850557871
                 -0.30466589299964730309
                  0.27665941783558262168
                  0.33553965884230047001
                 -0.17594680541848214950
                 -0.33601096737659669200
                 -0.31572076448607483412
                  0.11725627714938491319
                 -0.08153668680839200322
                  0.01170349972793188059
                  0.14980439238117207457
                  0.00403119424565208644
                 -0.12541678037654954703
                 -0.21816185364728638008
                  0.14143679418196980491
                  0.30731629759331313689
                  0.10807230786939392431
                 -0.35996148325774174337
                 -0.18776839249260862674
                 -0.30578700193414348751
                  0.14812605878378912183
                  0.20039849681363619549
                 -0.01204766322841611774
                  0.32503199435271573625
                 -0.04290176875682173013
                 -0.33869622153945888599
                  0.31983780100288178305
                 -0.01504234902753378948
                 -0.26051698939230516494
                  0.31151794045933067778
                 -0.30467522689058207375
                 -0.28966515598691677802
                  0.17829279841180692423
                  0.14568975603800474183
                  0.09715127676964119274
                 -0.21412832800234329889
                  1.16032103895392402215
                 -1.39841836202147162815
                  0.76154620110082427153
                  0.96227767082960347089
                  0.57232840905477921911
                 -1.41846042514940706702
                 -0.64081688414012627497
                  0.84733203740800711046
                 -0.89081821773803582243
                  0.82744201232005509805
                 -0.62759062908647000878
                 -0.66719211708176451303
                 -0.71813115308639918766
                  1.02903343523628088008
                 -0.51983329052710436358
                  0.95704261794022726928
                  0.68133236970686139600
                 -1.65085227079994689703
                 -0.73648524915846946826
                  0.93506219193611384011
                 -1.53359310272247051365
                  0.41689884289512790794
                  0.55299741293193216407
                 -1.04662427650618750086
                 -0.22795512697600181506
                  1.39045861409067028625
                  1.20819105265318427200
                  0.43021238879022855039
                  0.62009063736357716845
                  1.13888796156899796408
                 -1.03799710977354520125
                  0.65314020670437245020
                  0.29895771547618443797
                  0.83726815808575494327
                  0.91898926625490928721
                 -0.26101618186487496320
                  0.55754829251999848960
                 -0.65939520932276773912
                 -0.89198221614663808499
                  1.14154692298285187491
                 -1.14916425410408051810
                 -0.38805534086438320251
                 -0.60864479882544153533
                  0.71738998770268369576
                  0.29675835940121597645
                 -1.21227798537097819498
                 -1.45402240012427497184
                  0.09518759284445152402
                 -0.68354327110058510364
                 -0.39451132509778946700
                 -1.10431286003364026449
                  0.81539788786197808790
                 -0.65137739625748092287
                  1.15045300882066658943
                 -0.41253188698988302319
                 -1.31276812112507501595
                 -0.70091861010100875440
                  0.43911886280224787793
                 -0.69083200634550512298
                  1.74662262363792875064
                  0.76227810510415228151
                 -0.59072826284199020375
                  0.74043717142700415934
                 -0.53964248930280345196
                  1.46545408613446026536
                  0.79706202883207477594
                 -1.12928096632991459281
                 -0.85764771740693679369
                 -0.26341036063464529082
                 -0.65427379189884093957
                 -0.53283688590268185603
                  0.43775575938925809227
                 -0.75004374539445661796
                  1.03327206401278970382
                  0.47666089156136948191
                 -0.69247691773235242607
                  1.44110721292964338858
                 -0.52092908538311188948
                  0.93631661542781041696
                  0.02923650933991115905
weights42
17	2	1
50	80	
1	5061
  0.1067562850000000	  0.3584514100000000	  0.2995175250000000	  0.2568390200000000	  0.0795311450000000	  0.1104549900000000	  0.0412553110000000	  0.1001943800000000	  0.0447088400000000	  0.0963427050000000	  0.0380176695000000	  0.1950274550000000	  0.1168573000000000	  0.0227938090000000	  0.1960274905000000	  0.0900038150000000	  0.1319325650000000	  2.5885233649999999
  0.1067562850000000	  0.5815815700000000	  0.2995175250000000	  0.2568390200000000	  0.0795311450000000	  0.1104549900000000	  0.0412553110000000	  0.1001943800000000	  0.0447088400000000	  0.0963427050000000	  0.0380176695000000	  0.1950274550000000	  0.1168573000000000	  0.0227938090000000	  0.2458145595000000	  0.0900038150000000	  0.1319325650000000	  2.4110914349999999
                  0.27333468906022179157
                  0.28584409210086220154
                 -1.01693916056416133742
                 -1.19377238582136335765
                  0.27058765345958640802
                  1.10672472406971911241
                  0.46976853807693463860
                 -0.84429488112417772072
                  0.70746698766867299746
                  0.78227981993071915578
                 -0.22123370835638089815
                 -1.02029252091595834528
                 -0.56631945920391046911
                 -0.08574274843295995319
                  0.68125007518090274772
                 -0.96845291366446095704
                 -0.00214882389422598862
                 -1.03479815175542855243
                 -0.22062642027544968060
                  0.79294571659051049650
                  0.49219948436595661878
                  0.22950689466695831098
                 -1.01217636955839385138
                 -0.42823558912955800304
                  0.71771359556013480940
                  2.40795043964638288969
                  1.03917572677723302199
                  0.74557936259345691798
                  0.12474234669468024783
                 -0.72646152699567112521
                 -0.11178442291396269159
                 -0.30570872381390490347
                 -0.48684945316362149281
                  0.04069795572235361536
                  0.27920833914659065611
                 -0.17085484809380210858
                 -0.11559871351835558639
                  0.69911525807807572974
                 -0.12031730627763535801
                 -0.47720769517401107063
                  0.92090183045720563904
                  0.14166287761318505090
                  0.84258361475592014056
                 -1.17715192612226005053
                  0.02155204402010628406
                  0.07869405677388977005
                 -0.73291844699384012252
                  0.37691026731142840411
                 -0.29513461760746212414
                 -0.71045245060489914390
                  0.66949250251372027787
                 -0.72869775348690801753
                 -0.55481356424504646441
                  0.62082654719870489224
                  0.58135494444921220758
                  0.00356958297075268003
                 -0.12357642904946294915
                  0.38076439391232569376
                  0.14835462883366770659
                 -0.16187426903765098074
                 -0.20467200710156310817
                  0.22615387193260461096
                  0.53114854021347446267
                 -0.54850202653324409141
                 -0.69872998450701218065
                 -0.14162024447835863672
                 -0.11711501651621471221
                 -0.63450488083134815032
                 -0.46989214008182456084
                  0.84773322365094661013
                 -0.18026714792040893220
                  0.70568957214822614077
                 -0.32436510799817264150
                 -0.18140652683624847175
                 -0.29108084111119325588
                 -0.14072069596759570476
                  0.21205245368116013016
                  1.02237676047909475940
                 -0.77663669885447939034
                  0.41217306050399998840
                 -0.11929587122155009549
                 -0.07092459864812579451
                  0.83073467461858840899
                  0.32897266517335388425
                 -1.05646553631110706739
                  0.00821926090925835170
                 -0.04934075478483090221
                 -0.06897645621594809817
                  0.45342730959219235132
                 -0.26732402196027332808
                  0.36783251221707791156
                 -0.12851548205305035610
                  0.63891834119875257070
                 -0.09726817755591701808
                 -0.63954660120643325172
                 -0.46313789987345288512
                 -0.16646277379025004040
                  0.62472267068071551943
                  0.00421155890939516487
                 -0.44405983027977297128
                 -0.40003264810761307579
                  0.26187267379891593366
                 -0.59049915990393986309
                 -0.64671781294112506977
                 -0.16062500443185864785
                  0.48575424394592325861
                 -0.22446105828567181062
                 -0.09456809052709014285
                  0.02620780144384861690
                  0.48412413591900793630
                 -0.13866031341139223310
                 -0.62700276021491119227
                  0.08334591931887842808
                 -0.59403097465503940100
                  0.91266758505089506937
                  0.32576853993596038839
                 -1.23861497281589949537
                 -0.70294898638381453360
                 -0.04866718740138936683
                  0.67586438001681026222
                 -0.47005397230460710389
                 -1.31317398742999302819
                 -0.18833538652506440214
                  0.23892041444469414024
                 -0.46898741916041142286
                  0.10779537762065846684
                  0.04232782014020171346
                 -2.64448529420712041826
                 -0.46114499737013975311
                  0.45391070530082716639
                  0.62823386794374780351
                  0.42883896825454898005
                 -0.10943552846529623623
                  0.75313372798919853146
                  0.99940451224571569266
                 -0.39312949202967728546
                 -0.67757589372947790718
                  0.64296000031686972864
                 -0.21338009518299941303
                  0.17659817351060028146
                  0.22177659486128423194
                 -0.27042090488135872572
                 -0.59998642957534298326
                 -0.08637411135010494845
                  0.64052464057179192558
                 -0.42387551049248506363
                 -0.19548152956942069225
                 -0.55582581459975144433
                  0.71607530082974268915
                  0.68753807143684508851
                  1.26753156645551579018
                  0.01651971886642256485
                 -0.26919294077044320090
                  0.79490320781776813153
                 -0.00818774563003192915
                  0.04203004258080843270
                  0.11035729342659135466
                  0.09171417738776140027
                 -0.42963188465709573061
                  0.11995533092550741960
                 -0.65114028033311655008
                  0.27567087679097751485
                  0.90635869171509142461
                  0.40151988461261894914
                  0.10241504089224215401
                  0.34637624066755295926
                 -0.10601124028946172506
                 -0.78275729714232189504
                 -0.47213983490269961774
                 -1.13117281010556713916
                  0.21378680280923142987
                 -0.16815318159281775201
                  0.25197031838664407655
                 -0.36237076176100241343
                  0.09897618561613888422
                  0.65671257721474729507
                 -0.29412705181942266908
                 -0.58707515349375505309
                  0.10457269348671950626
                  0.19468803811880069921
                  0.11229479045300171103
                  0.85260644687255737750
                 -0.04064793365542623133
                 -0.20726396201736868585
                 -2.05493442539943327318
                  0.18849126679885080948
                 -0.98745878288397614941
                  0.38572772657928283691
                 -0.26758591092117040011
                 -0.63045751420662621278
                  1.46368846504296001854
                  1.71451828695594676866
                 -0.74982254935785008776
                  0.61591109352695627699
                 -0.35299375931528820249
                 -0.36840377361230020048
                 -1.07596250989183372937
                  1.70063450750758193841
                  0.11267567601309232128
                  0.01286431200364680436
                 -0.83639816416777335029
                  0.07191285167922799315
                  0.07214975975789635065
                 -0.94933660490660598530
                 -0.22810856187694439345
                  0.40418851672734712466
                  0.51951795859731408900
                 -0.81223916724306199910
                  0.17210768519107802477
                  0.44895196813603505115
                 -0.15111763091678526161
                 -0.43681899643212107609
                  0.21924043936488252227
                 -0.33835372074713204738
                 -0.70315050572607362689
                  0.48714640868876657454
                 -0.05691211058555963043
                  0.19599398456778890920
                 -0.05667111743562867204
                 -1.02972866322719958099
                  0.45902167608979876912
                 -0.29558536543849145417
                  0.72471528960752207293
                 -0.26931037221652870395
                  0.16750958060165827002
                  0.69214465482280806974
                  0.61193338217701620518
                 -0.17942375541776539594
                  0.18890242716310420845
                 -0.61792800779549261758
                  0.00381026560847930705
                  0.40140910701690152296
                  0.32707073611905790322
                 -0.16774278102997899897
                  0.26747706891523753692
                 -0.49283467385414569950
                 -0.48069883739081564755
                  0.01103499186716475587
                 -0.51280206410428386121
                  0.52123627764103674931
                 -0.75770194359464571043
                 -0.16949718531641191910
                  0.67959808766182505657
                  1.27440740003972252659
                 -0.94582140923746993444
                 -0.55703796062048061000
                 -0.83423494090567285042
                 -0.21951138515673393470
                  0.81576906740518140282
                  0.36015639898773044170
                  0.47063888404542991717
                 -0.25398330628264587094
                 -0.32249311881884090702
                  0.31784544400287217947
                 -0.44578709186954967869
                  0.20256511090054243884
                 -0.26175118417405457416
                 -0.46840753452929811962
                  0.63931024518681134339
                 -0.72328096034235334066
                  0.24281932125628680197
                  0.59708999181575039827
                 -0.25233990184315452376
                  0.20607467983679114698
                  0.89099196376999834079
                  0.43522789641513859316
                 -0.40140752519497657769
                 -0.00485860130376277941
                 -0.46025031453669273951
                 -0.03686747945055033476
                  0.31311836320706532000
                  0.29856915366199021644
                  0.25052013574346143621
                  0.22815028803374587385
                  0.02200982667425652878
                 -0.57633799055333334582
                 -0.28672876540142433477
                 -0.95388110406511772421
                 -0.78560750606650475714
                 -0.57526435851867474547
                  0.09940894968742894355
                  0.56585878171631331934
                  0.74817496404968253376
                 -0.28497311966416494222
                 -0.69974866989501383063
                  0.36741500684244920993
                  1.74113509268173283218
                  0.51243559190811138748
                  0.15513354240220095237
                 -0.17387871347405811639
                 -0.64767167452773299896
                  1.25061275704572771872
                  0.12515414345031136700
                 -1.27806974655950877917
                 -0.60652642602686912543
                 -1.24708603224585301561
                  0.96861762507666182564
                  0.07475938376236557215
                 -1.40083385549824024352
                  0.71065297142865035962
                  0.11610274605449176499
                 -0.70597356985026504805
                  0.08336667006711728778
                  0.20423355878254362272
                  0.42467290323843892574
                  0.35347811652677657568
                  0.54428347729260506682
                  0.29029299068321406940
                  0.12179329359708222780
                 -0.83247366785134113698
                 -0.55146276061346333197
                  1.32694608065774377614
                  0.31872536655351257906
                 -0.73092250266462721608
                 -0.68698394543945329183
                  0.93313580231423420841
                  0.01896631395196796827
                 -0.31517352795396269549
                 -0.31983680718744172955
                 -0.86004486590549944491
                  0.24286616997846657839
                  0.55129325895973491090
                  0.30136295543878705017
                 -0.38788972907368074461
                 -0.19499138466677468084
                  0.36228689129373026212
                 -0.42418096408524980090
                 -0.02912866112049434381
                  0.28415922366541129795
                 -0.26353263795239784129
                  1.18911611952336704334
                 -0.00126251310689731483
                  0.11064955081482398536
                  0.38308640550899708543
                 -0.32120598636465119702
                 -0.26562487564149223074
                  0.20463676228556948455
                 -0.56721612356083661588
                 -0.71471786614230992107
                 -0.69290020407844032935
                  0.64821458964605005448
                  1.31866230177632837162
                 -0.60268218504954085279
                  0.53781219339831465298
                 -0.13053457377982968790
                  2.21977349202174734089
                  0.22012403312031811331
                 -2.22798332866904358340
                  0.56707062235193950173
                  1.47809398150840354269
                 -0.58245402946482049966
                  0.15241295473219673706
                 -0.39530778761227292062
                 -0.85958042327906147850
                 -0.78513693233630255097
                 -0.23401195456767723280
                 -0.21715995814089636418
                  0.00045454464534717704
                  0.32530685270493853167
                 -0.00980006144181169020
                 -1.30833218106835724726
                  0.18331224448039426522
                  0.03570609172595703984
                  0.16667190534012160663
                 -0.49503510044089110709
                  0.38054305520493147963
                  0.10567400093819527551
                 -0.44924938319346846560
                 -1.12785903733338765953
                  0.69271025770789607101
                  0.38115420870995381231
                 -0.97695290332753048634
                 -0.20736835944105561080
                  0.57135432367524596753
                 -0.02698129884673117901
                 -0.19480255385807568325
                  1.02351615673868767686
                 -1.75119157253075274916
                 -0.51179081534358006333
                 -0.75830150921849015511
                  0.32248985128113055731
                  1.75710027080528274901
                 -0.90299278829072682218
                  0.17909801363665120433
                 -0.53716860671619726109
                 -0.00750953307272972555
                  0.77958757521120203293
                 -0.38146959597529084274
                  0.14728951650958826969
                 -0.01070320528136353699
                  0.05295995836796948270
                  0.72346899346120407959
                 -0.59287144804000257992
                  0.43214285114034506341
                 -0.28000269980443054374
                  0.52584363020632163277
                  0.38268317452703048964
                  0.13181969110519636823
                 -0.60034434544541848133
                 -1.50339053442106962422
                 -0.82961330249689113625
                 -0.48856951201919918137
                  0.51755584151830791306
                  0.66029598499081176843
                  0.24734843217383226111
                  0.71682797065109782331
                  0.39002775079391632795
                 -0.34637059035588629863
                  0.49083489600570689992
                 -0.23790914395911408330
                  0.65197674296456187282
                 -0.39871207276160003374
                  0.49731994103144483432
                  0.60946820797734635455
                  0.81344126298006469433
                  0.39493690505174039451
                  0.04456223913200191289
                  0.60151310997541218573
                  0.22087740286910856335
                  0.18265820632600279771
                  0.21469332962651194174
                 -0.26582762233531698204
                 -0.63563463887937632357
                 -0.33902592867998970760
                 -0.57582218458443645837
                 -0.54291034900735146707
                 -0.46046127521767382662
                  0.00295691851254228401
                 -0.29466962033874144478
                  0.22388654224946386018
                 -0.66010018595806752018
                 -1.07749947622088515509
                 -0.48523887117149455683
                 -0.47432883664741698482
                 -0.28524623503783397283
                 -0.38295828043491420001
                 -0.00664317642689899422
                  0.24201612054097115800
                 -0.62125190149936171391
                  0.64430814194879726386
                  1.11832486574736944540
                  0.25445368161311521238
                 -0.63878587471535408504
                  0.28243190757411601455
                  1.13638787277220254524
                  0.87558184842524366953
                 -0.23160325518326513317
                 -0.40995270895128882449
                  0.99063373394295994867
                  0.08476377850832696181
                 -1.15856259651693394019
                  0.35359086681606299862
                  0.68271928731140130164
                  0.43981148580663537162
                  0.75020125944509830074
                 -0.58314150318970270348
                  0.04764088226322656106
                 -0.72551425721155071713
                 -1.26265861547140878507
                  0.55062811676014156159
                 -0.13460187343509510960
                  0.33905753114214282062
                  0.60523251371573782986
                 -0.49607150114906861660
                 -0.56430727149240367257
                  0.63615284545190819987
                  0.74284012393635767690
                 -0.39917192854122551804
                 -0.34868111873092744180
                 -0.40019006225722753012
                 -0.47213236488106752331
                  0.45953406588578105119
                 -0.29080475070595251941
                  0.34422875090633364703
                 -0.20548988533652284838
                  0.61511972820538740603
                 -0.28663739237683688588
                 -0.39710073495117775844
                  0.47542988854158457768
                 -0.20235339498701246375
                 -0.37555983430534733980
                 -0.48808008426791399392
                 -0.77592942155709543339
                  0.38432218184650873694
                  0.15876732986734762298
                 -1.06375703582345049192
                 -0.72389766276540257195
                  0.58096760620116294493
                  0.07290651103346328099
                  0.18144044298422062900
                  0.70790765119900378455
                  0.02976788152380849609
                 -0.01307477657321544709
                  0.25110443789806713433
                 -0.13572950400559555262
                 -0.40574537163529522665
                  1.12619258403911581823
                 -0.29671448614859430304
                  0.17512733917965073172
                 -0.23978480489200912351
                  0.07690069392012328919
                 -1.12587232685785720854
                 -0.26604344732822843289
                 -0.08746521982637711634
                  0.29770048557858197480
                  0.66454591912851690427
                  0.61242153359363404874
                 -0.65114875481213063679
                  0.56529706515228439478
                 -0.38736633662757063989
                 -0.42587173559700558512
                  0.84064896285886336891
                  0.25561683415920499751
                  0.51749343482704623920
                 -0.72897667121788178868
                  1.26135730961963044017
                 -0.21733163699951157932
                  1.20503568900738278202
                  0.10844012336595595936
                 -0.52349941405971545105
                 -0.02659625829343461798
                 -0.58373733827945650798
                 -0.25813311419897766452
                 -0.81971095011908945427
                 -0.35177474831970295677
                 -0.52813032616964661337
                 -0.83230744878446616397
                  1.10710640963907414047
                  0.71791522984384936734
                  0.56619283031439349152
                 -0.86807246866504994554
                 -0.54621279674994727138
                 -0.02118425827639446035
                  0.47793889026046471047
                  1.30824663782459693628
                  1.45131346169397756896
                 -0.77037585665259600276
                 -0.30675340442803189500
                 -0.81229918709249127051
                 -0.06100164731800712670
                 -0.09200637381397765158
                  0.17807485125262792480
                 -1.22530472143394120188
                  0.07178502247639485800
                 -0.51407724161278645081
                  0.47214040777662902304
                 -0.43243666927466162253
                 -0.05891937205179135356
                 -0.00520860453953701959
                 -0.00235239801090301320
                 -0.09410793476558786119
                  0.27187380368779145989
                  0.49649939507532692140
                  0.31318948358884574068
                  0.18241044887980475964
                 -0.07901825999763194275
                  0.18697592925055878110
                  0.30975588605243642437
                  0.50898670223711328653
                  0.50663860859022036287
                  0.45346316776345546584
                 -0.88644832018280095287
                 -0.35616429870183996531
                 -0.31254525624757495406
                  0.08387208647790818372
                  0.84385057526943774153
                  0.89132214697132883252
                  0.33561960496244175323
                  0.58745755569925328654
                 -0.15089266858410496641
                 -0.25203227582965626041
                  0.61310104638242979291
                 -0.84165771474524064821
                 -0.35932324438182150494
                 -0.28285964935879509552
                  0.40814998423434928343
                 -0.16581460911363452015
                 -0.73632465269218894122
                  0.64546741263508067288
                  0.51981965464317303471
                 -0.13820279199927093527
                 -0.64152359845984174846
                  0.11766555708549554515
                  0.32138469651759443702
                 -0.95606490260549048532
                 -0.40486617020407761336
                  0.82036698428677690131
                 -0.03553416475105780625
                 -0.46878914094055584849
                 -0.40932028121601227166
                  0.21264574562428498194
                 -0.43011751199086450947
                 -0.55895612866934585306
                 -0.11927353755850082784
                  0.75935702403906979452
                 -0.02261076358428849159
                  0.59259270542894437739
                 -0.86390599975167337021
                  0.19684243241310195316
                  0.20548079187839310422
                  1.03089197414790190166
                 -0.37676992889710436696
                 -0.98051564855489170558
                  0.34351214529514145779
                  1.25355439335901075459
                 -0.03727090901669930650
                 -0.17518564328435143329
                 -0.18114363322552728963
                  0.86032097479985147892
                 -0.61901183566140682846
                 -0.66652790311940424139
                  0.35488260401589005744
                  0.47123223313636453113
                 -0.53098213005953853738
                  0.15520711686779234406
                 -0.57014026228601588642
                  0.14326061681639495893
                  0.71891449957802766590
                  0.43095932362005506810
                  0.53151816945264140912
                 -0.50893382478056992113
                  0.64848959827078078710
                 -0.52291947447104691893
                  0.61654331717076349406
                  0.87953115330848696818
                  0.37429820297410587582
                 -0.55680192617979373804
                 -0.51666813689744106597
                  0.43855943269707231558
                  0.33755576674141313243
                 -0.07173698228556107948
                 -0.16345804314761494536
                  0.37932610690982698776
                  0.29512921075158249362
                 -1.13818036114352016952
                 -0.23209818582791852393
                 -0.51934486312732264235
                 -0.30022801498509049667
                  0.43965150028688654293
                 -0.22416713162492302169
                 -0.60264242999909523046
                  0.29980489783600272613
                 -0.14468141708653226019
                  0.17028836287670190419
                 -0.02205734463178050594
                 -0.46338190766574655077
                  0.09234681683652655459
                  0.73602225094905415759
                  0.18448759449202326022
                 -0.15562919130982366678
                  0.09894478248210340776
                 -0.17338669723447572291
                 -0.65417695889575455670
                 -0.07783356757906613466
                 -0.75859480306934545801
                 -1.17573854739409378034
                 -0.23621641226241729683
                 -0.87430335277730075738
                  0.54338624615247899108
                 -0.45059388583639548020
                  0.08708277567856605172
                  0.57374931166055553877
                 -0.37347468616715190359
                  0.20426546153033928177
                 -0.05786912387361838744
                 -0.03409311886452465190
                 -0.71507274584654934024
                 -0.49797342379556625014
                  0.98489766490728591908
                 -0.08059240706616802030
                  0.23794954963622000355
                 -0.06351928157992231538
                  0.64969711398269691660
                 -0.17500706596537479731
                  0.66228789902614404461
                 -0.26721878305154334043
                  0.66072452412931192978
                  0.67842317330498691508
                  0.09037661111283830373
                 -0.25738019939821404902
                 -0.33229644800282387429
                 -0.12866423005535029822
                  0.42253079412065436271
                 -0.52867756601576854081
                  0.03151155142766491613
                  0.12508855041284774878
                  0.57924157062652381622
                 -0.64631076886351446209
                 -0.23631625065503708560
                  0.39723154540874411333
                  0.65927881309069746862
                 -0.33311117155311187332
                  0.15117196688211453903
                  0.52061335909138972688
                  0.21429048317379864597
                 -0.17096657952554480953
                  0.77229058314916998462
                  0.14817525734021724793
                  0.35699810430522760374
                  0.29992392872772355439
                 -0.17527885424110495327
                 -0.40759272806717788962
                  1.00289803083544759588
                  0.20068686391093534804
                 -0.33728766011541000402
                  0.34773930691718968333
                  0.88347812852359841607
                  0.72406950384487656081
                  0.38573959937405788434
                 -1.19083745945112307041
                 -0.87764460628610430071
                 -0.50529427572291829573
                  0.18688167290905366436
                 -0.65626560246423903955
                  0.63217429610462205769
                  0.53609481249679347137
                  0.00511441847021780211
                 -0.08987773548351005171
                  0.70344389312360089406
                 -0.49076426077308099583
                 -0.50513328638229915146
                  0.34982024453603632885
                  0.27835783339541897430
                 -0.25339237933918046242
                 -0.36701814888107719970
                 -0.18175994935516198714
                  0.33010328881424050307
                  0.58587886599879546168
                  0.10377878326264090847
                 -1.12292607557646295646
                  0.11299571532106474081
                 -0.47357127902783885398
                  0.41468266978538986800
                  0.92163220597927753008
                 -0.65445827600622474840
                  0.86007319984995422857
                  0.77211371825372787647
                 -0.43923104418386843539
                  0.58978199942641973408
                 -0.77225527608151178782
                  0.36911937380767972927
                 -0.13889739771506071087
                  0.25585808770803203371
                 -0.48396083766048569874
                 -1.06225735641199747761
                 -0.63732075679650312949
                  0.03403157752979928119
                 -0.79783693075414363616
                 -0.31015538316752738757
                  0.66724501449981921120
                 -0.33932106764354846851
                 -0.27609985592464580950
                 -0.19174584366485186715
                 -0.02345463259953419616
                 -1.23008188783827221435
                 -0.45429471072208893467
                  0.85331959859988937289
                  0.13527340924286040957
                  0.00178598620014005886
                 -0.07377394884712654144
                  0.24274161131617019715
                 -0.83018231112275153727
                 -0.50294121285960968759
                  0.31757156478774373198
                 -0.80633303050389881772
                 -0.61488385505552467514
                  0.27206723880292982276
                  0.01839162067321031477
                 -0.10291467631340765754
                  0.27388161736523108925
                  0.62627687080801364150
                 -0.76135095611177694419
                  0.38146670726444931177
                  1.17992146304783762645
                 -0.99414152288493007337
                  0.70499050701787124851
                  0.59488984449696213908
                 -0.69759239534714501119
                 -0.34337150194071852649
                  0.47682697296680925936
                 -1.12967204566678125488
                 -0.40971147533201135449
                 -0.61261300782281613575
                  0.39784688756570352197
                  0.53322567932249342881
                 -0.53564668230341438981
                 -0.72778760888801918849
                  0.48265938911327310734
                 -0.23533757804024979521
                 -0.84673875125344644221
                 -0.15704937952350819796
                  1.33185485711151163635
                 -0.25621809407971740669
                  0.52532772114152292975
                  0.30979296022364910534
                 -0.56713902637625590586
                 -0.10049236068450366488
                 -0.71479298601667107249
                 -0.34862387914663794941
                 -0.31401425737000204785
                  0.77893177436544902559
                 -0.02834414612090899871
                 -0.32625283542026306538
                  0.58746555678057166272
                  0.26269943959648384135
                  0.95142784140228409129
                  0.57056811040911770139
                 -1.40181537939204914345
                 -1.03785072952969259497
                 -0.26585388295703532568
                 -0.44290890459218223985
                  0.09819995314881881099
                  0.58996118959892029920
                  0.80820181014636860439
                  0.28230269840664706793
                  0.38640326209641506772
                  0.12074051347116065980
                  0.15146878477514419403
                  0.93550516680682938020
                 -0.72061375729464105522
                 -1.07028629999000490791
                 -1.59729146436202307235
                  0.02276711820712404993
                  0.95713111189107635823
                 -0.64046789184433350339
                  1.42015185399428478519
                 -0.25732377431785335986
                 -0.19489962859467827028
                  0.42886147330603785477
                  0.55871946901130953300
                 -0.16907437826595950181
                  0.68402763512506448151
                  0.51226030549454593110
                 -0.61463034923008197374
                  0.16705187856397182844
                 -0.95829907354159626909
                  0.10321836944994007557
                  0.02585209741582039297
                 -0.54305472472501548076
                 -1.05970220760362376922
                  0.00718615301913189640
                 -2.14423528057194667795
                 -0.52063981858426156002
                  0.33431890719604906437
                 -1.25528322867933672669
                  1.26896694248516239689
                  0.03023432600415430077
                  0.86016809314427944422
                  2.09238961467254291904
                 -0.29794523597876260146
                 -0.31223788965489102099
                  0.15081669060818558847
                  0.18970074940668960051
                  0.35446505224349278418
                 -0.11252707421881875949
                  0.24517861124791409666
                 -0.21178046723623805692
                  0.20497013181612347421
                  0.28515671617149668249
                 -0.27615231599136069729
                  0.24946330608320160804
                  0.12836894826422301508
                  0.31928333090529392724
                  0.36455690806688473282
                 -0.08934103963771902746
                 -0.13659815935272040521
                  0.31557916172408706501
                 -0.22798630035825553919
                 -0.18023733081465928563
                 -0.08794553420560952128
                  0.27421264612456980325
                 -0.31874532471966832148
                 -0.12684658116480140855
                  0.21822980731629285089
                  0.03821119075781442137
                 -0.38143563679254027798
                  0.36011167717185910142
                  0.19017020110937191135
                  0.18911943567789651910
                 -0.09864038482915855888
                 -0.22523824578359566417
                 -0.09006432616342092967
                 -0.08590110347277020442
                  0.04906897858759209224
                 -0.13084994560349608173
                  0.02009048585287550454
                  0.02863008381881795156
                  0.00240216638126374091
                  0.03106083086736989921
                  0.05929680408735514552
                  0.38988175938801711284
                  0.00716784608057780166
                  0.02702663538224723758
                  0.29172396713380288613
                  0.20311833949306315472
                 -0.15192713075269997924
                  0.12588805594328264514
                  0.10949948542637590043
                  0.09035471626684962732
                 -0.41552043001297167546
                  0.03870703947260238642
                  0.03358395443261649738
                 -0.15034365120186188314
                  0.31515146743276511998
                  0.34450029528884906771
                  0.16133913639166269638
                 -0.06910973714622414832
                 -0.02203646795728072746
                 -0.32491803271086877603
                 -0.20947789884932799254
                 -0.18096755236251713117
                  0.21080417255382022379
                 -0.09249122761449080077
                  0.01310354429440258039
                 -0.11945184156506455375
                  0.19801477432915223775
                 -0.18911945357980028404
                  0.01440750764020006999
                  0.40960585526044257509
                  0.16041893971743190206
                 -0.31954719083249261136
                 -0.17695738012196635114
                 -0.35969004097001799902
                 -0.24546328179319348850
                  0.27917930449382172275
                 -0.36993328297247701775
                 -0.12082221291912526029
                  0.06169361305016272945
                  0.16544868244055285778
                 -0.26623523849512609196
                  0.16267849873313497411
                 -0.32987653156858653958
                 -0.01452175408225546242
                  0.17195737165245592037
                  0.31153835254092859808
                 -0.17872401753238476019
                  0.19151444514110155248
                  0.26119095878769499341
                 -0.19005705282370397025
                  0.29763766104815347902
                  0.07688852079757590996
                 -0.17984183704712353169
                 -0.30467594256337870995
                  0.24425380609018101929
                 -0.00875363025289841931
                  0.40486946274876478569
                 -0.14721461766307111785
                  0.14712870804978694927
                 -0.05741962956477834196
                  0.14699864348926669488
                  0.04813608642499319495
                 -0.38489377736745927772
                 -0.01311127975323066706
                  0.23243669290605400990
                 -0.18482001663561115068
                 -0.24464736535612136015
                  0.13790925256546715527
                  0.46681821500362452593
                 -0.25812134758702692805
                 -0.18719248165048038568
                 -0.65381832647840931738
                  0.01129677145319981854
                  0.20378980497232163094
                  0.08919021446069844150
                  0.51671147324558819314
                  0.03609552519240917523
                 -0.19673013141370152002
                 -0.36986007911799206882
                 -0.15964027958539667162
                  0.53834642783013886280
                  0.22467762217381634371
                  0.42229338416672140832
                  0.34444958030676559035
                  0.37031945863559279086
                 -0.18533422477246605520
                 -0.04836504605750729935
                  0.19605674583509960507
                 -0.33755882714257967603
                 -0.51562690824678492074
                  0.49950688954519040230
                  0.32769439780321329980
                  0.10696256999103839758
                 -0.05143101558953384889
                  0.36605118311493234362
                 -0.26019811908385198640
                 -0.34431397793484297409
                 -0.06159462793568971223
                  0.35573705523071524892
                  0.20251695125977442480
                 -0.15539763483185770054
                 -0.31620986401419060030
                 -0.55129469694221955312
                 -0.05045156069695962142
                  0.38725976431117020704
                 -0.51428198935486957311
                 -0.33206702556804473803
                  0.58941615837300564973
                  0.33889287328538181265
                 -0.13462374454207495789
                  0.18756619581616434944
                 -0.29745350265173414739
                  0.30395335853487120970
                 -0.19972119868319854197
                 -0.25864152278543245389
                  0.30541637116424302789
                  0.12657492864287320233
                 -0.11847885419702544607
                 -0.07416001511212627628
                 -0.12800452445162988080
                  0.31378756334502116987
                 -0.12483332044523282045
                  0.16623656335674266704
                  0.39065797232743998402
                  0.67521039504589097646
                 -0.39496727169621331788
                 -0.21009148119740203575
                 -0.15449169125386838508
                 -0.71908100185835410745
                  0.45685774394832195933
                 -0.07777467647259554695
                 -0.04147438015437437259
                  0.30686180218570763278
                  0.04781956035541250899
                 -0.60069136907485454202
                  0.18053322552989217731
                 -0.22086516285576560104
                  0.59449472542128123376
                  0.14306504996823640741
                  0.36089035946324993231
                 -0.08576776732579406703
                 -0.03833675508439302743
                 -0.35262677762427147021
                 -0.22660150714173141195
                  0.12888277559295746588
                  0.01899454324293998672
                 -0.13936659632047523893
                 -0.28153432252690707704
                 -0.30770743732265826154
                  0.26862076004292889664
                  0.04916139837734470608
                  0.16353999248755587970
                  0.78072059524429782140
                 -0.09453167960587541274
                  0.42187922660617444004
                  0.21857688455547716333
                  0.80333277529095215019
                  0.10081543614317764468
                  0.03842553523297971563
                 -0.11678980987769736755
                 -0.33702610611309091748
                 -0.23040174896191334408
                  0.00777157384279711892
                  0.39017516263777868302
                  0.22385231330908100800
                 -0.12170649337289396463
                 -0.15376683111399766513
                 -0.12125794451917121242
                  0.08181990383435883141
                  0.15037521389520272508
                 -0.37629311190285108513
                  0.00625728770840906431
                 -0.04825723118518221444
                  0.23474842322446748399
                  0.34329700938085178086
                 -0.28146821118897652481
                 -0.13471162122401547645
                  0.17744540909300987597
                 -0.15766180102899235438
                 -0.50794760598285182418
                 -0.25654441299048474923
                  0.01813241916641214480
                  0.29584430741289713396
                 -0.35617780916266689184
                  0.19723450393035540928
                  0.01391992229149124037
                 -0.35571686650989997602
                  0.14583515742450736674
                  0.00539279369249238104
                 -0.05642670529900652154
                  0.20000939475617046659
                  0.01284580811640493279
                  0.02715588252171960426
                 -0.00834372211330052828
                 -0.42064576720013929778
                 -0.00880703919492714649
                  0.42595779083098422868
                  0.05708288516549429870
                  0.24268247568962356131
                  0.11616958042376006321
                 -0.31326791907827672423
                 -0.27131641215329116434
                  0.40311383516333387789
                 -0.32214436238466753748
                 -0.24903249671288185674
                 -0.47121132279019567468
                  0.01738521820532071618
                 -0.10117823845798083748
                 -0.34879097611982695648
                  0.12100697280908537246
                 -0.60003198081720365842
                 -0.21439720771622597373
                  0.32202639422485862530
                 -0.03120020754702253554
                  0.31704997325976891354
                 -0.38743237231258609299
                  0.08823256733945614161
                  0.22811070089470655842
                  0.43492531520876998030
                 -0.10429379060064267182
                 -0.35986804481842854520
                 -0.49958061869241815467
                 -0.24947222076774872024
                 -0.14158692875068223938
                  0.14814177828185728925
                  0.43893521186786943478
                 -0.18877663209728157145
                 -0.51021183476526621448
                  0.00087503644001750815
                  0.06337462945616638421
                 -0.06102196957643271635
                 -0.07006305877875428079
                 -0.13836648587658265108
                  0.71049945882915888085
                  0.03704891541375272823
                 -0.19521567291256169963
                 -0.34494084077387532350
                 -0.32507229217545680067
                  0.04745823117486474424
                 -0.12011946640362933247
                 -0.06018442335097367452
                 -0.23522860915016899352
                  0.07291521145561731532
                  0.40049595876288862639
                  0.46692544293910431819
                  0.51779449246445430344
                 -0.39674992777069817418
                  0.58227246285817946259
                 -0.13629132911820446283
                 -0.24046423465545563314
                 -0.16966918186383161959
                  0.18593607074153228886
                 -0.38512718673947660131
                  0.00335080530413563475
                  0.07713615855171121471
                 -0.28285803122113423180
                  0.06363168787537706872
                  0.02263819391011315588
                  0.09737814716287981898
                 -0.37678648818771715012
                  0.37848285890345539917
                  0.39969595755317499641
                  0.19028143378814613151
                  0.26190564557894535636
                 -0.05156142461837415203
                 -0.43387302746232631057
                 -0.07175106970984417021
                  0.38060710198082847722
                 -0.54530903487734816437
                 -0.49521875760364819641
                  0.15232295574072252098
                  0.70782093913294419352
                 -0.21624213655118296185
                 -0.03058344595160649576
                 -0.13268773237249478769
                 -0.07712044850218965908
                  0.03944807417644256159
                 -0.36140974435896050521
                  0.11375985180264948371
                  0.34628353954380991508
                  0.29466392013568187824
                 -0.20569111938218737068
                  0.13856023446360221651
                 -0.03205824462084433391
                 -0.11426607760624039878
                 -0.19140633041165594497
                 -0.27055966430303718395
                 -0.01990196010866429957
                 -0.10585632926821787747
                 -0.26208466787888762273
                  0.16536418549152384627
                  0.04024651438363110317
                 -0.03115257405038274197
                  0.18735434893753291630
                  0.44115035378309058745
                 -0.13297296464443505992
                  0.63574873036046830599
                 -0.51331556876795092492
                 -0.19159175047999274510
                  0.06778393829112598634
                 -0.37911997379572875966
                  0.36892395236160119287
                  0.04812025802192280988
                  0.29308695494475484056
                 -0.12123482594861616224
                  0.10926125343278610125
                  0.11257633629804328357
                 -0.08803290666393795427
                 -0.01961220948908289768
                  0.14770993168429871756
                  0.07640816161543592666
                  0.00631852345884555914
                  0.40073495814822424066
                 -0.25530295298030308837
                  0.07094565425082832721
                  0.02207770642556154683
                  0.00279859949043393102
                  0.16314616030980472194
                  0.31038390920193470457
                 -0.07608079025418934549
                  0.15882450885253393547
                  0.00360893520254260526
                 -0.37420102610434913259
                  0.11295248170555212408
                 -0.44342566289560725323
                 -0.40366061123883634210
                 -0.08445324721513282340
                  0.15507073727109221828
                  0.27754656659600912549
                  0.65558291840578442056
                 -0.41205215776190795562
                 -0.10907844814695674684
                 -0.63447863443958485430
                 -0.21873932787934571853
                  0.00083349852436813508
                 -0.06683047219342080902
                  0.00041703830253823990
                 -0.69384089838105356129
                 -0.06441181648259447501
                  0.14233492282926435424
                 -0.27892686943780103936
                 -0.23236558830152734267
                 -0.01240853139626110074
                  0.36615826267434414820
                 -0.59455028219612204854
                  0.44108818640670677258
                  0.49189607400759688405
                  0.14360969652285190956
                 -0.47509130236068447539
                 -0.28491894735634987201
                 -0.33563717854379493399
                  0.05114544510023405488
                  0.48480257230835405169
                  0.03862576102946256584
                  0.12786030322762956257
                  0.19839255836390415344
                 -0.24217618751083810902
                  0.31142789145665422668
                 -0.45712084144212544734
                  0.32227377603604090428
                  0.50033964900763228112
                 -0.33504615713853014292
                  0.02295758198336447439
                  0.08475757919031523535
                  0.16564674010217053657
                  0.16615121175806973897
                  0.28707848849309758332
                  0.11400955518048168369
                  0.14768450546267825052
                 -0.26307216872896171944
                 -0.24983959222908463937
                 -0.29364328280801982318
                  0.02570257493506349078
                  0.14592754015084896668
                  0.07967672838970991933
                 -0.02331207513623421990
                  0.07251110940141168582
                  0.40445190319259638478
                  0.09031181480780972604
                  0.02330766612786897007
                  0.18026703650052189332
                  0.25037296929057212269
                 -0.32518952205702644775
                 -0.45326622715379877304
                  0.09173100501629255499
                 -0.20824440382383249681
                  0.07953148987198412068
                  0.31868314058325747373
                 -0.36858566799268582814
                 -0.26681700934623764354
                  0.18284867542164703891
                 -0.24141065005148321099
                  0.24609829762333179648
                 -0.36032327859313023621
                  0.18828901490485749903
                 -0.19407145395162739288
                  0.28038806002275895590
                 -0.31842574517050958871
                 -0.12568906244972810615
                  0.00297083220478248401
                  0.49616949796037884690
                  0.02420613731266207588
                 -0.21948735187222737086
                  0.25151465648928716945
                  0.33791753951339037476
                  0.00941935805425627576
                  0.21006239424261355375
                 -0.01066345769777924356
                  0.36127593366030935629
                  0.30653972783216670850
                  0.05393463157661634866
                 -0.52099251075510188969
                 -0.07621316722809123867
                  0.27742099470644732140
                 -0.04235697273512283728
                  0.27379485436471628912
                  0.07682864473649154979
                  0.11306172489870351672
                 -0.01581645854859439412
                 -0.33554514155494408190
                 -0.51373974464719840416
                 -0.58827170152514507429
                 -0.08006720962871635705
                  0.05635068496272603589
                 -0.12299976899316089618
                 -0.10173510833192418723
                  0.29645313826020880388
                  0.71235613268334341264
                 -0.19244070805557900172
                  0.53068861244678566802
                 -0.34263636801980124069
                 -0.50062898065822969418
                  0.34658957740318685481
                  0.38546242815518411140
                 -0.20797278962535273306
                 -0.37307253683159979918
                  0.02930119850446156332
                  0.04559029061148751200
                  0.06388988352328754672
                 -0.40035757532990667862
                 -0.35649771964206661279
                 -0.19937269056740397621
                  0.40203045570021767041
                  0.15144836193843927430
                  0.03522336258279092081
                 -0.15165779185953864872
                 -0.37442707372388950304
                 -0.20645625064458783537
                 -0.18719671136273316470
                  0.22043910545287773162
                 -0.28316170629673076409
                  0.20218734429332671509
                 -0.81728454810991768564
                  0.37457926351546122490
                 -0.12898174711831081329
                 -0.19610065154640704543
                  0.10983632616365139600
                 -0.48034847463768820530
                 -0.07567051949321645932
                  0.23667301746966309950
                  0.52825621599916716686
                  0.23736836281574916208
                  0.80368793862995835386
                  0.26152142909428871542
                 -0.10638767335765386690
                 -0.45170563031488786265
                  0.00697958088346907479
                  0.25176175549161944334
                 -0.96680534335218215602
                  0.35121984568163244766
                  0.17968411625230656936
                  0.05402278698849812683
                 -0.37377895298644220334
                 -0.09226504260884382802
                  0.31157075814313450746
                  0.07807109131123175783
                 -0.02390231416352287322
                 -0.17087400373707320456
                  0.04523790508925033815
                 -0.35613986894016641527
                  0.05428878559838286322
                 -0.21242038404945420837
                  0.08360524346655150152
                 -0.64785564096743519791
                 -0.24552594342865460830
                 -0.06934483151111778265
                 -0.18485536485521122940
                  0.47402863410968132385
                 -0.12243443327185238312
                  0.12167632564161566522
                 -0.54541537503764658812
                  0.08995591419428064506
                  0.52869395496848103910
                 -0.33807227269510220502
                 -0.37213353819736827433
                 -0.05101243717979479092
                  0.29039502390440902202
                 -0.19846097583125565933
                  0.02590736827086181221
                 -0.50147104223921701305
                 -0.04362189283163326464
                  0.19102223701425058433
                  0.21934452169358092943
                 -0.31412032851427673652
                 -0.48434999715712073742
                  0.08606196546470047670
                  0.79236061909199007047
                  0.12839355056811596612
                 -0.19600691233101411037
                 -0.10065025840725230766
                 -0.37448588099503948845
                  0.14714211108662464400
                  0.05708747909575394297
                  0.28721927290071003203
                 -0.24482052271922666309
                 -0.18113179021944755820
                 -0.15175992705710775188
                  0.12054900685309037633
                  0.01609199953569153893
                 -0.11140090403696403798
                 -0.56366851155930497441
                  0.05598314785049747500
                  0.35523439691493330361
                  0.37265538445716134275
                 -0.35720209126206692307
                 -0.05785734735774753640
                  0.26982370964270618874
                 -0.05488552826845165267
                 -0.45889307150295577387
                  0.15714790336839126739
                  0.23239306517737923219
                 -0.23166975340077988754
                 -0.08940673367470380883
                  0.48424031635958558750
                  0.36013823575181275194
                  0.05125290151411153461
                  0.08136337903944784733
                 -0.55744322057948514360
                 -0.37879625529400795525
                 -0.31158982497358822528
                  0.14887891573801570466
                 -0.04511022892779170679
                  0.32848366001030343542
                  0.13211004750490662474
                  0.25495718337394868147
                  0.27695049323295772847
                  0.19018847771951458148
                  0.37148056211319901987
                  0.08982114953962064274
                 -0.40357162878664987193
                 -0.03120427059590717353
                  0.03933859531023237155
                  0.13815166577722121088
                  0.00816919598497150429
                  0.11053596888691341604
                 -0.16394422631202740237
                 -0.02081831869747425429
                  0.21610237841074342313
                  0.38502476700993532033
                  0.04455900885251147525
                 -0.61985376408093362244
                 -0.18476581116368676061
                  0.56167577812106539437
                 -0.17202473881209312534
                 -0.14761233471566628794
                  0.13571414130221282068
                  0.21943812049138680664
                  0.27041475469436682122
                 -0.67365957719711322405
                 -0.26285980884275794711
                 -0.16650599078544847664
                 -0.05408868704309772318
                 -0.32770519745045184612
                 -0.14742924067617407813
                 -0.16253381807092801004
                  0.55694679711200034689
                 -0.41339734495224378374
                  0.03705012600472191303
                  0.11719172184539883297
                  0.16079239429516464788
                 -0.00034791061512506394
                  0.26316243540055866967
                 -0.33631546769548803510
                 -0.07017674482100021149
                 -0.67932576751335427279
                  0.47421767342249943056
                 -0.01953985302272232341
                 -0.16139816412853405514
                 -0.23410764673222703158
                 -0.51683388824112286297
                  0.07416080168456487542
                 -0.03642957161626501905
                 -0.49361345217185881307
                 -0.16206172957837378101
                  0.06214318061560895889
                  0.00455083892985290971
                  0.21763595902805757398
                 -0.11733522765752930905
                  0.32179989850936535634
                 -0.62203865715962602945
                  0.35709247860703091648
                 -0.43240265844762754144
                  0.33383582425248203851
                  0.08167625090976438074
                 -0.19816229485566944080
                  0.06186622036686863224
                  0.15268161551142389598
                  0.19904300867985352808
                 -0.47313007931471345868
                 -0.20089564017746844304
                  0.05867664267918914350
                 -0.48541176517994211181
                 -0.39670289794048074761
                  0.25402939078078867752
                  0.13911634713612996972
                 -0.01059085712690463130
                 -0.29290453348422318403
                  0.45521263407417544844
                  1.03890886073197541428
                  0.18870354517619311596
                  0.11139694673433053751
                 -0.68445347290626334935
                  0.91153667460718446058
                 -0.26830004558054654229
                  0.23794058704662313097
                 -0.26329847970807279678
                 -0.33958038456640821101
                 -0.24801869447439420235
                  0.31410751213091014922
                  0.10044237050832810487
                 -0.01447637401487733566
                 -0.10632660306648029913
                  0.17694052328562021037
                 -0.25109619131187016494
                  0.29121726132866737613
                 -0.20354360227287818241
                 -0.14522560152250663101
                  0.79937989582922519549
                  0.12839527418845292361
                 -0.06777896896118545955
                  0.03770773326898324562
                  0.59144283302420808113
                 -0.20651065392812478771
                  0.05103770343046797053
                 -0.42466354771530118173
                 -0.55801970209408602308
                 -0.19952978197479742661
                  0.43476703976310343558
                 -0.56126188667520382491
                  0.27671344048245538616
                 -0.07376900571643833782
                  0.03024325331723363985
                  0.01590217112279437850
                  0.13421385890251538719
                  0.61026383157510200039
                  0.17011815236522850880
                  0.01553434845866207697
                 -0.10780095320502454392
                  0.26598618105431137693
                 -0.62887660526068378530
                  0.18310822240324076127
                 -0.51883031022058656578
                  0.16282119169214701038
                  0.00301694765540409761
                 -0.16947886119281185824
                 -0.12030351956074046560
                 -0.34666218285021227485
                  0.11179879727211648743
                  0.53619117294899620862
                  0.16693890304662686863
                 -0.10946366383801364730
                 -0.18273303367599552649
                  0.09555774759177615429
                 -0.31607639079782778868
                 -0.23661386680053211884
                 -0.21294873313529846803
                  0.21912014468564702807
                  0.06193035082095661031
                 -0.10566194289078952029
                 -0.09107527224736190752
                  0.35921002256653694618
                  0.00718401665940401890
                  0.17479572553918565347
                 -0.03105440582227237539
                  0.26102889564232351072
                  0.41625137226712632943
                 -0.22359143276488213647
                 -0.17395455737622669834
                  0.04371721997592997039
                 -0.19287953651883932293
                 -0.08356725790282193422
                 -0.18981996740579837324
                  0.43532101426768882169
                 -0.29549405257990102314
                 -0.08628425285488225405
                 -0.16473191229959108228
                 -0.24397872151967450738
                  0.49927222699338852374
                 -0.13570223625831542846
                  0.11445551892869984534
                 -0.37075984615081414297
                 -0.13257164511162156106
                  0.10161967589770568021
                 -0.01716630779249593911
                 -0.18095090259266960464
                 -0.28562513950793194661
                 -0.20373824104396229262
                  0.47607634251878866438
                  0.54037140787409965181
                  0.58109652474846018588
                 -0.39537013955241423480
                 -0.15071053382217147742
                 -0.38693929744149763161
                  0.22496644222621609011
                  0.22714592722437590422
                 -0.06543016913310899241
                  0.56345841251059924915
                 -0.27554195857757096677
                 -0.17581150761896979784
                 -0.31400895292189273666
                 -0.22427775867355026485
                 -0.29826225458493671461
                  0.45043059973630183990
                  0.23994801682593289160
                  0.14634317534750601597
                  0.38844876733000560654
                 -0.12322981108506399217
                  0.08411567146151764651
                 -0.66830297966897567186
                 -0.09843465773313413159
                 -0.26743763682514637425
                  0.07895957999111076486
                 -0.01138970291236271123
                 -0.05650006894584969075
                  0.13747341874906149339
                  0.67820331230928410093
                 -0.00952059276125589299
                 -0.08290547090089611659
                 -0.01966680617469265466
                 -0.62104679449138011638
                 -0.55739709474178300574
                  0.15674104346978276481
                  0.10308203780100017033
                 -0.18618205144005578466
                  0.11610665319815428875
                  0.27010540168436625308
                  0.31428814872335575359
                  0.48686994928783483561
                 -0.01778470649097257938
                 -0.24414443421398820955
                 -0.01096150318710934456
                 -0.34358330405039960720
                  0.10576304726030137660
                  0.17986591379885097375
                 -0.05301583728502996806
                 -0.42390536166264963791
                 -0.04308610254105017107
                  0.16701349497674819466
                 -0.19795664694007064632
                  0.62372791528934290461
                 -0.34151000758418620373
                 -0.09377569319197009978
                 -0.07230134535132250184
                  0.16753882719465290618
                 -0.22893587259763678587
                  0.28652332151465442767
                  0.28308688129698533764
                 -0.12224145572590504327
                 -0.58468572393817053179
                  0.38114803324069557178
                 -0.23604050981807292442
                  0.06697611595760395720
                  0.08570884092958991340
                 -0.11829279197964652492
                 -0.39643159401275246401
                 -0.06480107491913349171
                  0.03638996562424890585
                 -0.38194550080095368561
                 -0.11641107627945580794
                  0.22758144755232700973
                  0.08238244469336553077
                  0.06780417860958080911
                 -0.25913597241509050972
                  0.34049401353460362341
                 -0.16011980844500298127
                 -0.27118381003008112939
                 -0.33159573181036278156
                  0.30728220759336782875
                 -0.15134644335888317035
                 -0.38093811308572711471
                  0.19368179623084391672
                  0.62469665207061053636
                 -0.12345167466083596663
                  0.29232097891125746747
                  0.41701207158388375884
                 -0.06223068961682232114
                  0.16802116905548503123
                  0.01637298836375583946
                 -0.23986128978853227256
                  0.16536462902131671138
                  0.27620758398926065214
                  0.10966227974803575973
                  0.14346595778002871335
                 -0.17293037760546292603
                  0.22480177192662365027
                 -0.11007880423331563302
                 -0.20852954148977867477
                 -0.41076929545008744604
                 -0.09172600873595779247
                 -0.12568395758250261451
                 -0.19356283758927819716
                 -0.12669341125354394162
                  0.02855942569391457103
                 -0.20307680398501390395
                 -0.05872440106079828553
                 -0.21505129776149412013
                 -0.12237035216084297951
                 -0.27357463982149060611
                  0.22122631268494122314
                  0.24287122722381726536
                  0.21820948319024890960
                 -0.27072167627482862651
                  0.13316103443437313225
                 -0.10313677911215453353
                  0.40012919597688323403
                 -0.17007709814282409577
                 -0.43436210935859342896
                 -0.52405845160715147646
                 -0.25837894739460542937
                 -0.09947219246609408094
                 -0.29982485678746517710
                  0.11550781140363994282
                  0.17309327184045875114
                  0.10103004552769700997
                 -0.47643990309693073915
                  0.23287101002457707977
                 -0.21104544568697447549
                 -0.39795976941330146737
                 -0.19918560103377011550
                  0.42227903007749667541
                  0.07649505691064288626
                  0.47012194264957296586
                 -0.06920058925993452514
                  0.37621108737608671690
                 -0.92414952705928687937
                 -0.18731647763862616096
                 -0.05157168218355596273
                 -0.08888701553235808794
                  0.48587043349342751153
                 -0.19709006254966696114
                  0.58142974031028515913
                  0.16588635394660158906
                  0.22623524771928196775
                 -0.60764553576167579241
                 -0.29961512230454934169
                  0.08835989759586697356
                  0.11393778839645117562
                 -0.18863218048686447581
                  0.27226758820334390210
                 -0.49581768918975882565
                  0.81707367997822533123
                  0.08707451612633197724
                 -0.55192200519294432048
                 -0.16534775155113815015
                  0.00929732212239378630
                  0.02183084362552127622
                  0.22643519167559175709
                 -0.45496566580871200536
                  0.19973040959556340179
                  0.19685490329862756487
                  0.18125008735181263875
                 -0.01382451305736057991
                  0.07408900442338932357
                  0.33435830387845733025
                 -0.11228169435408544286
                  0.17324289147219140705
                  0.22991675255635643516
                  0.17242110281688399764
                  0.56605615530884645370
                 -0.10681517162386941489
                 -0.18946168298029841814
                 -0.52659482130738199945
                  0.20601396247552883345
                  0.30104410391677871583
                 -0.06126096789810705351
                 -0.12743470832481051946
                 -0.44752990465730047021
                  0.25670050111343434285
                  0.10497151940771451417
                  0.17178366898941324625
                  0.00898105238915074787
                 -0.31650895495266584412
                  0.15434012556508483471
                 -0.07801508621118730114
                 -0.06993919548318430768
                 -0.01081470376674673224
                 -0.25499790890856061099
                 -0.22777728512989248166
                  0.08815775966826415455
                 -0.17733742254192833010
                 -0.27579084737945253059
                 -0.25979956818225252713
                  0.00156166136822045998
                  0.27654031654705790721
                 -0.40020425588705782483
                  0.00137977037397079465
                 -0.53803191173240993983
                  0.35321982055087769448
                 -0.10026296991489365429
                  0.17429585306124484312
                 -0.15349875331394022271
                 -0.46391576671097511930
                 -1.23582520138805640464
                 -0.37081169836572486220
                  0.08152323173363423825
                 -0.44203768806572979466
                 -0.40765907694174047249
                 -0.28114871429308607720
                  0.21679529291987342798
                  0.30628709753191440956
                 -0.15138034330451566323
                 -0.27878142029567176685
                  0.58986849500265925439
                  0.09218212698165956231
                  0.21412890361351422097
                  0.46522778769897227269
                  0.05608115961217149253
                 -0.03730404946691043278
                 -0.55480865634336096193
                 -0.46075731842824690920
                 -0.04920648088182521390
                  0.26928986953289341111
                  0.49310802377027040944
                  1.00436874817564336659
                  1.00457760311679544785
                 -0.18601035522204995010
                  0.05930469667478625168
                  0.35841561653007614208
                  0.16242428270453843075
                  0.02892846028248234266
                  0.06059581712541314835
                  0.20760254141252026949
                 -0.63617697994680155738
                 -0.21013245376125588848
                 -0.59033211522754280853
                 -0.36653030252573298720
                 -0.76892382692907423891
                  0.46661345200934878363
                  0.08257243907912924230
                  0.47165306458356964781
                  0.22488084849182612968
                 -0.00648531677196345895
                 -0.34426270231869893212
                 -0.03872838457633439452
                  0.79994617822497149362
                 -0.34692011658780907979
                 -0.89015349483054473367
                 -0.03673943463574393109
                  0.41429209209715461837
                 -0.32979472338969134659
                  1.08664435696873007409
                  0.32506101086969274583
                 -0.79754373454900162610
                  0.60005837448903542874
                  0.29796132997848356894
                 -0.17833820320563500972
                 -0.14892789850835788656
                 -0.24809582896335166668
                 -0.48445049633067049921
                 -0.06180806766662956531
                  0.46175025706370598222
                 -0.64038906657723193572
                 -0.55020319370081405275
                  0.34068267109872890641
                  0.02085360280167199154
                  0.47885923463472834793
                  0.35094629506383812068
                 -0.03026494841983597486
                 -0.57962304384545648706
                 -0.01162779148238642438
                 -0.01301478157109356958
                 -0.02497419401665261496
                  0.76300117239935916214
                 -0.23950034090048979984
                  0.32571853699362257606
                 -0.03839608311274399916
                 -0.00224514205345303312
                 -0.26525234635647271242
                  0.38151811917470007662
                  0.31580301610121841449
                 -0.17359048289929593367
                  0.44780209173412144352
                  0.46746104658440124080
                 -0.10909315429966107147
                  0.39874750511860096447
                 -0.33880715633188296376
                 -0.10424111028040593252
                 -0.14623176048015593120
                  0.25317691909327649791
                  0.31253615582891935976
                 -0.11221611142217359502
                 -0.32618307203639623770
                 -0.22899666814498390033
                  0.04180282012788451990
                  0.26942400114796216659
                 -0.51584145587601315519
                 -0.20389204617823553090
                  0.19404364924289005390
                  0.73436248457818797952
                  0.27230117209033566361
                  0.49066412225376904166
                 -0.52902622407732602383
                 -0.47179539374041795652
                 -0.44543309897530192210
                  0.32572827752863714457
                 -0.00110792907672295927
                  0.15313256566116453805
                  0.61833594829408200511
                 -0.02599608942364113953
                 -0.24890761200318903268
                 -0.29543774535949307580
                  0.51963495986162577811
                 -0.35762103635069020235
                  0.20028656812637815610
                 -0.23501083505684153274
                 -0.10568087135392750797
                  0.17957543832582620325
                 -0.67768794861186332223
                 -0.18336576717744329512
                 -0.13617192105593339813
                  0.11408319210989151249
                 -0.18788703524390076849
                 -0.16801534761885758562
                  0.15013791648279165014
                 -0.09364523562057752715
                  0.35822181131214270167
                  0.29348566933315362038
                  0.04273939462083387736
                  0.03348299192624289156
                  0.14115689139887011017
                  0.57201019033865219132
                 -0.35788906356886313054
                  0.01978063490196789453
                 -0.00712083330159631392
                 -0.07467987426141117768
                 -0.32601641066435554928
                  0.31716817608350633684
                 -0.16247897559381729859
                 -0.10919688101053774687
                  0.40788454588869355044
                  0.16944336131506365639
                 -0.21831255001272725780
                 -0.02921092591569654853
                  0.42850589018808460384
                 -0.13456026558474717958
                  0.22452181880941590730
                  0.04210909401383428757
                 -0.15010938581816776760
                  0.08691720283506060296
                  0.24688921384622097843
                  0.07086683066894437777
                 -0.00626416250328969051
                  0.24992608408026523170
                 -0.19593112883707100580
                 -0.30463960723894506488
                 -0.01576029488834478423
                 -0.20317399952724243817
                  0.30585961217346185892
                  0.43605693672984413567
                  0.33486777283661278704
                  0.24664801182168627491
                  0.26962726819620946861
                  0.02651697957904275427
                 -0.33753559023384910320
                 -0.11176592631634921227
                  0.33820248877811109889
                 -0.22309887996844146585
                  0.25062010200112994074
                  0.02132144036378483612
                 -0.18825952327062983604
                  0.31240779565930748563
                 -0.33719516522211900877
                  0.14309594584638865578
                  0.05045576373705550760
                  0.28935644909149693671
                 -0.08033965707724090299
                 -0.29750697424928229662
                  0.20229330568768816301
                  0.05308408906853942510
                 -0.26099993948967215029
                 -0.03165220845255300314
                 -0.25602947361891520428
                 -0.34293486459290478674
                  0.19367270467862701677
                  0.16738879880481968843
                 -0.05313945366398433595
                  0.09531092868304991139
                  0.18679630323402812708
                 -0.02154860772373825423
                  0.11785509058484237854
                  0.30492329719627442319
                  0.40853011232163699562
                  0.38887047822264980690
                  0.23567715980490105965
                  0.30514289848327486032
                 -0.16374213581677973806
                 -0.04396216952246200654
                  0.13115815915930401081
                  0.48132405144791939877
                  0.10146562035588389816
                  0.35844504756976852677
                 -0.91510774244921722076
                 -0.54288483326616121527
                  0.39556403333890505225
                  0.13543808492464828874
                 -0.05547359106639348364
                 -0.02612063806386366593
                  0.03882283657755594697
                  0.41106600782959007434
                 -0.03530369188986716422
                  0.25438473196410865684
                  0.37378666789147663163
                  1.01156079148511834909
                 -0.50830371929008211218
                 -0.29145419004816841557
                 -0.06871839765022622060
                  0.42688499502344223746
                 -0.34742871436637984273
                  0.31820461755512741142
                 -0.03579600474757903966
                 -0.58963697283577010122
                 -0.38981459078693786457
                 -0.97488042459601820244
                 -0.19717810150558029436
                  0.21131295145056158691
                  0.13312080231634002003
                  0.13087506130963980078
                  0.43440695827027075993
                  0.15247657543745218867
                 -0.08251684427111111164
                  0.10235525273800125112
                  0.02081460312942636642
                 -0.12068512548874123225
                 -0.21101438021658780464
                  0.03322044553948334117
                 -0.19604843656667519936
                  0.09008008910884411635
                 -0.15098784600378711840
                  0.30327538638599310650
                  0.04869327623102663594
                  0.04288397174105876286
                  0.58594933606823662586
                  0.53849513096899015441
                  0.34198902599755159892
                 -0.16492756086079637945
                  0.32550857432622132270
                 -0.35850014261116364134
                  0.36098866988316391513
                 -0.34521868159022622846
                  0.45093769466222100029
                 -0.01907205273475449936
                 -0.55351807569878008763
                  0.47365396565609935164
                  0.34692928309395681952
                 -0.13853879952598049941
                 -0.03583142066936991638
                 -0.17677566155920548807
                  0.26985789032496160234
                 -0.49624799260266377887
                  0.10371674488059089148
                 -0.12934185479903628768
                 -0.36823462115518573734
                 -0.35196427802936691709
                  0.45054424129145492772
                  0.08384838689909074327
                  0.18714301812374481426
                  0.15401846849850484023
                  0.09204674193363215906
                  0.00216264493385739769
                  0.16190172247582451659
                 -0.01309217930744707194
                  0.67916422005406718032
                 -0.14532670218808951823
                 -0.07626565579531260908
                 -0.57328683796737189837
                  0.09906157462520191748
                 -0.09335883463415466099
                 -0.12072371877402991724
                 -0.10846581646224098816
                  0.21304031883541862946
                  0.26725998887974766749
                 -0.12656755242915437853
                  0.41512578064090976948
                 -0.12806382461116147531
                 -0.52142700557958521212
                  0.09630954731199893593
                 -0.04813743962691507949
                  0.37570307353178444831
                 -0.50536465080547476880
                 -0.25278915198176965529
                  0.11563294358896208935
                  0.23321089015670176670
                  0.06390522787601972399
                 -0.32653350768228528445
                 -0.22430711283066592787
                 -0.08152863477791694180
                  0.60270156661962748235
                 -0.26872724726289370922
                 -0.37613642372391176139
                 -0.61425884980716882744
                 -0.11068825259392679750
                 -1.00146393008853240580
                 -0.51912573622615898472
                  0.18308526029487395825
                 -0.40916976858433157238
                  0.47311004713594240201
                 -0.22775133954073339959
                 -0.26372379073128415783
                  0.65435515826684775842
                 -0.30050506603298066111
                 -0.52223156179096941187
                  0.08019626072660701599
                  0.80928520226516154068
                 -0.25047590739239089519
                 -0.36674767338620711810
                  0.35730545290100973466
                 -0.15983996905248823439
                 -0.24079482090107431902
                  0.14153185411233204505
                 -0.14311425774870889516
                  0.18991835367209458640
                 -0.18152387027625241367
                 -0.45157076597149709007
                 -0.50229747152016412937
                  0.77311117117490302242
                  0.16181392719871148800
                 -0.16678652935522894629
                  0.63361411982779958230
                  0.20378671333615569483
                  0.25641018149518207681
                 -0.23843951907844879168
                  0.20285339289986253908
                 -0.02076662716675572312
                 -0.25018311129622983202
                 -0.18026738867619240825
                  0.00835403635483363341
                  0.15000336844136602510
                 -0.28540940509018009053
                 -0.21133804833264835388
                  0.12785843870589869153
                  0.70678407798649534044
                 -0.20195380885302852136
                 -0.02389740365442187542
                  0.06833959984562540391
                  0.13542883442081016243
                  0.11999795329743771777
                 -0.60020261705682831366
                 -0.55227137626407274418
                  0.02437368637339610428
                 -0.21699575210168217665
                  0.24176055148294559038
                 -0.61336342253882658593
                  0.06365293666797665340
                 -0.43471861101917275150
                  0.40370954765496885885
                 -0.14930885161794554827
                  0.35200744157383129229
                  0.05147435514042063287
                  0.09826894612733991230
                 -0.36502981037627879601
                 -0.12508570133988222706
                 -0.12956779814243873927
                 -0.19492266127681626142
                  0.16622556368621949074
                 -0.13653923843085921663
                 -0.08996005663393948082
                 -0.22500771763117483060
                  0.01277382768556795285
                 -0.13743702473372956807
                 -0.00786204870295267519
                 -0.20722442414610892092
                 -0.28537230951119507694
                 -0.33501195477699458047
                  0.72088214126682381711
                 -0.45018413246340388545
                  0.44129227288835048970
                  0.02998285079344215759
                  0.41201538618159955218
                  0.34702609846553778006
                 -0.29588321866574002206
                 -0.45549027152723520206
                  0.54952565951085552420
                  0.56136461464688558465
                 -0.08996680848512358941
                 -0.10760246243619039919
                 -0.12587027359072225363
                  0.04784384114426087908
                 -0.42705811162012274895
                 -0.22472383549726057672
                 -0.06029080415238852186
                  0.11323464541365811653
                  0.19535515201918390860
                 -0.16759588298140609686
                  0.26098102729918781773
                 -0.44573115526044942980
                  0.18804538179639118667
                 -0.57763626167463133498
                  0.07475334211005862928
                  0.24518262832953269248
                  0.30160995289307912515
                  0.45252564030860670252
                  0.17764739170805940449
                  0.04591312965836959192
                  0.30639359317475417521
                 -0.42183318204533282181
                  0.00206314251308214536
                 -0.16604512418476544133
                  0.02994034620413717554
                  0.09096373130844373489
                 -0.43684041742403700859
                  0.01941692708613717427
                  0.25901404615026774048
                  0.46998475981193277295
                 -0.20820039505989856865
                  0.52069270757436036945
                  0.00674650846872146791
                  0.31668157242709504828
                  0.27326862750190566986
                 -0.00539000879484209140
                  0.12959197909712658059
                 -0.30286007536455705758
                  0.38939070524787894323
                  0.02979070378361409546
                 -0.08751030115079287686
                 -0.19712191929246097866
                  0.31486560848544442592
                 -0.52115500633351874438
                 -0.37775649244497860879
                 -0.38080304310491480679
                 -0.16309339247053813993
                 -0.01331372993439330563
                  0.01164127869347467842
                  0.17516657516607389566
                  0.21575055456125569187
                 -0.08036546148537607182
                  0.31124490256798886811
                  0.34300234280865560255
                  0.45440130626379138246
                  0.03132385622175656859
                 -0.04197724946799805124
                 -0.14757153392721136798
                 -0.17631608890846683924
                  0.08465460625993813382
                  0.21736477927736838622
                 -0.00146815937924423857
                  0.40275266949295196461
                  0.20441482695702506422
                  0.17076304813313258890
                  0.07145817068313815856
                  0.13458622995516567045
                 -0.29176832980213518454
                 -0.01775605793907942750
                 -0.41943451598006331604
                  0.16615320265525368448
                 -0.16776735394999381379
                  0.29769564478051063761
                 -0.17006874700262630817
                  0.09451075602932182407
                  0.02911813383124062238
                 -0.00192701976240154714
                  0.53350423204010188893
                 -0.15468915438178584831
                  0.35527535982853952756
                 -0.00003917458012511234
                  0.33131025296682459214
                  0.04346629942749492131
                 -0.29043167895340227247
                 -0.42069386995004870444
                 -0.29626785717171028045
                 -0.66867520624547971408
                  0.00918957091534958019
                  0.45377065116221393382
                 -0.02348877960501998680
                  0.09303689525821180750
                 -0.35560458250482135378
                 -0.03224581493474562577
                 -0.15677629381107646700
                  0.15425043847811412134
                  0.22000152066227451897
                 -0.24960644421504313284
                 -0.39785408285245438265
                  0.11015736185999991381
                 -0.34627559499723731262
                 -0.20564844026658324339
                 -0.05089133439175174550
                 -0.10292993509234958649
                  0.28238239250253799328
                  0.00536913447152646047
                  0.16616371676643232336
                  0.10536966052618264300
                 -0.26584605332443189685
                  0.00924829859281862433
                  0.17435857547566668835
                 -0.31414632437025097333
                  0.09020137369795375171
                  0.15097121671867513859
                  0.05659506360617552051
                  0.59977899626971298286
                  0.15502230633899122259
                 -0.74283147962599693770
                  0.34287694216690434157
                  0.52556836259434458469
                  1.23988583740914970477
                  0.39271463539164708223
                  0.19241723299482349496
                  0.11338533899446609499
                 -0.23040281588312755412
                 -0.20107676412563987856
                 -0.27757605538688834290
                 -0.15412991389669039588
                  0.49207597852846718389
                  0.10527069377416377327
                 -0.13771327384851314579
                  0.22929509299744876838
                  0.09802210142244976998
                 -0.21613500813544522794
                  0.09455909955448414672
                  0.04265713094344950745
                 -0.20520144715464541663
                  0.41763335118954908465
                  0.00692189908217429647
                  0.24898671287685308906
                  0.02602012312370252656
                 -0.39917711388997267896
                 -0.80842131410380568823
                 -0.08925531973560200949
                  0.39020764712836214505
                 -0.08275819903445445769
                 -0.47432155202275516626
                 -0.11114585840456758792
                 -0.18145243121246529272
                  0.09961492158839252431
                  0.61458070007193099649
                  0.28104131156242034839
                  0.41112823520434976787
                 -0.55748420218251104608
                  0.27123168521482288185
                  0.19356299685148764533
                  0.24630303200914113737
                  0.27839404734254619145
                 -0.13322272232806472991
                  0.32200085855366361587
                 -0.37461156708757065159
                 -0.15401865598670261281
                 -0.56471225320593720909
                  0.03714085706708267209
                  0.89912273556222754856
                 -0.13876738238103486500
                 -0.68605149783141494702
                 -0.21457249124763227988
                 -0.39505527105666771170
                 -0.07522802428400453267
                  0.12781209063705498141
                 -0.25343178795896259548
                  0.46828642087031779884
                 -0.38014025311925020434
                 -0.06294654723094761373
                  0.20305308899825097457
                  0.62301766826602789084
                  0.22762285735903065031
                 -0.20266512715899015484
                 -0.39055568744213109422
                  0.31337426251362143770
                  0.03587179300623864753
                 -0.11533779309017783143
                  0.13634065308587303700
                 -0.41396610300009195615
                 -0.02875043817091610734
                  0.28321394617487566370
                  0.03356765338891459782
                 -0.01369762733890176123
                  0.10648505897833873690
                  0.31106193098535722674
                  0.04790778132156520847
                 -0.35690970470776745005
                 -0.03902499777321954966
                  0.06233716754994479692
                 -0.16966300952207047370
                 -0.04687950224455125076
                  0.23718255340596466896
                 -0.01694214264547527771
                  0.28874817965044213830
                  0.67204965527452609209
                 -0.01080924094458347515
                 -0.18063848793331779841
                 -0.08576932084067663553
                 -0.32123587547409954146
                 -0.44435019916603757384
                  0.03323778673138056555
                 -0.12980698812630397931
                  0.09104467233616826694
                 -0.23809814847234808677
                 -0.53434556185355908120
                  0.26961266692076041318
                 -0.34938783880981633123
                  0.11781513859445344461
                 -0.22198132615403409762
                 -0.28786163715773860350
                 -0.17028266188358531785
                  0.70335413472121244283
                  0.47541132689729531657
                  0.34964907093340680255
                 -0.11875900311884059202
                  0.35176285052108635654
                  0.20427403094994528443
                  0.28390785838596865887
                  0.13278321517851704447
                 -0.12824402322682201816
                 -0.46292111145301201303
                  0.33923665555371596003
                  0.17491782328466204399
                 -0.17928538633318993889
                  0.06819343720818694943
                 -0.23893613475037092653
                  0.25377911960767796096
                  0.30542052661333196628
                 -0.28171895121957740704
                 -0.21074159964216079843
                 -0.28273505098043399952
                  0.98928210566517083002
                  0.18390952189119022520
                  0.46518855270175002437
                 -0.15362518356046642176
                  0.19270738566965228689
                 -0.20043175822947939535
                 -0.10609163435695044553
                 -0.31920015990181238585
                  0.22436429046671735321
                 -0.85293891469440319408
                 -0.30743064506448930517
                  0.40868492242440129791
                  0.17770302354946815315
                 -0.52476892088726223573
                 -0.18823519798753776677
                  0.28519936952032987065
                  0.38842569067225080071
                 -0.28147952731902392554
                 -0.34530592973490675801
                  0.32862466671257206663
                  0.12830862043380036885
                  0.04265497401776174868
                 -0.30411359347750022142
                 -0.32288933609113151801
                  0.16025817759473240387
                  0.16327591023477433518
                 -0.05913201894149505700
                 -0.09879700719682911469
                 -0.40602697716059227284
                 -0.14710718731597371978
                 -0.13286998589033127693
                 -0.12418652601308385885
                  0.63963871260513549544
                 -0.51123302238816314969
                 -0.13132332664220713880
                 -0.18732652672645139225
                 -0.09541377562855749006
                  0.14907046839129595162
                 -0.56798750645616713495
                 -0.15491417797220563557
                  0.23501657134952050332
                  0.41292396439688094922
                  0.12852771894305131672
                 -0.07476369773480792680
                  0.07754338882151060042
                 -0.32880992684466958664
                 -0.31459574226893172177
                  0.21871438273096718841
                  0.01452022529594610908
                 -0.11139532061088991410
                 -0.09734059209809858837
                 -0.13372554858728444294
                  0.27114028085170460702
                  0.12311699597261779870
                  0.04600296746752231825
                  0.16951012701657261483
                 -0.05326688444638971037
                 -0.38711436514640473749
                  0.22961438090081323637
                 -0.04637572693183616979
                 -0.33761246105859826772
                 -0.09549088006966155451
                 -0.25891723218367362902
                 -0.12642103585958056056
                  0.15169962290133442995
                 -0.27710481319630325681
                  0.58019095571382139909
                  0.36560450301825869746
                 -0.19024558542285446849
                 -0.04125428902656737284
                 -0.41282721502311581219
                  0.02901850541828006683
                 -0.22204586805761117319
                  0.50713834844704230864
                  0.02018454234095380315
                  0.43055896939110438471
                  0.50024067836297070322
                  0.27256549715922662180
                  0.37461002416767053003
                 -0.34552354682008573628
                 -0.31800754198894232161
                 -0.79516469149390767157
                 -0.36600718868008530471
                 -0.04108322335583281665
                 -0.22131550767146332404
                 -0.02678390708740396170
                 -0.11570633468888315287
                  0.12810106319264336072
                 -0.28753604830285245386
                 -0.18401842124184639160
                 -0.17464474664843590568
                 -0.20268870189068521892
                  0.07157585722009084106
                 -0.03536188504730322646
                  0.39346460391171722559
                 -0.18317340690842912054
                  0.30834453965940744613
                 -0.09131061312636651328
                  0.23266621506985074586
                  0.95484610109384882026
                 -0.59284899852412964449
                  0.19361802870319083647
                 -0.59753523667397379082
                  0.18787193753956543674
                  0.00181834889920771611
                 -0.00374420977103554712
                 -0.20825695217263420767
                 -0.36537966471832100668
                  0.50320047697809056064
                 -0.09260660576022142210
                 -0.32874586889778018017
                 -0.38998289695816273914
                  0.21567566415765085375
                 -0.11113106901345451427
                  0.01373252093366105972
                  0.14081908074481261361
                  0.23492514721145685286
                 -0.14515260966410817312
                 -0.18725816802016451157
                 -0.22297051410748408573
                  0.19058715609236498434
                 -0.29330703144854231024
                 -0.35986240927144180768
                  0.14421744387359769490
                  0.07184348146986510586
                  0.10977062485585231677
                 -0.55381052485337345370
                  0.35745440858364779801
                 -0.04043027693751150703
                  0.09038891448002286944
                  0.00578990527058781575
                  0.51051032627434778099
                 -0.01120870363411587134
                  0.04652478117023825521
                  0.28992286515347154285
                  0.21408403283871213496
                  0.45141625104479099484
                  0.10748075814690997987
                 -0.27718976632880881761
                  0.05449003670854293824
                 -0.08197697009547207092
                 -0.13526290821652553475
                 -0.19279955748928634396
                  0.06085553478295264301
                 -0.19596115315636256082
                  0.09688559363237067568
                 -0.18070782358103135157
                  0.00237943290179713600
                  0.44015392160346350492
                 -0.01002267683057487917
                  0.20438439276989373017
                 -0.08450451608618188282
                 -0.15227784370361677202
                  0.16013566596790132501
                  0.24413207815303353265
                 -0.11169038020127106114
                 -0.43649356345960382830
                  0.03212880378376870016
                 -0.37318396724862012981
                  0.45699051539485807671
                  0.15041473846193909036
                 -0.55945143644274042405
                 -0.35323868194322366465
                  0.21821885406005531172
                 -0.06466837102170538976
                  0.29113481121340195612
                 -0.26588242204720718975
                 -0.10389234683653265912
                  0.33321822365891079487
                 -0.02089378447205139308
                 -0.20779145218317693344
                  0.33133086915203496803
                  0.07366239301646661242
                  0.41658632564590059033
                  0.03596845723623656732
                  0.16123671529693101023
                 -0.17227711829823014189
                  0.01904281026680568201
                 -0.19364712713578477454
                  0.32501610184425683281
                  0.48317057968361942777
                  0.20060903295968651738
                  0.09308915767195816149
                  0.01648498157002458928
                 -0.00715145336537967649
                 -0.13872025096675008604
                 -0.02132773239283517613
                 -0.27593012369824809760
                 -0.32158936419978939592
                 -0.40066832519506984100
                  0.21738286054244151946
                 -0.40194305852084838415
                  0.21622244209079277688
                  0.17878267950987730694
                  0.06370479103650822372
                 -0.15683261493525202379
                 -0.20482381451831979668
                  0.44575218734014038224
                 -0.06845444383389640008
                 -0.37448870069070672173
                 -0.46057666343499942263
                 -0.11738218574955740225
                  0.28061883220406491635
                 -0.32939484183714162757
                 -0.57118591123172290924
                  0.14088767199076890346
                 -0.04927561112404950372
                 -0.19487219642867545377
                  0.38064072917206159818
                  0.00621259396902210277
                  0.31966018104421700663
                  0.04807855691817154720
                  0.42622524030476921508
                  0.58257817757354590782
                  0.15144108987456994520
                 -0.52981274525991906010
                  0.29519748004126195040
                 -0.40639838019030904981
                  0.40919878458991770787
                 -0.14918136327402478636
                 -0.10786752351116599136
                 -0.04968812920191639088
                  0.41114204625514017000
                 -0.08698306839404157387
                  0.09646866091366136653
                  0.41594682284338968525
                 -0.09959007486595067293
                  0.19983924953522091972
                  0.18667661981840047436
                 -0.11576660850404510428
                  0.23207268627567695374
                  0.33457252074990462276
                 -0.01500835200273547415
                 -0.06740903957772284572
                  0.01793352795419548423
                 -0.22634368378917985032
                 -0.16887143304014692879
                  0.27864195280975800895
                  0.04401706670230046831
                 -0.20917699113917662124
                 -0.38738384097341471701
                 -0.68921685939440535673
                 -0.97308043843105584969
                  0.21362326983607732300
                  0.30747557709108269686
                 -0.10366354055933488243
                  0.05199898308987087325
                 -0.01253249106182334309
                  0.04108681070379568284
                 -0.36460826933871082201
                 -0.02856229187737868713
                 -0.25939357772324672657
                 -0.07265624964905918748
                  0.21899273762620966033
                  0.63801650865930792378
                 -0.04220161123085046373
                 -0.38954195887179687841
                  0.25248884567211726804
                 -0.55848626323609140698
                  0.12818636320940554607
                 -0.01422099213645267209
                 -0.39764507311742364193
                 -0.05374858158240053418
                  0.16530259928987345308
                  0.17027089572102960258
                  0.53384633246937585049
                  0.14362411392394686116
                 -0.07530084848602178194
                  0.52843655875633976926
                  0.17022990491652159606
                  0.25450141690877736700
                  0.35977319267270430059
                 -0.20986180628261402736
                 -0.10015067169028024630
                 -0.30799181801520464363
                 -0.74178417035382071543
                 -0.07023549695259118097
                 -0.41292399652754885331
                 -0.30590270893646726025
                  0.19701219107749143311
                  0.14806996617962786544
                  0.21178678965059100081
                  0.33861992785880118406
                  0.21075282126786468173
                  0.23290071923123159547
                  0.12678219178700292358
                  0.05241245727026779683
                 -0.00753727262305433146
                  0.13588210225548949528
                  0.21349368082007735836
                 -0.31825474869667258471
                  0.10675377980118744281
                  0.15743067358483397999
                 -0.21319768196377456015
                  0.43475782388741163187
                  0.06079843010419503507
                 -0.46369165491982938798
                  0.30686532240751890344
                 -0.26211411461970707260
                 -0.03629102298249480690
                  0.20212761660578318357
                  0.10415665418558951727
                  0.17620232106611230516
                 -0.17813244973834641005
                  0.15583630043837981560
                  0.30373865686393758390
                 -0.18690494901880339018
                  0.04063341403348547098
                 -0.11406622337504115916
                  0.31476829803898137561
                  0.40564896461976285291
                  0.06294668237932320165
                  0.10296655847429006525
                  0.44235672345452814458
                 -0.25947583954124170402
                  0.14231751798847430690
                 -0.19012103040311173485
                 -0.23204423723566555693
                  0.58605856348844687087
                 -0.10938091371857881773
                  0.12409187192456815063
                 -0.16536975139399273660
                  0.02507642102082185617
                  0.49836209932721819982
                 -0.13493934088535819438
                  0.34032494694029097326
                 -0.39580226176455074460
                 -0.19353887339021877412
                 -0.14697487308117862526
                  0.11064915542876274657
                 -0.08300612099431478597
                  0.08776594795139884553
                 -0.50032310526553613883
                 -0.00521782923493082414
                 -0.14456403036346510138
                  0.18041261264476643467
                  0.17243484684209844926
                 -0.18003773720162760674
                 -0.00310196920962824401
                 -0.05174195447092713035
                  0.36147878563059965273
                 -0.51430059554409424116
                  0.29560745201831722939
                  0.31675179729136532236
                 -0.45883871821484367715
                  0.02079623215964443439
                  0.01997218751284510208
                  0.05358944318176702554
                  0.53182612448533705951
                  0.21133192077508980433
                  0.35276229296460037688
                  0.01497893942016483709
                 -0.05527041162852194822
                  0.13254581662722234037
                  0.13023298135093103189
                  0.10316087298309639664
                 -0.26233648215663224468
                 -0.42097228504782147063
                  0.04099859216342060381
                  0.05346936232898857888
                 -0.00900989973635320240
                  0.07917219993656614274
                  0.01092852105139577659
                 -0.28583847227405162483
                 -0.20545328737189860746
                 -0.16267244907531827613
                 -0.25144514178563448503
                  0.22591549046546574586
                 -0.17318201249117420870
                 -0.24376081351796713426
                  0.01949729960690745056
                  0.04095753677299984741
                  0.33518863410142318848
                 -0.12708858512041890099
                 -0.15146076973986921654
                  0.32775557698321566846
                  0.10072037567198365016
                  0.27571113148230552703
                 -0.21170034948078672588
                 -0.11214092636314605678
                 -0.80075097939063610841
                  0.03097614277510747985
                 -0.50604473019979034909
                  0.01455017324692485688
                  0.25328281242544908869
                 -0.09835849806691124297
                 -0.30355407459098360246
                  0.44652307078552061492
                  0.13349483659897834475
                 -0.20978498128927589028
                  0.25486860702307778670
                 -0.07414232299146174265
                  0.02206735628248939970
                 -0.26149343878776215577
                  0.17508841014027645699
                  0.25691698617300584573
                  0.17758550612113399580
                 -0.12657646552935211681
                 -0.07414574063769210910
                 -0.11965442428668421337
                  0.25497985264080713641
                 -0.57416690649444002137
                  0.22650088944751151088
                  0.21919923272999194963
                  0.10750415682735706135
                  0.02324355770013154104
                  0.45135050713112107035
                 -0.39625290326249090755
                 -0.20065991975581698448
                  0.42156719904772205210
                 -0.43447280958362294312
                  0.05957988114588699813
                  0.26260954433208566483
                  0.02005232743624266872
                  0.28124551046891360651
                 -0.49514393200560408159
                  0.23733634245299309318
                  0.20105002375142871918
                  0.29566275726834301274
                  0.36742853126543850717
                 -0.48237994116208759987
                  0.04597220817609062871
                 -0.18021007474745626142
                 -0.10245624864927392605
                  0.03681600315137284474
                 -0.23243194103174613652
                 -0.20699832042988189351
                  0.08978335630014976088
                 -0.10542152647802954801
                 -0.37362286953240025911
                  0.10672446728942303062
                 -0.29643457877083956298
                  0.15771089050900277684
                 -0.11640651433729566622
                  0.07086921014521950501
                  0.06779388870007671541
                  0.23428979121176893297
                  0.22697154564022037349
                 -0.14535543501764397467
                 -0.25989352855125463782
                  0.30624170781322934687
                 -0.40134116775438766211
                  0.43466164095608939011
                 -0.30687715886140820576
                 -0.26714671730172440123
                  0.12709926092634288297
                 -0.61817960621004786059
                 -0.11584340409074669886
                 -0.13292300358981873343
                  0.03886904814168581912
                 -0.09409236171296381235
                  0.49917827965998518014
                  0.20412447670809064082
                  0.85948033176527216526
                  0.14692161896407895938
                  0.23967624465442927129
                 -0.03333253343075300024
                 -0.12196746271446362586
                 -0.27636826957980109576
                  0.21585752212091208202
                 -0.23712056343452472817
                  0.03585248345094550759
                 -0.17181221749853148317
                  0.22379520273765660110
                 -0.41055011101747618252
                  0.32189357679173158377
                  0.36300625606944680879
                 -0.27758526135784278299
                  0.24017646041365994791
                 -0.46096252582495572669
                  0.28565936004201453180
                  0.02269259194616921743
                  0.16232599988008888925
                  0.46882765045699503759
                 -0.13338971924422721171
                  0.06811486897479110403
                  0.20016195510099590860
                  0.24933732648146117450
                  0.02786590422877000331
                  0.39833746596123886796
                 -0.33929662563112050755
                 -0.04705412766980489325
                  0.29636056884697814517
                  0.29622193056087620100
                 -0.37245589740330359296
                 -0.18522166049548557942
                  0.15009512428058610634
                 -0.01741401096050245248
                  0.22055867148291574686
                  0.18851253612669324755
                  0.21972634505837743135
                 -0.22022917629166258169
                  0.01062182962613653775
                  0.10824389085712318725
                  0.30264863101186018080
                  0.33175992323939212936
                  0.41303662073167068947
                  0.43641468808134065149
                 -0.42684301956124998112
                 -0.03262280222833412874
                  0.17620987271637011951
                  0.13576176056262123648
                 -0.25273069625497929236
                 -0.20676572727595901591
                  0.48101237463749324519
                 -0.17550920935387459565
                 -0.23358792302216099812
                  0.32992959651909287144
                  0.05322210230499482136
                 -0.17902350540285585923
                  0.17760336557825304182
                  0.29059783537893796312
                 -0.24360325853498990267
                  0.04340625801628154173
                  0.31776043959307925801
                 -0.28474650842663928874
                  0.34207443875236659414
                  0.29442791787218730581
                  0.23197703595084098738
                 -0.43024047677493598707
                  0.02282281142734381499
                  0.06616380607922131563
                  0.26151081407991094707
                  0.34056017175578601197
                  0.23641278431085205325
                  0.06370965492649485751
                  0.23673748518774126448
                 -0.03094748942216645968
                 -0.28836221195299854836
                 -0.09824139151171840112
                  0.08816083852753570094
                 -0.35497375261169394900
                  0.19747980675984075360
                  0.10433984990170340479
                 -0.39482548495068081618
                  0.05628256379989559494
                 -0.12863492521559696802
                 -0.40867907131481046035
                 -0.08329219085335652639
                 -0.22968593207996215733
                  0.23179309817714494057
                  0.23346720515764388115
                 -0.49942723623550644430
                  0.26372576520848689530
                  0.02672635473663972569
                  0.10595580133788475019
                  0.16690816759832816096
                 -0.13493904235955164750
                 -0.15090732988354385591
                 -0.20809553336299380089
                 -0.09640487368394376477
                  0.19107610309544875715
                  0.35294071419741568363
                  0.06975473719937144712
                 -0.25422778939776863316
                 -0.21273840936597351869
                  0.11424297318041710947
                  0.36845930823905742590
                 -0.12494532111880603253
                 -0.19381216132620823767
                 -0.21220196583336636831
                 -0.07139416250348087911
                  0.33779405908420295779
                 -0.31306393617103689397
                  0.24475630797969119556
                 -0.52804851829769527960
                  0.15443866235770115081
                 -0.13325253419133031851
                 -0.36105420243772623490
                  0.18989100959155719162
                 -0.47969977763885163213
                  0.27063461991594184308
                  0.11546784695509676455
                 -0.05861904990028143914
                  0.33223121889950185670
                 -0.14540285817794182388
                  0.28994367055070774386
                 -0.11796845731125465973
                  0.01398882951232892358
                  0.04648264884633591248
                 -0.85582402316493799699
                 -0.15853242572433609570
                  0.45723495344144926555
                 -0.01219074816248369789
                 -0.12744182159122968701
                  0.10101419784423773529
                  0.30594070332996703421
                  0.30467378485376533925
                  0.30334069058474388836
                 -0.33091660309184267597
                 -0.43329112029808908302
                  0.26930613650963514116
                 -0.00978678236531791562
                  0.13486189257907443828
                  0.29561571932060015655
                  0.12262167316726900468
                 -0.36900424484727706309
                 -0.28881689960496553793
                  0.03750450223348339440
                  0.14312279821711815231
                 -0.15950333093812404939
                  0.40085238050999172366
                 -0.39412875221389548352
                  0.11660446979422470215
                 -0.37776726180811348588
                 -0.10828797382185587073
                  0.40804268718222680423
                  0.27787744173062006725
                  0.30951704928992501697
                  0.20452005070645237761
                 -0.36803699615052759553
                  0.21393477717399844718
                 -0.26236805800150841961
                  0.17223853721863235933
                  0.28953623915361342833
                 -0.42382264336275593530
                 -0.09773916742196084306
                 -0.32962522195742871567
                  0.25760342050660484103
                 -0.17821303056655524166
                  0.33863210929983084130
                 -0.09835481736435282285
                 -0.09628943042406422348
                 -0.01507284814442185969
                 -0.35337084186326306323
                 -0.09842286264940738882
                 -0.15582551514722356445
                 -0.00553316254584364491
                  0.11527833490041633491
                 -0.29234014095346000373
                  0.47823716367149249340
                  0.28902818934188378996
                 -0.03410994839655524802
                  0.39140223780053712277
                 -0.20836378532021637700
                 -0.15569179371452068761
                 -0.24966741774196271608
                  0.07418380978173694240
                  0.30020951733426848307
                 -0.34023427606387152133
                 -0.64879162236096710181
                 -0.02066667233031162926
                  0.15195684669113015963
                  0.16512148758051384267
                  0.13411686412152737380
                 -0.33926138958586377070
                 -0.12964012473206437681
                 -0.18661133710735583469
                 -0.26840613741351421195
                  0.30391975471638171813
                 -0.18295407010888906085
                 -0.17579652404384532582
                  0.03749751320096079282
                 -0.06880909839497095781
                 -0.46983958705391681843
                 -0.12165366748215239445
                  0.30151242495520724773
                 -0.10042766246954339115
                 -0.07024050995045884316
                 -0.26339623436492048958
                  0.22301904627565868888
                  0.26549809426086040665
                 -0.22739817504623227595
                  0.13771001724602985328
                 -0.26646163375561898734
                  0.31271121561558962165
                 -0.05303470036606159482
                 -0.03979101990407321598
                 -0.02647788489634993192
                 -0.32960805201020215716
                 -0.08695822602829048065
                 -0.10019507441329526809
                  0.29826509601298106800
                 -0.06754286566291264893
                 -0.43598463003359738677
                 -0.36463779779109412038
                 -0.11044349160181203551
                 -0.06304212364294375925
                 -0.07523159185036998320
                  0.46413295889352462753
                  0.19871409808464138291
                  0.30115913866578292168
                 -0.03807166509620932282
                  0.23700928125239412170
                 -0.26699412784716453073
                  0.41394028564404083959
                 -0.26573044166942427768
                 -0.01648053548674215801
                 -0.14675780112940292610
                  0.26886186024110392268
                  0.26768940796717610731
                 -0.42994541311185990873
                  0.03068510900893043486
                  0.25127727408942596155
                 -0.40418523412408380313
                  0.21072764812528943512
                  0.48253207031853451170
                 -0.20418618527302268006
                 -0.33555781463711620294
                  0.65092682917128086295
                 -0.04228770240335892605
                  0.06118646388371231509
                  0.31652356782495466581
                 -0.26243581061633142193
                  0.27957697352610816344
                 -0.02093249705181057796
                 -0.34542001702340080493
                  0.23536515009062222714
                 -0.12506971433254376880
                  0.27865759344612156534
                 -0.46781444190432591723
                  0.34125130975591827509
                 -0.38536322681903378840
                 -0.22996136722323096135
                 -0.06287750335845510019
                  0.11821450807008673789
                  0.01578401585051051811
                  0.19162562109898376161
                  0.49753645493133225042
                 -0.30232053082224952245
                  0.01429879121188084440
                  0.49277370414192961379
                  0.14052605872369339224
                 -0.13402401226500421094
                 -0.36692523918246500170
                 -0.18900300294544900015
                 -0.27881021243821751954
                 -0.09060329018082451114
                 -0.08902414409459122324
                  0.02230324012028136668
                 -0.09139255164978549173
                  0.49562884633688891745
                  0.12271249100602742155
                  0.92180602788414911508
                  0.44199254500347723296
                 -0.19157310967244528532
                  0.20398680804316948745
                  0.02147266451200755683
                  0.03079355185167435144
                 -0.36600149590213348905
                 -0.28996499675350440040
                 -0.16470091501291053704
                  0.44259703233450220505
                 -0.22538062488969826114
                 -0.28333786536529731448
                  0.20877932147923303208
                 -0.25678225237770152534
                  0.25995840261076602618
                  0.13314795586089051005
                  0.21551972315172054917
                  0.12029891939734121964
                 -0.09670211721597089805
                  0.58427484704908816404
                  0.23951846912187824135
                 -0.64981346569828923876
                 -0.06048522567714906956
                  0.26402581715395939677
                  0.33452657841475147427
                 -0.46387460579643124969
                 -0.44701783657842297792
                  0.28688876905474636203
                 -0.40703172899979528365
                 -0.62420224783743716301
                  0.27654625444242614263
                  0.05697139570434650580
                 -0.01991633097684807063
                 -0.27624411942718274382
                  0.49001111834813843027
                 -0.32575023614650344683
                 -0.22346425506816078310
                 -0.10335396668887809890
                 -0.02755721231732304738
                 -0.37729056881881545271
                  0.05775276643201517762
                  0.27363534461549932075
                 -0.07337141764023143164
                 -0.05618725069105878767
                 -0.10612549224332741560
                  0.44781589792579362674
                 -0.25568752830985286284
                 -0.29965509629386527513
                  0.09574500524794582468
                  0.77112296210033104416
                  0.69574766608518112676
                  0.02985137778339742864
                  0.08193378987883748188
                  0.27110218807253133599
                  0.09413268166423209571
                 -0.27482998003638670070
                 -0.61729488794631359738
                 -0.36140454825470902378
                  0.16449851153868394471
                  0.52333068950701278066
                 -0.45882380784508747240
                 -0.02360278186409904555
                 -0.05325052127617605630
                 -0.06387874061366653755
                 -0.15023149900850701899
                 -0.05356215075002830617
                 -0.56643072799483584756
                 -0.02371369126218289200
                 -0.63756371372151510180
                  0.29220337623708625419
                 -0.45605594261365306474
                 -0.04772039065897024090
                  0.21155315722776524279
                  0.20721430063876661309
                  0.40844592967656284666
                 -0.35604407442430796582
                 -0.24175814809550874585
                 -0.45459585150454812075
                 -0.17674071043416489379
                  0.12542720241061208752
                  0.42607703763110671424
                  0.51587845005941868060
                  0.12005441992442507371
                  0.66687965423633310813
                  0.31634144077099113357
                 -0.04098101505269229061
                 -0.04531201461580176143
                  0.02435513345089988790
                 -0.15506253803455341544
                 -0.11003599691929882853
                 -0.53453160449375092256
                 -0.26656185303032592371
                  0.18743962965574170743
                 -0.25276679830250459169
                  0.41332158457779138994
                  0.17692797610800584107
                 -0.50968352998121302377
                  0.14346134113930114617
                 -0.05923739476999810571
                 -0.10843617391531956695
                 -0.10097948656828102665
                  0.46038194468482862565
                  0.08002854072274522002
                  0.41497397039612349268
                 -0.21411661047965505067
                 -0.07532370868373648720
                 -0.20070566948445900390
                 -0.05484211421784832702
                  0.05789485847702346977
                 -0.16117264884634305289
                  0.44999972664053772275
                 -0.21844409341058843022
                  0.23585644868180960509
                 -0.18212572627949916160
                  0.09481858138059155727
                  0.46803074739951311400
                 -0.32390687788100913647
                 -0.61112880672437930318
                  0.18483424448530211270
                  0.48329561276001170578
                  0.48404753562889274443
                 -0.42122401098935163821
                 -0.07155388484932749538
                  0.02276674776523511523
                  0.02989800918913899583
                  0.33854177046266831219
                  0.00509228708358066672
                 -0.41521886691465043073
                 -0.05903555696912852341
                  0.48325397144286030837
                  0.81822024396169901195
                 -0.19373911042347502498
                  0.25280420715279633415
                  0.23676568652829593775
                  0.24188171048656201267
                  0.08472288437377527293
                 -0.15436936378318816265
                  0.10942885668609381167
                 -0.24181362316803228785
                  0.16618256049115037731
                  0.45024091399173538086
                 -0.07223872310023954357
                  0.23717281388978095347
                 -0.67204741582577898207
                  0.02504105494579308283
                 -0.08932017863900588994
                 -0.39245995336324468461
                  0.01713577901656765032
                 -0.57370697575209717023
                 -0.00395073576063351920
                  0.41246116870867610693
                  0.12412953572946980318
                 -0.18569103594051183936
                  0.03596924650115111699
                 -0.47387815599660776389
                  0.00376754789646838563
                 -0.58498360830126361343
                 -0.01308957983480579790
                 -0.41918177868274181241
                 -0.10398364527514988853
                 -0.25367973087947881528
                  0.18821667016121867988
                  0.07612910484961979418
                 -0.77615473296722747865
                 -0.05986215119293290116
                 -0.25366906787440268722
                  0.60538932993762184509
                  0.22923313877797119043
                  0.29435381175034147638
                 -0.27506350359229303493
                  0.02527806616045464444
                 -0.36143858713943993743
                  0.04614426495946939710
                 -0.00820298106090700321
                 -0.27679894304634455882
                 -0.05390407926604369460
                 -0.62970804349497122576
                 -0.15403584062637590280
                 -0.07480378497292236584
                 -0.66794455517980111381
                  0.15151426416085606030
                 -0.09227427885425576459
                  0.05097121411097919885
                 -0.23422184729996309294
                  0.12486187884745870991
                 -0.31543050314391696265
                  0.00115086133864144517
                 -0.00314992153262261005
                 -0.00639786395591254112
                  0.13200030849341928829
                 -0.00132467502156964883
                  0.22764693584865003384
                 -0.47726142205941152197
                  0.08623639150298477440
                  0.42377399291109241197
                  0.09742541465400823830
                 -0.00742371889671220898
                 -0.47439591664997227127
                 -0.48321610663033087718
                 -0.01614672694394352070
                 -0.37129673448489430854
                  0.03155623275476933387
                  0.08235420008869648312
                  0.00322516677489605684
                  0.03211893440841324249
                  0.17207139176916733114
                  0.66386645717306802528
                 -0.09345035384922938115
                 -0.31835395462413523804
                 -0.14758984988898371515
                  0.19463661415922314801
                  0.11431015711042225025
                 -0.28471150736434308604
                  0.27170306707653335554
                 -0.10420510805316716973
                 -0.32415218815194546398
                  0.22526779568750601723
                  0.38702481284975415177
                 -0.05191484558938383453
                 -0.03052891903028908532
                  0.28682230038448636167
                  0.22737050533015873421
                  0.72809063237399784807
                 -0.07399556203376680963
                  0.15958598684571503878
                 -0.65901711070062529707
                  0.31842231265635068116
                 -0.32358464988189977740
                 -0.28297182233581419375
                  0.07597328447845230759
                 -0.21029217512518058597
                 -0.24690907412869592119
                  0.10620003566352571867
                  0.23737939205104899298
                 -0.21641089596327559019
                 -0.20496981429952981779
                 -0.18751858799850032455
                  0.16393853923926485217
                  0.20853046233820349276
                  0.01927967682676551275
                 -0.08956330287985604655
                  0.04374508853389762197
                  0.63210219965282699039
                  0.11636523865943765310
                 -0.37362649811906051278
                  0.13410220065883196594
                  0.54707850877691932556
                  0.31605236206742315375
                 -0.30263716505531773615
                  0.59571976189832587245
                  0.07689448153551460552
                 -0.32955230679958563700
                 -0.29820409629675570518
                  0.37867074099692532574
                 -0.02209735797256624779
                 -0.23047055939364732846
                 -0.37112185175150202987
                  0.24847668219800439493
                  0.25787770089620348779
                  0.26426803113526231570
                  0.14954604757421630090
                 -0.03626326929014142553
                  0.19171676976606000231
                 -0.36967013559798123090
                 -0.12193798895605938160
                  0.22439844331330685567
                  0.13824723049465276192
                  0.16983604910954608336
                 -0.47426373345692796057
                 -0.09415452526198944683
                 -0.12505267135331282757
                 -0.03602803011791667204
                  0.10092308960311734134
                  0.20517487831112851682
                 -0.07142016168339071491
                 -0.23707852796631881387
                 -0.24527121849215882676
                 -0.07116173938978320734
                  0.01508970369433660849
                 -0.05442673032784069165
                 -0.12497737857543392281
                  0.16188564906198946169
                  0.26119697092213783884
                 -0.03182120770438721241
                 -0.19317494488544897924
                 -0.47572363353366448058
                 -0.09526412151187257926
                  0.11603568088073010212
                 -0.43691790767217536517
                 -0.09733677312303273821
                  0.04304014686497573822
                  0.24981825467142723673
                  0.30744395768836763061
                 -0.21822462060374084314
                 -0.25732839830686082827
                 -0.12978277560528686529
                 -0.05846412192986389506
                  0.04994313817213857920
                  0.17502466574290442836
                  0.03147206864666102222
                  0.42406476249631430697
                  0.16698639717361460355
                 -0.21658121453647399823
                 -0.16108929678880615222
                  0.00779742680311549131
                  0.19314859576302162436
                 -0.16056564586662558369
                 -0.62147350509887344661
                 -0.03443592140835566306
                  0.32891719705718730493
                  0.31170624638120719707
                 -0.71963329734186409770
                 -0.21399124594081006534
                 -0.43729297934313188234
                 -0.17274762172795068982
                 -0.42868756932777135615
                  0.00226561003940638694
                  0.22146871066787443549
                 -0.02030338375895889003
                  0.01286874338330631223
                 -0.75850928866852607158
                 -0.35203647448207275872
                  0.26016067651690089058
                 -0.10008198533393325436
                  0.56261914271792001774
                 -0.42621632992318397859
                 -0.03361884177691266962
                  0.06537800490125342256
                 -0.21813497446282811842
                 -0.15625481903109278425
                  0.33661620685090498650
                 -0.08021719618570773147
                  0.18282682094290914065
                 -0.48617604180605700215
                  0.15461035681932203123
                 -0.38847401507435896928
                 -0.23077779195233139031
                 -0.33929351391210638145
                  0.28073774186674643749
                  0.02624071585752531591
                  0.22520177194095866713
                  0.13736669772859130823
                 -0.04165699313830443368
                 -0.13897759774104931352
                 -0.05281700238442692263
                 -0.33381584876506170678
                  0.22166721848735362888
                  0.06907518819962583934
                  0.25979359473258500923
                  0.14021354941515287718
                 -0.18158705217237428031
                 -0.14089991481624900005
                  0.20726724137968483008
                 -0.30942285121020501881
                 -0.35451662915750398186
                  0.66097878673693455376
                  0.12012930387858659909
                  0.07953815928284473091
                 -0.07822195304491234846
                 -0.45072358006394158680
                  0.23321199820399754477
                 -0.56147306585386480560
                  0.45212901229961632854
                  0.09410443899676110280
                 -0.02519274054687827696
                  0.19477764568863947803
                  0.29249630719101771259
                  0.62971256590135538111
                  0.20458937029464160928
                  0.00574903832039922683
                  0.05711219849487311762
                 -0.18858091376382848936
                 -0.45517064351417663159
                  0.14251471725104339350
                  0.40333537336103802984
                 -0.03136666339962652927
                 -0.37910937293924218405
                 -0.41684869302547977732
                 -0.40797961861636972136
                 -0.11237748132466832129
                 -0.22909353749797894961
                  0.07904651677630908368
                 -0.04981346752793205240
                 -0.07611832331743700886
                 -0.03038824862126732890
                 -0.58185497444554579172
                  0.10132482937182614446
                 -0.67563052410873181142
                 -0.18983604549877086676
                 -0.17623486607982793983
                  0.24551123201505539728
                 -0.17365448954315354513
                 -0.19735287164772319368
                  0.44782438912026301114
                 -0.46314951058694309172
                 -0.43525884521500235458
                  0.15623690631636433235
                  0.20366144984994566380
                  0.09038748862876402890
                  0.56172124886394725340
                  0.58430337747517369085
                  0.23634575095173260273
                  0.31256545593447682130
                  0.13687337624802253799
                 -0.09383640889363842330
                 -0.12738334296159253833
                  0.34970636747209499218
                  0.27897049228766634954
                  0.39774686521009161577
                  0.40781801934811440224
                  0.36783547156839779824
                 -0.35810316925255525344
                 -0.11606452526781724233
                  0.13200723140487213847
                  0.07551750809385281149
                  0.43872373376256368349
                 -0.23028574413877653249
                 -0.09208621620301508937
                  0.44126141359906040362
                 -0.02403360391010880490
                  0.32755836090772794122
                  0.00760886167914171224
                 -0.11173396670874549685
                  0.30839924872644886022
                  0.03960970446537698253
                 -0.42224834682973849675
                  0.32356311692370376409
                 -0.45254786861167228817
                 -0.18589127177915898415
                 -0.08659975656609140982
                 -0.15683485653531076265
                 -0.19190247426900428063
                 -0.46072802109315791341
                  0.14235454488778981341
                  0.08895364867499143402
                 -0.06290749818438992613
                  0.55350164723293782121
                 -0.18818698864788388492
                 -0.15669170029362650132
                 -0.17868182433595036773
                  0.32868569550948351088
                  0.47388268952413697965
                  0.12280928433248509968
                 -0.24764090199658711500
                 -0.08365282066361967583
                  0.26666289927030090157
                 -0.28057989951525502681
                 -0.46438097286919716167
                 -0.37924856319134420124
                 -0.32821183786185142983
                 -0.03115350065829983889
                  0.76385788298392542917
                  0.28152321470139390902
                  0.03311419896762719806
                 -0.05299352939680453123
                  0.31525255369961574514
                 -0.30261787783696558751
                 -0.22101887415348103749
                 -0.28574279781678524337
                 -0.13827832927272493135
                  0.20034821699095181624
                  0.14577657547965097717
                  0.45206341390375665013
                 -0.30616196088994968028
                  0.01025614830138212204
                 -0.30109365725569625649
                 -0.78497995217305338578
                  0.35127734409726496523
                 -0.10591954857745526641
                  1.12411182380076613008
                  0.12839023564028254065
                  0.23181865091854789163
                 -0.15144896033305363381
                  0.40737968641747485110
                 -0.03262772183618689592
                 -0.48002721848243445901
                  0.52571714629909827021
                 -0.43558467082725771391
                 -0.43137301432244201660
                 -0.08472542508361578795
                  0.27385202933638841394
                  0.41258778058354250717
                  0.32043817615025971257
                 -0.68429153242832407855
                 -0.10274651152670115362
                 -0.39944470194989539769
                 -0.16879851579307558751
                 -0.03952820151303045038
                 -0.23822421370871699198
                 -0.02417201629455221004
                  0.24764668766420028234
                  0.37584787366855298973
                 -0.35982546828147199403
                 -0.55540126069335704617
                 -0.23661509712510880865
                 -0.52801767644990393880
                  0.14891318652411536516
                 -0.24769846748870288922
                 -0.37819675632029225998
                  0.28186787452649442187
                  0.20260022827065485296
                 -0.25355439238082222442
                 -0.34599954634176827151
                  0.36863756538115427519
                 -0.02964955323685802835
                 -0.22502501145160064278
                  0.07777205998568820222
                 -0.51036463968232947952
                  0.28669855900237489754
                  0.14631036114078310728
                  0.38183521887941068718
                 -0.15853883612335897824
                  0.33913590182305253240
                  0.29439962547097608958
                  0.17687899144432123189
                  0.53477682975063089987
                  0.29118401208800620550
                 -0.17825058832370882511
                  0.22582150446925136622
                  0.01900036112879353173
                 -0.20360819721273623606
                 -0.05430049165430576169
                 -0.32201627440391988877
                  0.44468536539978537059
                  0.22515241167525193444
                  0.02052030348073767205
                  0.10427350340930158223
                 -0.31797430187316888528
                 -0.29143910035372888601
                 -0.16081445013242212649
                  0.28910712738991511950
                  0.17049730655628728138
                  0.27518498271193408966
                  0.03383899535874659165
                 -0.12954894967804839179
                  0.02272737926263086738
                  0.05666215569757883375
                  0.23081014544062380955
                  0.44588957192624639747
                 -0.38712534821674404739
                 -0.14043689498279199324
                  0.02242918746613711822
                  0.47810415252997445767
                  0.04803684050481221018
                 -0.16209193202863381167
                 -0.05613270798869659378
                 -0.17648757153390987051
                  0.00789620486974479917
                 -0.19989102418973800357
                  0.29614143079137450476
                  0.00753711354470930350
                 -0.22455202559889278491
                  0.19565426679468117532
                  0.62118739011783097315
                  0.14614682998619227261
                  0.15305809253958208016
                  0.24995820488574399532
                 -0.58600232110613836856
                 -0.35921319855212963112
                 -0.14311209779963976474
                 -0.59160801790444528248
                 -0.48717231436842084458
                  0.28716655132758689417
                  0.77110310032014195425
                  0.21938188092372384874
                 -0.13995533646068469835
                 -0.09700292155741030431
                 -0.70614235566575822567
                 -0.10710527199486498395
                  0.51815736729121897319
                 -0.28585725705147069231
                  0.32084885235267612824
                  0.21484933594745209140
                  0.24082365560281102090
                 -0.46624447757570752771
                 -0.03786042244839345899
                 -0.24942335595379033775
                  0.05270262627170536202
                 -0.38614726729300041796
                  0.63291461450595254412
                 -0.11344300135977049282
                  0.26878570478012658862
                 -0.02143591339429186393
                 -0.31811991796937005850
                 -0.17705239595489027926
                  0.05065729222539093468
                  0.42122209607987071145
                  0.43135885257175526908
                 -0.42421641968606937922
                 -0.08592600372557497590
                 -0.18537204403421067567
                 -0.13456878682696576943
                  0.37119807597210074945
                 -0.11925456517050472827
                 -0.64538185443023765586
                  0.02032090514411265605
                 -0.26873841687037086645
                 -0.35095301312641324909
                 -0.34494619656135572239
                 -0.01421648678142608917
                  0.25387811791221248647
                  0.11384277856640329096
                  0.06962717309110014186
                  0.17631512274909169613
                 -0.03429551721390980412
                 -0.37271611218287808986
                  0.09546948480403143200
                 -0.09632967004494849550
                 -0.23878707576614438546
                  0.32362853283748133082
                 -0.30130344476770470896
                 -0.01270624699061229622
                  0.14979148085780283339
                 -0.04831030662849261637
                  0.21734239030603161313
                  0.43002700811127519964
                  0.07515190855157444227
                  0.79880854524208244616
                 -0.11717957427055734898
                 -0.26773750806094975818
                 -0.16651280570123061509
                  0.11797297029685510639
                 -0.03722340598873437323
                 -0.00552630472884899516
                  0.22469913237276681328
                 -0.74236161061216920931
                 -0.03181577476278742850
                  0.10395177914899872418
                  0.13109980540789470393
                 -0.06446891275261182330
                 -0.03787452446822132252
                 -0.24529261907984811764
                  0.05855524275249214539
                 -0.19261019482132082925
                 -0.12617275796401850041
                 -0.14586355782048665564
                  0.48604841350382149701
                 -0.42851402380332015429
                  0.15111550180669580667
                  0.02847635831982955890
                  0.16273325953279241252
                 -0.11635241509003801941
                 -0.02045324851458242901
                 -0.39485604639210403199
                  0.57098933650572214482
                 -0.09780618237449831276
                  0.15295709331491436078
                  0.02785012248972191379
                 -0.43550133604918594976
                 -0.20229329875243012848
                 -0.47286081807201962857
                 -0.68708318748996810577
                  0.30944334534059508846
                 -0.02675870805401756383
                  0.20613202412973943844
                  0.18668492592646276917
                  0.85635737138520950928
                  0.01121906579743357259
                  0.18448122661750754325
                 -0.15018963659061315696
                 -0.02784996748374679934
                 -0.12859203855628043023
                  0.24804508002744238282
                 -0.24174225095656848294
                  0.40291552770614780243
                 -0.02895471549636449357
                 -0.00068099357967116303
                 -0.00163618476550133913
                 -0.10055551075474350453
                  0.15074744724900238091
                 -0.64341096162603372832
                  0.15266833646840208272
                  0.59648986480003918231
                 -0.06112904041262470084
                 -0.07493892257248335742
                  0.12303380401587364623
                  0.04945027884553732100
                  0.22062412599129965773
                  0.10168425565040750680
                 -0.07234909363885379252
                 -0.57829953499222741531
                  0.25941315183723723248
                 -0.54956549296263501603
                 -0.05741298987776629476
                  0.47508837687742710987
                  0.18794205725677307073
                  0.22254211846445878797
                 -0.34924208518470767348
                 -0.18961678009194110617
                 -0.23403346903607152862
                  0.52278636816475354543
                 -0.36278243357320311135
                  0.40158798538324291805
                 -0.07845436898096981582
                 -0.79645998102867121560
                  0.42607977494481774627
                 -0.06418786215866190137
                 -0.15004937498122286610
                  0.57382186471504548209
                  0.63131412970162581466
                  0.34474588886503598761
                  0.46800215154875962620
                  0.25757075403820145487
                  0.33866778691785592859
                 -0.04614599210024556558
                 -0.07674711637514455842
                 -0.51828184066064786339
                 -0.20020886245637925516
                  0.35094225991575639378
                  0.13191836999633757554
                  0.10169307740651754857
                 -0.06602527187183830637
                  0.10991031911155284273
                 -0.09708825309160928896
                  0.17828871987792976883
                 -0.20225706300025114714
                  0.11701285831480694177
                  0.24004924278097172774
                  0.12772669441515774325
                  0.25239205870055880787
                  0.03101377636837221105
                 -0.30919653691870746526
                 -0.71644726041108153236
                  0.49365559105830481013
                  0.08573789049677152385
                  0.24875396099420069018
                 -0.22157077648499765021
                  0.24151072796591149805
                 -0.55475562782897791525
                 -0.15481793410945313139
                  0.40768485152019817708
                  0.23186347354270694932
                 -0.20194658886202127013
                  0.10962875891127112082
                  0.33403451958441915393
                  0.26606615830609475770
                 -0.00224676963192420873
                 -0.43097193892890200972
                 -0.03374324833701697335
                  0.04561767609810633145
                 -0.23141805061378620256
                 -0.01281847265142365376
                 -1.17713504740123098280
                  0.35393935973741474932
                  0.05266528706510997804
                 -0.07675497711762238606
                  0.27736571544458071825
                  0.22195973313980615904
                 -0.15262328250980775057
                 -0.22155392990195188485
                  0.51740459456065746036
                  0.16726141028170571357
                 -0.15735764538836891080
                 -0.30218293563997017381
                  0.06503034416607554602
                  0.10257251834244530964
                  0.12833109365461034534
                  0.23355900587493724774
                 -0.02241536986465587217
                  0.42135431672756956667
                 -0.60419828035262246324
                 -0.02009733531546116156
                  0.24026967623867714896
                 -0.31026243245257817405
                  0.02769012254622370620
                 -0.32118151810841905069
                 -0.51484903498388789878
                  0.21184891753093371136
                  0.01674319876725884060
                  0.19512671699942255032
                 -0.10937468468207683925
                 -0.10701159675719493225
                  0.30019706961382053301
                 -0.01565209813895715452
                  0.16879033896528955472
                 -0.27718254339251535701
                 -0.04309350384258583966
                 -0.53327118496156056260
                 -0.15252084767808699040
                  0.04066329870421205722
                 -0.22017106832454191867
                 -0.20729031407755019178
                 -0.30738173403657204075
                 -0.06156105939710484337
                  1.06518407055316166598
                  0.45292139628804306550
                  0.27079499138027401939
                 -0.17533682802973038495
                  0.12443643262058380616
                 -0.33700708276377894235
                 -0.41010024721349791488
                 -0.03862636195978672027
                 -0.14830068070303056849
                  0.41145350298184840687
                 -0.28160104606302982511
                  0.30316221709659929573
                 -0.29449481511917191545
                 -0.64365598357928210937
                 -0.10662521312717393451
                  0.61784862339536561482
                 -0.19756920659130422502
                 -0.24872653979319375717
                  0.02295629077417664018
                  0.27182188200591206328
                  0.43242555566835483294
                 -0.41066864267376679276
                  0.35750371324709079301
                  0.56486191937781993211
                  0.27117560303927312759
                  0.05827778494418213440
                 -0.01022576012861311709
                  0.01235017566022271647
                  0.04748404185123986793
                 -0.05594383613166303837
                  0.06956642984237804139
                  0.07437024018347825061
                  0.02832140544208134811
                 -0.28792428343880449582
                  0.24470103322626393649
                 -0.19928594047623823804
                 -0.17976421938238135168
                 -0.13043405177964925712
                  0.44052454744621077909
                  0.28760076037022241913
                  0.26643212748107508725
                 -0.31831653473371801510
                  0.11861013258048648533
                 -0.18459634201130925568
                 -0.13275399314340477486
                 -0.38187540032671385415
                 -0.36342497714586796675
                 -0.31758600921393947969
                 -0.37107100177573049127
                  0.02387165870715566435
                 -0.37664903638342023262
                 -0.11770480848819331321
                  0.67330185877073045475
                 -0.00995696160221984199
                 -0.28053169408657935291
                 -0.04773686571946336721
                 -0.15470953669332329627
                  0.08651285862159392714
                  0.39991380344820581794
                  0.11995463506726192215
                  0.42723620117472393964
                  0.16213441314626605982
                  0.28614453180684534805
                  0.36093720524497191482
                  0.38796245642683957477
                  0.40985678944684866831
                 -0.09514026079219636833
                  0.11499221168699376439
                  0.39309034934127351502
                  0.44310634096326950715
                 -0.38400024125555676235
                 -0.39365241288177083012
                 -0.17158951304832353868
                 -0.14277016739210005025
                  0.60552617758862192776
                 -0.01426409818426230963
                 -0.22749967513096666649
                  0.20040163984084136128
                 -0.28553953084191729950
                 -0.08228600848819747626
                  0.09114036669423619674
                  0.27788807838766033109
                 -0.47571513486805089288
                  0.08468820442013479111
                 -0.09080601385018262361
                  0.35985062863370304020
                  0.02825088505096650521
                  0.08333871298289942386
                  0.40096189210652205537
                 -0.17317331438171457147
                  0.20857754768750022545
                 -0.23452997753902288247
                 -0.23231339082351082359
                  0.27144925441584522030
                  0.37761194004572956606
                  0.01218935384968384758
                  0.12668066514372461340
                 -0.32634251551075571518
                  0.23186027251485671896
                  0.05182568233847749395
                  0.23930952970067465024
                  0.11486427013994993107
                  0.03758669993157223721
                  0.48985071754551240408
                  0.38877043434677754918
                  0.26176396425407771895
                  0.34160255126482397259
                 -0.21799072158072735350
                 -0.21212781577304448688
                  0.04975758519527456736
                 -0.03217650741135533871
                  0.01453120524083108267
                 -0.47545266486634757408
                  0.16729053656753961610
                 -0.79403873033959337935
                  0.42159499320727272798
                 -0.13090659446635818930
                 -0.44679885593453438908
                 -0.26425410097836093959
                 -0.22399261085261848447
                 -0.08675669752926117029
                  0.49314734528009224190
                  0.07073386321014552003
                  0.27804193783446240484
                  0.01111289364229465192
                 -0.42461620716111520002
                 -0.10705500407651447059
                  0.25832079959641196520
                  0.28141732077724024297
                  0.03712216693546143559
                 -0.36123766044956612253
                 -0.20366140973903634759
                  0.14004552828716998469
                  0.25773614864127808444
                  0.33999442191966533500
                 -0.15300497577901239765
                 -0.01128048308924659363
                  0.11513052912763867275
                 -0.27455861566048156419
                 -0.10826699899068263633
                 -0.08608450161665315292
                  0.02399997707060555485
                  0.33772962918569793267
                 -0.40476884685073372117
                 -0.24648312469486055587
                  0.53400559818448489757
                 -0.31438195816993619314
                  0.21809031758968200343
                  0.03526737480002365560
                 -0.04595133165057982416
                 -0.32794696202687773079
                  0.38007736726839913555
                  0.10645585216783645666
                  0.24003487277771828889
                 -0.11207060259427523152
                  0.41555431529934527823
                  0.28774664131363653086
                 -0.17728967014928198598
                  0.00864052559069968494
                 -0.18484083702571385555
                 -0.24891167454069068610
                  0.06375334213852339171
                  0.19814889926250256469
                  0.51962930150224273529
                 -0.42601700530973229952
                  0.24637862065002114065
                  0.05113707000259123947
                 -0.08556338610022835856
                 -0.25404772899410937859
                  0.20330683482248607108
                 -0.14609561840420340340
                  0.20743731301128529032
                 -0.59329876022428451599
                 -0.17699596638999676168
                 -0.29145100622561798120
                  0.14519861025257008169
                 -0.50583686880455658308
                  0.18225158616911721343
                 -0.12570491989642143538
                 -0.28854535024089433826
                  0.23726550432008228220
                  0.12972413122771586647
                 -0.05977674602080065153
                  0.12836579652160101661
                 -0.05077471402795529637
                 -0.19830659885719217894
                  0.27722674701603883252
                 -0.06296663618602925394
                 -0.13827172055006164975
                  0.18890051995424791964
                 -0.23239207612359633059
                  0.12995711747819474469
                  0.23453488070050801384
                 -0.05292849881458690925
                 -0.23491404862363118866
                  0.54424391430889440535
                  0.43801786182317792306
                 -0.25645578622256337553
                 -0.05673352476481832718
                  0.21905024539392239924
                  0.31451732037572194267
                 -0.47483693148218975022
                 -0.18009966619886658146
                  0.13784115192057075361
                 -0.22109258685128166388
                  0.03878486107586814891
                  0.26766209247231531609
                  0.21949288157885449291
                 -0.07530974794892870972
                  0.25825429592363974285
                  0.27600277432616798778
                 -0.38117678207338057117
                  0.10909292246641383306
                 -0.34952974505135137040
                 -0.14303446470026859316
                  0.15292696052802298712
                 -0.73983622113619607052
                 -0.12632277814130224436
                  0.11030192683946814236
                 -0.34094340521343807771
                  0.11394145585300836931
                 -0.03270204169255008786
                  0.82342732998970424863
                 -0.17538994303338417691
                  0.26335489941663681179
                  0.35210076737180767692
                 -0.16650917542871065957
                 -0.08163618636471374479
                 -0.06152381905665352951
                 -0.30819806897267409962
                  0.32258989750424699183
                  0.09827920086652869314
                  0.11993125525470155202
                  0.02150192042026552453
                 -0.02691554383245365473
                  0.15767731556871772414
                  0.07540984514421950058
                  0.78378395405721867917
                  0.58593681859240598353
                  0.20591619386498016819
                 -0.08411390758114545285
                  0.28231448539352566041
                  0.37572034811102039686
                  0.32414419645647740698
                 -0.26626660135578045230
                  0.25462788637637062683
                  0.13277823488784151751
                  0.20666279210835147850
                 -0.61706130970375272504
                 -0.04941798666642653604
                 -0.30114254178654703553
                 -0.07807588899030078189
                 -0.20005012949218992091
                 -0.04039049086573185537
                  0.04861091397862606078
                 -0.28943542910710573501
                 -0.20872014305673960988
                  0.02301931587476074154
                  0.47282262625707355275
                  0.28540283197329902043
                 -0.12430771664643064378
                  0.12509380554820792586
                  0.26355686654804699742
                  1.02087829731148871382
                  0.39458325009826727969
                 -0.37069603547142904176
                  0.22970594518866235823
                 -0.11139390010906508044
                 -0.12143485518103058762
                 -0.47498186893855220969
                 -0.12931021712812401647
                 -0.36248885749031017900
                 -0.21913805023318597143
                  0.15577461218824609213
                 -0.22429965265499038352
                 -0.68167979250106547351
                 -0.29153264802004830170
                 -0.31158752880241114003
                 -0.37255926013468138036
                  0.18402591597000059198
                  0.25043397475298073696
                 -0.39665218212358027694
                 -0.00278527078531019649
                 -0.18558695938932862068
                 -0.29514294104921984241
                 -0.22476665199464324063
                 -0.21474240553557533140
                 -0.03213984301206892352
                  0.04990245660995837329
                 -0.18254881521486782114
                  0.06984174221911051972
                 -0.55653234757559799650
                  0.11874469678892879410
                  0.41088015633916308289
                 -0.11413357066521666316
                 -0.68057203263913568225
                  0.16952412833044608331
                 -0.20770071060140563035
                 -0.17751044961932102573
                  0.48633404677062674892
                 -0.04677640743577190369
                 -0.13842954077632541043
                  0.25988449976176786205
                 -0.33147316679540300699
                 -0.10503429622244613018
                 -0.13184112561008420883
                  0.37426671497586827542
                  0.26825328013461935406
                 -0.13230762156456854495
                  0.03362325478533916695
                 -0.23122049815124751104
                  0.29097903860493229411
                  0.21825214086834718308
                  0.15304407020105859072
                  0.21814787695839890636
                  0.74080532853506653179
                  0.41272793954397352101
                  0.16005529748459809691
                 -0.18290102565036614468
                  0.20246556253781747281
                 -0.13638770807941691388
                  0.37805861929937339960
                 -0.30875841578155877043
                  0.09210768174040391554
                  0.02947084951850185985
                 -0.15169489429090543542
                 -0.35037694977057809442
                 -0.03884355767550605465
                 -0.09125737352442403472
                  0.26242028102558379032
                 -0.01097930121915600965
                  0.24261893245928906060
                 -0.58314505185505460805
                 -0.08435259645521096805
                 -0.33263483766477236481
                  0.09035354514395470271
                  0.19471334021368696954
                 -0.03143781644519551277
                  0.31701964814994493258
                  0.17310570060971411377
                  0.38731279003880841882
                 -0.49558669605365862632
                  0.35125515854641270463
                 -0.16045147135297502250
                  0.32991007668346894466
                 -0.40188495913801058901
                 -0.46161254857361005977
                 -0.22074696897929210748
                 -0.32751122889857020581
                  0.05307553036729763946
                  0.41220280938384223912
                  0.07867250719905266587
                 -0.18989609710697666345
                 -0.29599463477522219845
                 -0.29643314026015155083
                  0.08679242715880515491
                  0.14262309257013991437
                  0.21757391234484430020
                  0.48692917857100082024
                 -0.03555688090937290935
                 -0.20204812325006518692
                 -0.45326553581085859967
                  0.02505032513469981903
                 -0.29049222039407307516
                 -0.49815173979613130983
                  0.20030857140538960159
                  0.09522527193517460464
                  0.06641595727761631651
                  0.22335581605713031306
                  0.17853519319972024904
                  0.34843989503951711129
                 -0.03869344582504732899
                 -0.05397104486821551611
                 -0.09465307457305072170
                  0.26482736874322365672
                  0.37746564653130515454
                 -0.16148242853275188158
                 -0.23408610859779693802
                 -0.10741809811064149949
                 -0.06614166084926562106
                  0.33149399690519204542
                 -0.24705018975886575139
                 -0.20551987833957022223
                  0.36930631393332563617
                 -0.29945978762746994217
                 -0.09971193502699136901
                 -0.31498649235362574661
                  0.25271945768375475572
                 -0.16097184375091228015
                 -0.06816071317330375801
                  0.18138855670658854402
                 -0.01668037070483097128
                  0.17527479191075548415
                 -0.00492727845526757212
                 -0.12304349231850499058
                  0.01787024955563967440
                  0.13448667947984976889
                 -0.40191297748563747927
                 -0.34889621802977149878
                  0.13180523568230256837
                  0.05480273464245580956
                  0.27668149966037736132
                  0.08095070224863670783
                  0.14061380008486595861
                  0.34014907812922939856
                  0.28069532212722536624
                 -0.09986994585854812312
                  0.32312337101654226013
                  0.20514088403797561821
                  0.14927252447240951794
                  0.02841053599445072034
                 -0.11779751440076635660
                  0.28363164392317635754
                 -0.36359586953095446304
                 -0.24053439352168515253
                 -0.29288577810248278555
                 -0.09801359475175457081
                 -0.19835657507443565928
                  0.19032153607175744670
                  0.14753657418691029646
                 -0.16973057345120537431
                  0.26035571060147633116
                 -0.25426333354490321392
                  0.33594006333543280363
                  0.05300215734691580277
                 -0.14501090521653800525
                  0.19916539494429147394
                 -0.30071091738288358020
                  0.35511184268884654625
                 -0.41241177521189242849
                  0.46385398527315757633
                  0.69174899633978748081
                 -0.11669547398764743007
                  0.20856724880036708880
                 -0.17384083731612973156
                  0.26090558225423932104
                 -0.25148033865062513481
                 -0.31908183681277529908
                 -0.29567187071415718114
                 -0.29987291334991061920
                 -0.12598731281877736943
                 -0.10987942991085532241
                 -0.13915385083290826573
                 -0.10766436456071978855
                 -0.04217542298943950663
                 -0.12636484307771006508
                  0.73489956173058146316
                  0.12558085782506617223
                 -0.30405945867650152614
                 -0.37377949464716397898
                 -0.39138833155485414084
                 -0.31671280836558235450
                 -0.03756362434308247594
                 -0.04828336152996474256
                  0.25522820201310914001
                  0.05701202699234633742
                 -0.52548424274412675050
                 -0.18781200903989114792
                 -0.05432119119623282644
                  0.24660751252169157977
                  0.04710332900332467321
                  0.21260790505034252162
                  0.33171439485490755716
                 -0.17073798326580319484
                  0.53420054337721656346
                 -0.01792274848528181350
                  0.04627388994089385449
                 -0.18901077200180921301
                 -0.11631262462742504582
                 -0.07641220044852679860
                  0.06685274983368180712
                  0.01190826872142395493
                 -0.19982792483676775630
                 -0.37129700391365760836
                  0.12105958241184999746
                  0.01248667642349245502
                  0.12177220493057562545
                  0.36005196569153224972
                  0.07894017139449291398
                 -0.03826560192254567505
                  0.12069906182652009874
                 -0.00427607972348611164
                 -0.11145308450383105414
                  0.04728821378079841459
                  0.10224937406494727377
                  0.34928816134154966333
                  0.14815726186620811755
                  0.11956981692290816199
                  0.06214735866384906576
                  0.41920717185245748304
                  0.00381977981347424904
                 -0.07989333306630624909
                  0.13908736437449858991
                  0.16346263036534056101
                 -0.12442176748382785534
                 -0.26290208507617079947
                  0.36114939981125554480
                 -0.30205474405096277568
                 -0.23315338886317968359
                 -0.26183242093575215259
                 -0.08330497054405724966
                  0.23264842229273419161
                 -0.21356750137660032718
                 -0.15307141684156630457
                  0.05272245893540804251
                 -0.14007809050363978498
                 -0.25486932502388071065
                  0.11313978727403635471
                  0.14741165935700437095
                 -0.47299139777913756788
                 -0.22386330065706697146
                  0.23505151660441547801
                  0.42771687250740803021
                 -0.27290935217893547149
                 -0.44799724466171414461
                 -0.21565158563588310292
                  0.38659872087703961441
                  0.12203331706929733402
                  0.02466241181811152164
                 -0.33989266490784059149
                 -0.19176280776473011991
                  0.05092417064403852861
                 -0.41902137909305248176
                  0.06760698512014576278
                 -0.38362831264996588576
                 -0.14629921079894056546
                 -0.21131515794227864746
                  0.00035254391940960268
                 -0.07667406140594072717
                 -1.05845527352614121597
                  0.18570453772144027149
                 -0.12778392514352537868
                  0.02349652427962686113
                 -0.37946612965563908393
                  0.01184708929066983184
                  0.20613387355936127476
                  0.42748257203539580251
                 -0.21782124244705239335
                 -0.23414713564917807864
                  0.19568952519270410573
                  0.29286440192004159488
                 -0.85471336409753984054
                  0.12878685881141893610
                  0.26004215374586386877
                 -0.31419848365125252476
                 -0.61298091098762208517
                  0.18184778000816001486
                 -0.02129047147177952695
                 -0.00889807327595220493
                  0.07305214217999680959
                 -0.16071039959726254875
                 -0.42202976729894020602
                 -0.23475323036809547794
                 -0.28015233969805225511
                  0.52812436821184149949
                 -0.27847480655048501008
                  0.11368421826234159644
                  0.13870510088347304256
                 -0.08093256506911078452
                  0.21376718322021112662
                  0.23731713310266516759
                  0.15743016106245760755
                  0.28619052371232350795
                  0.42728602356444361776
                 -0.22579241121022214367
                  0.19651247471587232618
                  0.05432077583340001736
                 -0.07336818973103526043
                 -0.15798408492301685424
                  0.24861787478321240030
                 -0.18011687103873758042
                  0.19664997896658736876
                  0.12933646358133848997
                  0.38032248303054749794
                 -0.38055093457655564393
                  0.75950528436533049081
                 -0.35849048320629145481
                 -0.11750466877574455848
                  0.23024446738672557644
                  0.35007954719263789656
                 -0.02971037888034629149
                  0.41456700992413325624
                 -0.47612035331498231416
                 -0.64689396793072084790
                  0.43005460175445942017
                  0.25078381320563619683
                 -0.13725035270076146876
                  0.08582942456960983291
                 -0.28641372408314169640
                  0.50649773169993694832
                  0.04879637680176752285
                 -0.27798506588483357094
                 -0.43471071541247974235
                  0.13989974474889055323
                 -0.05303648522532402459
                 -0.31782158430729012810
                 -0.28392787782554462783
                  0.06857264224044991308
                  0.02865794453581037987
                 -0.26850428114727931117
                 -0.18517516720662779983
                  0.13566731031394813067
                  0.39398589535283090601
                 -0.03340752312394653506
                 -0.15684195881783533078
                 -0.23221940667860643814
                  0.20138102939788743440
                 -0.00601171655947957233
                 -0.02679010938949540066
                  0.19750994823466411221
                  0.19902242647500675843
                 -0.02013011931173624633
                 -0.07871811451489683920
                  0.11413225016338107709
                 -0.44504691800015760972
                  0.03424917469380925339
                  0.28338965455006887018
                  0.30173274985893749900
                 -0.30596993397490224176
                  0.26594197079371417747
                 -0.45387055724827585212
                 -0.23929545798289650338
                 -0.12633813140695041022
                  0.19417714837649124870
                  0.33446482230134089164
                  0.35966383777731675275
                 -0.04324470980475059873
                 -0.09587174591803103441
                  0.44011567984366373185
                 -0.06212827528494878349
                  0.06918127225239824318
                 -0.00572356729719096947
                  0.01128745879899241411
                  0.12182235973275175323
                  0.10954543859614439272
                  0.22277730009124296906
                  0.18146478622210671094
                 -0.05202021583495632789
                  0.63863151896186154399
                  0.57893106798614990538
                  0.09186889520653329644
                  0.04995156491820643141
                 -0.04232386548017409017
                 -0.59928512174465475848
                  0.38788470890084031373
                 -0.13843795268502190332
                 -0.24352624728566560353
                  0.14653113124534014600
                 -0.01419885487370538615
                 -0.53330329513849350498
                  0.02304414814772039188
                 -0.10592798800895557310
                 -0.15635720613948070334
                 -0.21033254551762894935
                  0.19858943562918798809
                  0.07519244050332826723
                 -0.29622282646613018464
                 -0.15415201157331503978
                 -0.14598977175846045151
                  0.35314267691011863581
                  0.11577628172648629645
                 -0.07157204231485510271
                  0.49593578183390496505
                 -0.15898844096085415489
                 -0.39590902842052411170
                 -0.21349648699355316950
                 -0.44915939849797326122
                 -0.36635037692833055667
                 -0.03489411879206051614
                 -0.13066284017745866119
                 -0.14045871175911181505
                 -0.25175582853571815134
                 -0.03820797034094850636
                 -0.50562500687758027418
                  0.50535397870115827956
                 -0.68031659439831715375
                 -0.24798469427851724256
                  0.09389877740893598501
                 -0.35461507642258988104
                 -0.18883739397752116740
                  0.14966120096885138224
                  0.01867395286276105765
                  0.21702276281717050588
                  0.14700342521846546107
                  0.02267867324958253161
                  0.48434747966132934982
                 -0.03541427474580677998
                 -0.32122498047636022234
                  0.47888776013214573446
                  0.70149331670090198099
                  0.09340135537236096686
                  0.63674052192168251185
                 -0.67024201300811991899
                 -0.01749402280016793682
                  0.15885774169365343700
                 -0.33110920095400664387
                 -0.09527394314667689268
                  0.19301719695852309622
                  0.33704580943222650635
                 -0.27824439083065732881
                  0.05631392464417478427
                  0.01455600979541091591
                  0.18138943190210549128
                 -0.22144682845219015865
                 -0.02240387456465785937
                 -0.02587884327624388400
                 -0.20576164021663792547
                 -0.23761919608743115040
                 -0.07384462638074550112
                  0.41287501561608019873
                 -0.08382381988416784391
                  0.37765199585471675991
                  0.71869951592685166197
                  0.47124265719627822513
                  0.03467102828616933086
                 -0.44838871722831341593
                  0.23987476589767595114
                  0.16370522110593371812
                  0.03530357164830294492
                 -0.00079219932616806103
                 -0.35998556644377621705
                  0.29305217201582955955
                  0.55199883777238156757
                 -0.03789152586144892837
                 -0.22600645485682757663
                  0.48316710328308526412
                  0.23861725323366425600
                  0.46650368363095690016
                 -0.11396964763611579230
                  0.54542753912741104294
                  0.11193632117870670750
                 -0.27648123963866133579
                  0.35579616928237395301
                 -0.72062787825887253401
                 -0.57944958004393942730
                  0.35878462486548656774
                 -0.45345820444415319006
                  0.51657156275913129750
                 -0.08771301475245474322
                  0.41301836663363217239
                 -0.19793593342667195611
                 -0.03740920669789678243
                  0.03652885521193134644
                 -0.35429570447262298538
                  0.35346871248886529981
                 -0.07146881520362058371
                 -0.65417964749936841073
                 -0.41620151745854822023
                  0.03641446236221079075
                  0.21582477811709527282
                  0.06137697970002490427
                  0.33676820144565505766
                  0.07441746794641290741
                  0.25834638234678825031
                 -0.22144356156498459787
                  0.06814717523411355227
                 -0.17194794332631463396
                  0.10409843259857348707
                 -0.48304886548835690441
                  0.13328653582672000955
                  0.28851936443359565976
                 -0.30568917776738235847
                 -0.08426337726191446276
                  0.55867878462205344814
                  0.03209241901451272833
                  0.07111394387740101186
                  0.38213261266019915574
                 -0.20800705160774729530
                  0.22595539687859567124
                 -0.35900813864671254905
                 -0.32638051825202296641
                  0.07736588975276140201
                  0.31913670580808944921
                  0.20706342345585732057
                 -0.05833901785772986626
                  0.26926022147021416719
                  0.17162356527519231908
                  0.31713547256261481744
                 -0.26582685935465699689
                 -0.21855606875529581812
                 -0.29438835288192349848
                  0.45098558190077264740
                  0.07978727972711638361
                 -0.17851197593058973356
                  0.26932500727216357461
                  0.02995420159539528490
                  0.18183270395567052713
                  0.00326600849097580768
                  0.19163528134226773258
                  0.04764476304593499856
                  0.12451951199160363193
                  0.43981559601735792375
                 -0.38314985183766536725
                  0.28690466869614439371
                 -0.37907161674270906104
                 -0.19249745637787776809
                 -0.34894208918245039897
                  0.31375272260713615857
                  0.08401131473618486667
                 -0.18298513355107673406
                 -0.05608162036231610637
                 -0.43829165034070954876
                  0.27874459562849712713
                 -0.23093179242827419073
                 -0.27694746980538714753
                  0.19278619041697336867
                  0.25912923899166889763
                  0.03392352801570349546
                  0.58726040824394565298
                  0.02518647096792472201
                  0.02034925501246473076
                  0.36463250415312770114
                  0.22444605989791210909
                  0.01536220928119066617
                  0.40477981052066103196
                  0.11779371572823645054
                 -0.43059290817919204652
                  0.23785540116460543447
                  0.23914319754602400558
                 -0.12776804550203607613
                  0.09119288314944569429
                 -0.02372039496224026198
                 -0.12519633939374841258
                  0.29931284195592644526
                  0.08320603679454159629
                  0.07739341048563230796
                 -0.02337956084279591354
                 -0.21271493881643077639
                  0.14259366480826829449
                  0.02006237906847428698
                  0.18041527413972544003
                 -0.07026443695618768415
                  0.18267309873925161035
                  0.34188358690892783898
                 -0.40650612115745704545
                  0.15042244672263549443
                  0.30849623060899972193
                  0.45286485174897028738
                 -0.07372965379827924048
                  0.27728252676832693124
                 -0.26262383098926422864
                 -0.25054584251817479945
                  0.12806930189938339759
                 -0.26271764806945957504
                  0.24017189751945211551
                 -0.35732463558368804390
                 -0.23059902061116555050
                  0.11170653690873770525
                 -0.27017045685975377145
                  0.19577370958125614453
                  0.04004079554124562179
                 -0.08011389960472584115
                  0.29812012839964463495
                  0.29208045454079184511
                  0.24653425841229811843
                 -0.03862169799509088119
                 -0.20493637869867650791
                  0.26594424217109524644
                  0.34554315078432829011
                 -0.02388497518317327095
                 -0.08885162823256818887
                 -0.11169317655119588573
                  0.35701383781660500638
                 -0.25116792538434318249
                  0.02797961834502281711
                  0.13441521900812350432
                  0.28729123674791917642
                  0.51715098303440543148
                 -0.06914868821663339160
                 -0.01762877919402384974
                 -0.40768344042790433113
                 -0.21152666268408501504
                 -0.20244546624260650880
                 -0.18075340697500688614
                 -0.07038095601311927796
                 -0.48177170672589197942
                  0.13812639994320397019
                 -0.39306464563276488633
                 -0.06105151154629685772
                  0.14566034597104648984
                  0.41369914894543424744
                  0.30718268201260223726
                  0.16719927436088163897
                  0.01055311017332236090
                 -0.08534915612847772393
                 -0.57708483647346164869
                 -0.35667831390084470122
                  0.25438701787501799556
                 -0.11110264214071351174
                 -0.10372166247791536620
                  0.14254662493196479378
                  0.16435673384991933421
                  0.15261239500004972203
                 -0.37900867442129371199
                 -0.22123201848690177140
                  0.10279520338757963671
                  0.28085881412482760489
                  0.43982430269523398181
                 -0.19101443499303577545
                 -0.28692784808767846094
                 -0.07938354062574845549
                  0.06708604798137052239
                 -0.01709885741002947421
                 -0.39250799583253687119
                  0.34146421688520972593
                 -0.08829034832924161080
                 -0.06346526472172739353
                  0.35080952882589910846
                 -0.39111625964523699661
                  0.16179461269600026174
                 -0.27808869214282466720
                 -0.06856792352362676979
                 -0.07532016606031380346
                  0.46872743824225127085
                  0.05146151322462173133
                 -0.01449713772443666886
                  0.68246013026824647874
                  1.42604091858485904076
                 -1.01959773003000009339
                  1.13054909877317655287
                  0.86504849596458444072
                 -0.97090490858821443254
                 -0.98556618855658906231
                  0.57174322903054231038
                  1.02821546094558491369
                 -1.04123243206120252857
                  0.64770316156933893659
                 -0.65632833888242136933
                 -0.71583617667977217369
                 -0.18133223212049648376
                  0.30677837428219445481
                  1.01437472666760486462
                  1.30659843943131614985
                 -1.03916522768893160311
                 -1.24233237737205981510
                  1.26831020621400836212
                 -0.59741271966820075345
                  0.62122607192706935653
                  0.78482892639461865336
                 -0.45885343266933104056
                 -1.25889728321497296193
                  0.40112056973616233568
                 -0.63414159178491813496
                  1.33945945628730211929
                  1.31083385695120080428
                  1.22978249629432601076
                  1.18613830336248238240
                  0.64653327809526583980
                 -0.61704678213034047651
                 -0.35995425425202071112
                  0.84985673879154655097
                  1.25259446216181635769
                 -0.65831372056719894559
                  1.01621032759437435189
                  0.57319077480127389457
                 -1.01185976579249170548
                 -0.49199655009017628782
                 -1.15345426698204622795
                  0.74245259797578411209
                  0.72138124443475659664
                 -0.67415288854544808128
                  1.22215189728609430198
                 -1.65133177580874290769
                 -0.56491705473059505849
                  1.43699279395094126066
                 -0.81035123220992066884
                 -0.65532049329429609141
                 -1.12368675175907917207
                  1.08843636199482252103
                  0.99092830405428811158
                 -0.30970053641065076189
                  0.63164084683238741480
                  1.03440618236647141615
                  0.78576280530646591682
                  1.31718186486491473097
                 -0.91817579654727821126
                 -0.93161927757659102056
                  1.08091327194997277594
                  0.85209544125021885463
                  1.08249805064773552132
                 -0.79564684725301193513
                  1.86570348231570815045
                  1.37501707418509955261
                  1.01470595496444859762
                 -0.05935946110020732386
                  1.01826845459606518673
                 -0.45801299494309011262
                 -0.95323175533196469189
                 -1.37236757060484837467
                 -0.43246141642637853097
                  0.48848757772073475580
                 -0.93340519315738268435
                 -1.33404712573571559986
                 -0.42220136865424112704
                  0.57757149088433423767
